f_hz,f_ghz,theta_deg,pol,metric,value,status,detail,source_snapshot
6240000000.0,6.24,10.0,TE,pec_locked_reflection_target_error,0.0086261739417738,ok,Locked PEC R_TE should approach -1.0.,bundle_multifreq_20260416
6240000000.0,6.24,10.0,TM,pec_locked_reflection_target_error,0.0287852221201887,ok,Locked PEC R_TM should approach +1.0.,bundle_multifreq_20260416
6240000000.0,6.24,15.0,TE,pec_locked_reflection_target_error,0.0042914557890341,ok,Locked PEC R_TE should approach -1.0.,bundle_multifreq_20260416
6240000000.0,6.24,15.0,TM,pec_locked_reflection_target_error,0.0250178581219245,ok,Locked PEC R_TM should approach +1.0.,bundle_multifreq_20260416
6240000000.0,6.24,20.0,TE,pec_locked_reflection_target_error,0.0158519900654945,ok,Locked PEC R_TE should approach -1.0.,bundle_multifreq_20260416
6240000000.0,6.24,20.0,TM,pec_locked_reflection_target_error,0.0301153292485787,ok,Locked PEC R_TM should approach +1.0.,bundle_multifreq_20260416
6240000000.0,6.24,25.0,TE,pec_locked_reflection_target_error,0.0400248397318756,ok,Locked PEC R_TE should approach -1.0.,bundle_multifreq_20260416
6240000000.0,6.24,25.0,TM,pec_locked_reflection_target_error,0.0283776586996726,ok,Locked PEC R_TM should approach +1.0.,bundle_multifreq_20260416
6240000000.0,6.24,30.0,TE,pec_locked_reflection_target_error,0.0291627017754887,ok,Locked PEC R_TE should approach -1.0.,bundle_multifreq_20260416
6240000000.0,6.24,30.0,TM,pec_locked_reflection_target_error,0.0029921722119796,ok,Locked PEC R_TM should approach +1.0.,bundle_multifreq_20260416
6240000000.0,6.24,35.0,TE,pec_locked_reflection_target_error,0.0431461868101703,ok,Locked PEC R_TE should approach -1.0.,bundle_multifreq_20260416
6240000000.0,6.24,35.0,TM,pec_locked_reflection_target_error,0.0168550502770477,ok,Locked PEC R_TM should approach +1.0.,bundle_multifreq_20260416
6240000000.0,6.24,40.0,TE,pec_locked_reflection_target_error,0.0295335161756048,ok,Locked PEC R_TE should approach -1.0.,bundle_multifreq_20260416
6240000000.0,6.24,40.0,TM,pec_locked_reflection_target_error,0.0035868277944208,ok,Locked PEC R_TM should approach +1.0.,bundle_multifreq_20260416
6240000000.0,6.24,45.0,TE,pec_locked_reflection_target_error,0.0334746399285946,ok,Locked PEC R_TE should approach -1.0.,bundle_multifreq_20260416
6240000000.0,6.24,45.0,TM,pec_locked_reflection_target_error,0.0128595024136473,ok,Locked PEC R_TM should approach +1.0.,bundle_multifreq_20260416
6240000000.0,6.24,50.0,TE,pec_locked_reflection_target_error,0.0061457372193698,ok,Locked PEC R_TE should approach -1.0.,bundle_multifreq_20260416
6240000000.0,6.24,50.0,TM,pec_locked_reflection_target_error,0.0028911915084461,ok,Locked PEC R_TM should approach +1.0.,bundle_multifreq_20260416
6240000000.0,6.24,55.0,TE,pec_locked_reflection_target_error,0.0036951322736045,ok,Locked PEC R_TE should approach -1.0.,bundle_multifreq_20260416
6240000000.0,6.24,55.0,TM,pec_locked_reflection_target_error,0.0023854009572734,ok,Locked PEC R_TM should approach +1.0.,bundle_multifreq_20260416
6240000000.0,6.24,60.0,TE,pec_locked_reflection_target_error,0.0755202549993072,ok,Locked PEC R_TE should approach -1.0.,bundle_multifreq_20260416
6240000000.0,6.24,60.0,TM,pec_locked_reflection_target_error,0.0048307559398166,ok,Locked PEC R_TM should approach +1.0.,bundle_multifreq_20260416
6240000000.0,6.24,65.0,TE,pec_locked_reflection_target_error,0.077744957255037,ok,Locked PEC R_TE should approach -1.0.,bundle_multifreq_20260416
6240000000.0,6.24,65.0,TM,pec_locked_reflection_target_error,0.0070567587415164,ok,Locked PEC R_TM should approach +1.0.,bundle_multifreq_20260416
6240000000.0,6.24,70.0,TE,pec_locked_reflection_target_error,0.1166762639001128,fail,Locked PEC R_TE should approach -1.0.,bundle_multifreq_20260416
6240000000.0,6.24,70.0,TM,pec_locked_reflection_target_error,0.0064397994759414,ok,Locked PEC R_TM should approach +1.0.,bundle_multifreq_20260416
6500000000.0,6.5,10.0,TE,pec_locked_reflection_target_error,0.030437713497994,ok,Locked PEC R_TE should approach -1.0.,bundle_multifreq_20260416
6500000000.0,6.5,10.0,TM,pec_locked_reflection_target_error,0.0218157409610223,ok,Locked PEC R_TM should approach +1.0.,bundle_multifreq_20260416
6500000000.0,6.5,15.0,TE,pec_locked_reflection_target_error,0.006508907001937,ok,Locked PEC R_TE should approach -1.0.,bundle_multifreq_20260416
6500000000.0,6.5,15.0,TM,pec_locked_reflection_target_error,0.0293386526595159,ok,Locked PEC R_TM should approach +1.0.,bundle_multifreq_20260416
6500000000.0,6.5,20.0,TE,pec_locked_reflection_target_error,0.0122186708875084,ok,Locked PEC R_TE should approach -1.0.,bundle_multifreq_20260416
6500000000.0,6.5,20.0,TM,pec_locked_reflection_target_error,0.0148855350789938,ok,Locked PEC R_TM should approach +1.0.,bundle_multifreq_20260416
6500000000.0,6.5,25.0,TE,pec_locked_reflection_target_error,0.0105089427953926,ok,Locked PEC R_TE should approach -1.0.,bundle_multifreq_20260416
6500000000.0,6.5,25.0,TM,pec_locked_reflection_target_error,0.0095519282130149,ok,Locked PEC R_TM should approach +1.0.,bundle_multifreq_20260416
6500000000.0,6.5,30.0,TE,pec_locked_reflection_target_error,0.0226321446311466,ok,Locked PEC R_TE should approach -1.0.,bundle_multifreq_20260416
6500000000.0,6.5,30.0,TM,pec_locked_reflection_target_error,0.0240822489688496,ok,Locked PEC R_TM should approach +1.0.,bundle_multifreq_20260416
6500000000.0,6.5,35.0,TE,pec_locked_reflection_target_error,0.0084434061637663,ok,Locked PEC R_TE should approach -1.0.,bundle_multifreq_20260416
6500000000.0,6.5,35.0,TM,pec_locked_reflection_target_error,0.0092828343694351,ok,Locked PEC R_TM should approach +1.0.,bundle_multifreq_20260416
6500000000.0,6.5,40.0,TE,pec_locked_reflection_target_error,0.0336866132651201,ok,Locked PEC R_TE should approach -1.0.,bundle_multifreq_20260416
6500000000.0,6.5,40.0,TM,pec_locked_reflection_target_error,0.0127524757963638,ok,Locked PEC R_TM should approach +1.0.,bundle_multifreq_20260416
6500000000.0,6.5,45.0,TE,pec_locked_reflection_target_error,0.0125613752000253,ok,Locked PEC R_TE should approach -1.0.,bundle_multifreq_20260416
6500000000.0,6.5,45.0,TM,pec_locked_reflection_target_error,0.0136373275448399,ok,Locked PEC R_TM should approach +1.0.,bundle_multifreq_20260416
6500000000.0,6.5,50.0,TE,pec_locked_reflection_target_error,0.0002525044197554,ok,Locked PEC R_TE should approach -1.0.,bundle_multifreq_20260416
6500000000.0,6.5,50.0,TM,pec_locked_reflection_target_error,0.0014233350455332,ok,Locked PEC R_TM should approach +1.0.,bundle_multifreq_20260416
6500000000.0,6.5,55.0,TE,pec_locked_reflection_target_error,0.0462921749072193,ok,Locked PEC R_TE should approach -1.0.,bundle_multifreq_20260416
6500000000.0,6.5,55.0,TM,pec_locked_reflection_target_error,0.0009096284614664,ok,Locked PEC R_TM should approach +1.0.,bundle_multifreq_20260416
6500000000.0,6.5,60.0,TE,pec_locked_reflection_target_error,0.0126531159492188,ok,Locked PEC R_TE should approach -1.0.,bundle_multifreq_20260416
6500000000.0,6.5,60.0,TM,pec_locked_reflection_target_error,0.0001520087482167,ok,Locked PEC R_TM should approach +1.0.,bundle_multifreq_20260416
6500000000.0,6.5,65.0,TE,pec_locked_reflection_target_error,0.0129478810052197,ok,Locked PEC R_TE should approach -1.0.,bundle_multifreq_20260416
6500000000.0,6.5,65.0,TM,pec_locked_reflection_target_error,0.0007363440316652,ok,Locked PEC R_TM should approach +1.0.,bundle_multifreq_20260416
6500000000.0,6.5,70.0,TE,pec_locked_reflection_target_error,0.0796025363507433,ok,Locked PEC R_TE should approach -1.0.,bundle_multifreq_20260416
6500000000.0,6.5,70.0,TM,pec_locked_reflection_target_error,0.0051375500971595,ok,Locked PEC R_TM should approach +1.0.,bundle_multifreq_20260416
6740000000.0,6.74,10.0,TE,pec_locked_reflection_target_error,0.0162976984885525,ok,Locked PEC R_TE should approach -1.0.,bundle_multifreq_20260416
6740000000.0,6.74,10.0,TM,pec_locked_reflection_target_error,0.0128726117755415,ok,Locked PEC R_TM should approach +1.0.,bundle_multifreq_20260416
6740000000.0,6.74,15.0,TE,pec_locked_reflection_target_error,0.0014760452496909,ok,Locked PEC R_TE should approach -1.0.,bundle_multifreq_20260416
6740000000.0,6.74,15.0,TM,pec_locked_reflection_target_error,0.0074728815108768,ok,Locked PEC R_TM should approach +1.0.,bundle_multifreq_20260416
6740000000.0,6.74,20.0,TE,pec_locked_reflection_target_error,0.0186456065863698,ok,Locked PEC R_TE should approach -1.0.,bundle_multifreq_20260416
6740000000.0,6.74,20.0,TM,pec_locked_reflection_target_error,0.0243257684489077,ok,Locked PEC R_TM should approach +1.0.,bundle_multifreq_20260416
6740000000.0,6.74,25.0,TE,pec_locked_reflection_target_error,0.0182784036745278,ok,Locked PEC R_TE should approach -1.0.,bundle_multifreq_20260416
6740000000.0,6.74,25.0,TM,pec_locked_reflection_target_error,0.0272829326484209,ok,Locked PEC R_TM should approach +1.0.,bundle_multifreq_20260416
6740000000.0,6.74,30.0,TE,pec_locked_reflection_target_error,0.0232156626206392,ok,Locked PEC R_TE should approach -1.0.,bundle_multifreq_20260416
6740000000.0,6.74,30.0,TM,pec_locked_reflection_target_error,0.0245789619714836,ok,Locked PEC R_TM should approach +1.0.,bundle_multifreq_20260416
6740000000.0,6.74,35.0,TE,pec_locked_reflection_target_error,0.0304835622271129,ok,Locked PEC R_TE should approach -1.0.,bundle_multifreq_20260416
6740000000.0,6.74,35.0,TM,pec_locked_reflection_target_error,0.0134508650646381,ok,Locked PEC R_TM should approach +1.0.,bundle_multifreq_20260416
6740000000.0,6.74,40.0,TE,pec_locked_reflection_target_error,0.0313976998478666,ok,Locked PEC R_TE should approach -1.0.,bundle_multifreq_20260416
6740000000.0,6.74,40.0,TM,pec_locked_reflection_target_error,0.0042833642005439,ok,Locked PEC R_TM should approach +1.0.,bundle_multifreq_20260416
6740000000.0,6.74,45.0,TE,pec_locked_reflection_target_error,0.0076514010390845,ok,Locked PEC R_TE should approach -1.0.,bundle_multifreq_20260416
6740000000.0,6.74,45.0,TM,pec_locked_reflection_target_error,0.0053888128379209,ok,Locked PEC R_TM should approach +1.0.,bundle_multifreq_20260416
6740000000.0,6.74,50.0,TE,pec_locked_reflection_target_error,0.020750061088042,ok,Locked PEC R_TE should approach -1.0.,bundle_multifreq_20260416
6740000000.0,6.74,50.0,TM,pec_locked_reflection_target_error,0.001715229446318,ok,Locked PEC R_TM should approach +1.0.,bundle_multifreq_20260416
6740000000.0,6.74,55.0,TE,pec_locked_reflection_target_error,0.0485784011320131,ok,Locked PEC R_TE should approach -1.0.,bundle_multifreq_20260416
6740000000.0,6.74,55.0,TM,pec_locked_reflection_target_error,0.00664043357172,ok,Locked PEC R_TM should approach +1.0.,bundle_multifreq_20260416
6740000000.0,6.74,60.0,TE,pec_locked_reflection_target_error,0.0675029859726996,ok,Locked PEC R_TE should approach -1.0.,bundle_multifreq_20260416
6740000000.0,6.74,60.0,TM,pec_locked_reflection_target_error,0.0055800511399705,ok,Locked PEC R_TM should approach +1.0.,bundle_multifreq_20260416
6740000000.0,6.74,65.0,TE,pec_locked_reflection_target_error,0.0784029556932721,ok,Locked PEC R_TE should approach -1.0.,bundle_multifreq_20260416
6740000000.0,6.74,65.0,TM,pec_locked_reflection_target_error,0.0061214321704048,ok,Locked PEC R_TM should approach +1.0.,bundle_multifreq_20260416
6740000000.0,6.74,70.0,TE,pec_locked_reflection_target_error,0.0137480985931566,ok,Locked PEC R_TE should approach -1.0.,bundle_multifreq_20260416
6740000000.0,6.74,70.0,TM,pec_locked_reflection_target_error,0.0003820947045323,ok,Locked PEC R_TM should approach +1.0.,bundle_multifreq_20260416
6500000000.0,6.5,10.0,TE,pec_locked_reflection_target_error,0.030481888194099,ok,Locked PEC R_TE should approach -1.0.,bundle_singlefreq_6p5ghz
6500000000.0,6.5,10.0,TM,pec_locked_reflection_target_error,0.0218800960188092,ok,Locked PEC R_TM should approach +1.0.,bundle_singlefreq_6p5ghz
6500000000.0,6.5,15.0,TE,pec_locked_reflection_target_error,0.0065583021298987,ok,Locked PEC R_TE should approach -1.0.,bundle_singlefreq_6p5ghz
6500000000.0,6.5,15.0,TM,pec_locked_reflection_target_error,0.0293921982381988,ok,Locked PEC R_TM should approach +1.0.,bundle_singlefreq_6p5ghz
6500000000.0,6.5,20.0,TE,pec_locked_reflection_target_error,0.0121769566371714,ok,Locked PEC R_TE should approach -1.0.,bundle_singlefreq_6p5ghz
6500000000.0,6.5,20.0,TM,pec_locked_reflection_target_error,0.0149336328824851,ok,Locked PEC R_TM should approach +1.0.,bundle_singlefreq_6p5ghz
6500000000.0,6.5,25.0,TE,pec_locked_reflection_target_error,0.0104721840609642,ok,Locked PEC R_TE should approach -1.0.,bundle_singlefreq_6p5ghz
6500000000.0,6.5,25.0,TM,pec_locked_reflection_target_error,0.0095327280421626,ok,Locked PEC R_TM should approach +1.0.,bundle_singlefreq_6p5ghz
6500000000.0,6.5,30.0,TE,pec_locked_reflection_target_error,0.0226626460895713,ok,Locked PEC R_TE should approach -1.0.,bundle_singlefreq_6p5ghz
6500000000.0,6.5,30.0,TM,pec_locked_reflection_target_error,0.0240668644446513,ok,Locked PEC R_TM should approach +1.0.,bundle_singlefreq_6p5ghz
6500000000.0,6.5,35.0,TE,pec_locked_reflection_target_error,0.0084317311412589,ok,Locked PEC R_TE should approach -1.0.,bundle_singlefreq_6p5ghz
6500000000.0,6.5,35.0,TM,pec_locked_reflection_target_error,0.0092972445220398,ok,Locked PEC R_TM should approach +1.0.,bundle_singlefreq_6p5ghz
6500000000.0,6.5,40.0,TE,pec_locked_reflection_target_error,0.0337148589431874,ok,Locked PEC R_TE should approach -1.0.,bundle_singlefreq_6p5ghz
6500000000.0,6.5,40.0,TM,pec_locked_reflection_target_error,0.0127519435816481,ok,Locked PEC R_TM should approach +1.0.,bundle_singlefreq_6p5ghz
6500000000.0,6.5,45.0,TE,pec_locked_reflection_target_error,0.0125413848417805,ok,Locked PEC R_TE should approach -1.0.,bundle_singlefreq_6p5ghz
6500000000.0,6.5,45.0,TM,pec_locked_reflection_target_error,0.0136297235568316,ok,Locked PEC R_TM should approach +1.0.,bundle_singlefreq_6p5ghz
6500000000.0,6.5,50.0,TE,pec_locked_reflection_target_error,0.00022827057894,ok,Locked PEC R_TE should approach -1.0.,bundle_singlefreq_6p5ghz
6500000000.0,6.5,50.0,TM,pec_locked_reflection_target_error,0.0013894874995648,ok,Locked PEC R_TM should approach +1.0.,bundle_singlefreq_6p5ghz
6500000000.0,6.5,55.0,TE,pec_locked_reflection_target_error,0.0462910345811178,ok,Locked PEC R_TE should approach -1.0.,bundle_singlefreq_6p5ghz
6500000000.0,6.5,55.0,TM,pec_locked_reflection_target_error,0.0008586036505044,ok,Locked PEC R_TM should approach +1.0.,bundle_singlefreq_6p5ghz
6500000000.0,6.5,60.0,TE,pec_locked_reflection_target_error,0.012670760399068,ok,Locked PEC R_TE should approach -1.0.,bundle_singlefreq_6p5ghz
6500000000.0,6.5,60.0,TM,pec_locked_reflection_target_error,0.000213581677152,ok,Locked PEC R_TM should approach +1.0.,bundle_singlefreq_6p5ghz
6500000000.0,6.5,65.0,TE,pec_locked_reflection_target_error,0.0129589054740446,ok,Locked PEC R_TE should approach -1.0.,bundle_singlefreq_6p5ghz
6500000000.0,6.5,65.0,TM,pec_locked_reflection_target_error,0.00083312814658,ok,Locked PEC R_TM should approach +1.0.,bundle_singlefreq_6p5ghz
6500000000.0,6.5,70.0,TE,pec_locked_reflection_target_error,0.0795589391227622,ok,Locked PEC R_TE should approach -1.0.,bundle_singlefreq_6p5ghz
6500000000.0,6.5,70.0,TM,pec_locked_reflection_target_error,0.0051362311183189,ok,Locked PEC R_TM should approach +1.0.,bundle_singlefreq_6p5ghz
