material,theta_deg,series_id,series_label,method_family,normalization_scope,directly_comparable_to_ideal,residual_mag
concrete,20.0,ideal_gamma_x,Ideal residual (Gamma_X),ideal,absolute_interface_truth,True,0.0298214555483079
concrete,20.0,patch_raw,Patch residual raw,patch_raw,patch_stage_absolute_like,True,0.1209396434479761
concrete,20.0,patch_eff,Patch residual corrected,patch_eff,patch_stage_absolute_like,True,0.078581156843791
concrete,20.0,patch_metal_floor,Patch residual metal-floor,patch_metal_floor,metal_normalized_diagnostic,False,0.4527763422342832
concrete,25.0,ideal_gamma_x,Ideal residual (Gamma_X),ideal,absolute_interface_truth,True,0.0350617383153366
concrete,25.0,patch_raw,Patch residual raw,patch_raw,patch_stage_absolute_like,True,0.144673805272731
concrete,25.0,patch_eff,Patch residual corrected,patch_eff,patch_stage_absolute_like,True,0.0656404800358238
concrete,25.0,patch_metal_floor,Patch residual metal-floor,patch_metal_floor,metal_normalized_diagnostic,False,0.4902146988080995
concrete,30.0,ideal_gamma_x,Ideal residual (Gamma_X),ideal,absolute_interface_truth,True,0.0367010964136493
concrete,30.0,patch_raw,Patch residual raw,patch_raw,patch_stage_absolute_like,True,0.1686557039713827
concrete,30.0,patch_eff,Patch residual corrected,patch_eff,patch_stage_absolute_like,True,0.043991661639422
concrete,30.0,patch_metal_floor,Patch residual metal-floor,patch_metal_floor,metal_normalized_diagnostic,False,0.5348824234699548
concrete,35.0,ideal_gamma_x,Ideal residual (Gamma_X),ideal,absolute_interface_truth,True,0.0718692012340339
concrete,35.0,patch_raw,Patch residual raw,patch_raw,patch_stage_absolute_like,True,0.1667198854136386
concrete,35.0,patch_eff,Patch residual corrected,patch_eff,patch_stage_absolute_like,True,0.0279892460630622
concrete,35.0,patch_metal_floor,Patch residual metal-floor,patch_metal_floor,metal_normalized_diagnostic,False,0.5921074764774514
concrete,40.0,ideal_gamma_x,Ideal residual (Gamma_X),ideal,absolute_interface_truth,True,0.0890121395064678
concrete,40.0,patch_raw,Patch residual raw,patch_raw,patch_stage_absolute_like,True,0.1943657414262745
concrete,40.0,patch_eff,Patch residual corrected,patch_eff,patch_stage_absolute_like,True,0.0334108718780953
concrete,40.0,patch_metal_floor,Patch residual metal-floor,patch_metal_floor,metal_normalized_diagnostic,False,0.6895201086603805
concrete,45.0,ideal_gamma_x,Ideal residual (Gamma_X),ideal,absolute_interface_truth,True,0.1390440168720759
concrete,45.0,patch_raw,Patch residual raw,patch_raw,patch_stage_absolute_like,True,0.2047457527166243
concrete,45.0,patch_eff,Patch residual corrected,patch_eff,patch_stage_absolute_like,True,0.0549708536466748
concrete,45.0,patch_metal_floor,Patch residual metal-floor,patch_metal_floor,metal_normalized_diagnostic,False,0.777939309574043
concrete,50.0,ideal_gamma_x,Ideal residual (Gamma_X),ideal,absolute_interface_truth,True,0.1679339473427754
concrete,50.0,patch_raw,Patch residual raw,patch_raw,patch_stage_absolute_like,True,0.2326945843382531
concrete,50.0,patch_eff,Patch residual corrected,patch_eff,patch_stage_absolute_like,True,0.0832079271582963
concrete,50.0,patch_metal_floor,Patch residual metal-floor,patch_metal_floor,metal_normalized_diagnostic,False,0.969950014550186
concrete,55.0,ideal_gamma_x,Ideal residual (Gamma_X),ideal,absolute_interface_truth,True,0.1754560624150127
concrete,55.0,patch_raw,Patch residual raw,patch_raw,patch_stage_absolute_like,True,0.2506421226727904
concrete,55.0,patch_eff,Patch residual corrected,patch_eff,patch_stage_absolute_like,True,0.1209207817375696
concrete,55.0,patch_metal_floor,Patch residual metal-floor,patch_metal_floor,metal_normalized_diagnostic,False,1.145869295876628
glass,20.0,ideal_gamma_x,Ideal residual (Gamma_X),ideal,absolute_interface_truth,True,0.0345795811283431
glass,20.0,patch_raw,Patch residual raw,patch_raw,patch_stage_absolute_like,True,0.1312014171314794
glass,20.0,patch_eff,Patch residual corrected,patch_eff,patch_stage_absolute_like,True,0.1027210430443334
glass,20.0,patch_metal_floor,Patch residual metal-floor,patch_metal_floor,metal_normalized_diagnostic,False,0.4914500541008083
glass,25.0,ideal_gamma_x,Ideal residual (Gamma_X),ideal,absolute_interface_truth,True,0.0484347263718421
glass,25.0,patch_raw,Patch residual raw,patch_raw,patch_stage_absolute_like,True,0.1615018626890175
glass,25.0,patch_eff,Patch residual corrected,patch_eff,patch_stage_absolute_like,True,0.10934988653578
glass,25.0,patch_metal_floor,Patch residual metal-floor,patch_metal_floor,metal_normalized_diagnostic,False,0.5411997020105359
glass,30.0,ideal_gamma_x,Ideal residual (Gamma_X),ideal,absolute_interface_truth,True,0.0383551467879026
glass,30.0,patch_raw,Patch residual raw,patch_raw,patch_stage_absolute_like,True,0.1896237625233374
glass,30.0,patch_eff,Patch residual corrected,patch_eff,patch_stage_absolute_like,True,0.172560821076662
glass,30.0,patch_metal_floor,Patch residual metal-floor,patch_metal_floor,metal_normalized_diagnostic,False,0.6011071126589301
glass,35.0,ideal_gamma_x,Ideal residual (Gamma_X),ideal,absolute_interface_truth,True,0.0818005559337042
glass,35.0,patch_raw,Patch residual raw,patch_raw,patch_stage_absolute_like,True,0.193162172150367
glass,35.0,patch_eff,Patch residual corrected,patch_eff,patch_stage_absolute_like,True,0.2178800375810756
glass,35.0,patch_metal_floor,Patch residual metal-floor,patch_metal_floor,metal_normalized_diagnostic,False,0.6884123175593364
glass,40.0,ideal_gamma_x,Ideal residual (Gamma_X),ideal,absolute_interface_truth,True,0.0902949016959289
glass,40.0,patch_raw,Patch residual raw,patch_raw,patch_stage_absolute_like,True,0.2245113048201447
glass,40.0,patch_eff,Patch residual corrected,patch_eff,patch_stage_absolute_like,True,0.2149185207917507
glass,40.0,patch_metal_floor,Patch residual metal-floor,patch_metal_floor,metal_normalized_diagnostic,False,0.7953588546333327
glass,45.0,ideal_gamma_x,Ideal residual (Gamma_X),ideal,absolute_interface_truth,True,0.1473713979419592
glass,45.0,patch_raw,Patch residual raw,patch_raw,patch_stage_absolute_like,True,0.2352152029975298
glass,45.0,patch_eff,Patch residual corrected,patch_eff,patch_stage_absolute_like,True,0.1634196122436495
glass,45.0,patch_metal_floor,Patch residual metal-floor,patch_metal_floor,metal_normalized_diagnostic,False,0.8915540196174735
glass,50.0,ideal_gamma_x,Ideal residual (Gamma_X),ideal,absolute_interface_truth,True,0.1724087748506612
glass,50.0,patch_raw,Patch residual raw,patch_raw,patch_stage_absolute_like,True,0.2516139704454451
glass,50.0,patch_eff,Patch residual corrected,patch_eff,patch_stage_absolute_like,True,0.2668038788722057
glass,50.0,patch_metal_floor,Patch residual metal-floor,patch_metal_floor,metal_normalized_diagnostic,False,1.0525515484462264
glass,55.0,ideal_gamma_x,Ideal residual (Gamma_X),ideal,absolute_interface_truth,True,0.2176624475392341
glass,55.0,patch_raw,Patch residual raw,patch_raw,patch_stage_absolute_like,True,0.2578333983137328
glass,55.0,patch_eff,Patch residual corrected,patch_eff,patch_stage_absolute_like,True,0.1667463622159058
glass,55.0,patch_metal_floor,Patch residual metal-floor,patch_metal_floor,metal_normalized_diagnostic,False,1.173392199214072
glass,60.0,ideal_gamma_x,Ideal residual (Gamma_X),ideal,absolute_interface_truth,True,0.264492507268833
glass,60.0,patch_raw,Patch residual raw,patch_raw,patch_stage_absolute_like,True,0.2940884545709019
glass,60.0,patch_eff,Patch residual corrected,patch_eff,patch_stage_absolute_like,True,0.2827622707371315
glass,60.0,patch_metal_floor,Patch residual metal-floor,patch_metal_floor,metal_normalized_diagnostic,False,1.5408897537407886
wood,20.0,ideal_gamma_x,Ideal residual (Gamma_X),ideal,absolute_interface_truth,True,0.0146823452746066
wood,20.0,patch_raw,Patch residual raw,patch_raw,patch_stage_absolute_like,True,0.0456777241438795
wood,20.0,patch_eff,Patch residual corrected,patch_eff,patch_stage_absolute_like,True,0.0438128385147251
wood,20.0,patch_metal_floor,Patch residual metal-floor,patch_metal_floor,metal_normalized_diagnostic,False,0.170743162952203
wood,25.0,ideal_gamma_x,Ideal residual (Gamma_X),ideal,absolute_interface_truth,True,0.0228383757231157
wood,25.0,patch_raw,Patch residual raw,patch_raw,patch_stage_absolute_like,True,0.0657948881141005
wood,25.0,patch_eff,Patch residual corrected,patch_eff,patch_stage_absolute_like,True,0.0460622408460323
wood,25.0,patch_metal_floor,Patch residual metal-floor,patch_metal_floor,metal_normalized_diagnostic,False,0.2203539230826974
wood,30.0,ideal_gamma_x,Ideal residual (Gamma_X),ideal,absolute_interface_truth,True,0.0353580732790502
wood,30.0,patch_raw,Patch residual raw,patch_raw,patch_stage_absolute_like,True,0.095327292074514
wood,30.0,patch_eff,Patch residual corrected,patch_eff,patch_stage_absolute_like,True,0.0414412843068989
wood,30.0,patch_metal_floor,Patch residual metal-floor,patch_metal_floor,metal_normalized_diagnostic,False,0.3023063440761009
wood,35.0,ideal_gamma_x,Ideal residual (Gamma_X),ideal,absolute_interface_truth,True,0.0671206300927292
wood,35.0,patch_raw,Patch residual raw,patch_raw,patch_stage_absolute_like,True,0.1067832442302419
wood,35.0,patch_eff,Patch residual corrected,patch_eff,patch_stage_absolute_like,True,0.0302335902015456
wood,35.0,patch_metal_floor,Patch residual metal-floor,patch_metal_floor,metal_normalized_diagnostic,False,0.3799920815187333
wood,40.0,ideal_gamma_x,Ideal residual (Gamma_X),ideal,absolute_interface_truth,True,0.0911287578124849
wood,40.0,patch_raw,Patch residual raw,patch_raw,patch_stage_absolute_like,True,0.1376300920381835
wood,40.0,patch_eff,Patch residual corrected,patch_eff,patch_stage_absolute_like,True,0.1893063253427066
wood,40.0,patch_metal_floor,Patch residual metal-floor,patch_metal_floor,metal_normalized_diagnostic,False,0.4893107651219109
wood,45.0,ideal_gamma_x,Ideal residual (Gamma_X),ideal,absolute_interface_truth,True,0.1200574253173564
wood,45.0,patch_raw,Patch residual raw,patch_raw,patch_stage_absolute_like,True,0.1339495611910521
wood,45.0,patch_eff,Patch residual corrected,patch_eff,patch_stage_absolute_like,True,0.1064052576033414
wood,45.0,patch_metal_floor,Patch residual metal-floor,patch_metal_floor,metal_normalized_diagnostic,False,0.5069482332854967
