material,theta_deg,freq_start_ghz,freq_stop_ghz,freq_center_ghz,n_freq,gamma_hat_x_metal_floor_real,gamma_hat_x_metal_floor_imag,gamma_hat_x_metal_floor_mag,gamma_hat_c_metal_floor_real,gamma_hat_c_metal_floor_imag,gamma_hat_c_metal_floor_mag,note,R_TE_mag,R_TM_mag,use_for_main_claim_TE,use_for_main_claim_TM,B_mag,ideal_residual_mag,cp_use_for_main_claim,use_for_main_claim,G_supp_ideal_db,G_patch_metal_floor_db,Delta_G_ideal_minus_metal_floor_db,metal_floor_gt_ideal_residual,negative_delta_rows
concrete,20.0,6.24,6.74,6.489999999999999,501,0.3933803369617623,-0.020631640472136472,0.3939773820839144,0.4511188699523572,-0.037211626543930974,0.45277634223428326,Metal-floor CP ratio against metal plate using LoS-subtracted M2 responses.,0.4175901108139075,0.3579818194700598,True,True,0.4175901108139075,0.0299425322093546,True,True,22.889233598871336,-0.7026704269692512,23.591904025840588,True,False
concrete,25.0,6.24,6.74,6.489999999999999,501,0.39585359792848235,-0.019023667320670512,0.39639218765344736,0.48831573857592625,-0.042260836193649856,0.49021469880809954,Metal-floor CP ratio against metal plate using LoS-subtracted M2 responses.,0.4331430797024195,0.3633211259559986,True,True,0.4331430797024195,0.0363045862797611,True,True,21.533397762276778,-1.0750989817318135,22.60849674400859,True,False
concrete,30.0,6.24,6.74,6.489999999999999,501,0.3997905662859759,-0.015959217647881378,0.4001802356014403,0.5327730747110829,-0.04659798727446839,0.5348824234699548,Metal-floor CP ratio against metal plate using LoS-subtracted M2 responses.,0.4330983018538038,0.3596961221261221,True,True,0.4330983018538038,0.0368170583840347,True,True,21.410747893629974,-1.8334369215513837,23.24418481518136,True,False
concrete,35.0,6.24,6.74,6.489999999999999,501,0.40327364022850737,-0.011005254839983125,0.40353074040573034,0.5888694257266291,-0.061198439673729225,0.5921074764774514,Metal-floor CP ratio against metal plate using LoS-subtracted M2 responses.,0.4755852233488534,0.3329903176792275,True,True,0.4755852233488534,0.0721330676845982,True,True,16.381879002234015,-1.9034438495787889,18.285322851812804,True,False
concrete,40.0,6.24,6.74,6.489999999999999,501,0.40350244733700746,-0.004442060616354588,0.4036108872497301,0.6842974843820159,-0.08167206655533252,0.6895201086603805,Metal-floor CP ratio against metal plate using LoS-subtracted M2 responses.,0.4771709815540915,0.2991731925074519,True,True,0.4771709815540915,0.0891683021913119,True,True,14.569270545757965,-3.197458226342679,17.76672877210064,True,False
concrete,45.0,6.24,6.74,6.489999999999999,501,0.4037938447879295,0.0034182195514513257,0.4038891322166707,0.7692196448614833,-0.11578967023406715,0.777939309574043,Metal-floor CP ratio against metal plate using LoS-subtracted M2 responses.,0.534407699310507,0.2563207908879613,True,True,0.534407699310507,0.1391098164658888,True,True,11.690298576853863,-3.261460212761908,14.95175878961577,True,False
concrete,50.0,6.24,6.74,6.489999999999999,501,0.39772132475805144,0.011871756151246674,0.39794892450700275,0.9490938931038115,-0.19729807746325223,0.9699500145501861,Metal-floor CP ratio against metal plate using LoS-subtracted M2 responses.,0.5538722925967425,0.2181758326887198,True,True,0.5538722925967425,0.168330671745863,True,True,10.344927672358988,-4.866794274727165,15.211721947086154,True,False
concrete,55.0,6.24,6.74,6.489999999999999,501,0.38958749268817927,0.021427904176801148,0.3902101831678344,1.0961568131115644,-0.3324608541431761,1.145869295876628,Metal-floor CP ratio against metal plate using LoS-subtracted M2 responses.,0.5422841214347708,0.1945454668526257,True,True,0.5422841214347708,0.1760666249967502,True,True,9.770996974472773,-6.498163887220715,16.269160861693486,True,False
glass,20.0,6.24,6.74,6.489999999999999,501,0.417925208588226,-0.03682275686600262,0.4326544713162823,0.4725947231060773,-0.058175296105360916,0.49145005410080833,Metal-floor CP ratio against metal plate using LoS-subtracted M2 responses.,0.47810443050184,0.4124885450022005,True,True,0.47810443050184,0.0353123568146561,True,True,22.63192128115839,-0.23913237949566316,22.871053660654056,True,False
glass,25.0,6.24,6.74,6.489999999999999,501,0.4332927487336332,-0.03770457079679401,0.4528608286978757,0.5181347848914379,-0.06584095804630159,0.5411997020105359,Metal-floor CP ratio against metal plate using LoS-subtracted M2 responses.,0.54474312325267,0.447878798037595,True,True,0.54474312325267,0.0492357796014188,True,True,20.878218750876933,0.05668415383652716,20.821534597040404,True,False
glass,30.0,6.24,6.74,6.489999999999999,501,0.45184569535164026,-0.03385896438005068,0.4682739609230117,0.5835837687711352,-0.06898730761705708,0.6011071126589301,Metal-floor CP ratio against metal plate using LoS-subtracted M2 responses.,0.5771382407821318,0.5005539908155412,True,True,0.5771382407821318,0.0387914198443113,True,True,23.4508835073802,-0.353440310319425,23.804323817699625,True,False
glass,35.0,6.24,6.74,6.489999999999999,501,0.472215070343068,-0.014681772969525686,0.4908628028966833,0.665756137759924,-0.07748102337971996,0.6884123175593364,Metal-floor CP ratio against metal plate using LoS-subtracted M2 responses.,0.6566304288927852,0.4979334507971402,True,True,0.6566304288927852,0.082506344640938,True,True,18.016673158381135,-0.4105525588043637,18.4272257171855,True,False
glass,40.0,6.24,6.74,6.489999999999999,501,0.48067729299774264,0.0061305280944620455,0.5022382983999724,0.768323073940711,-0.07868756296397664,0.7953588546333327,Metal-floor CP ratio against metal plate using LoS-subtracted M2 responses.,0.6518532588210412,0.4715241663866339,True,True,0.6518532588210412,0.0907922944473431,True,True,17.12201699163751,-1.7282655868121406,18.85028257844965,True,False
glass,45.0,6.24,6.74,6.489999999999999,501,0.4784181291844337,0.03987162122590822,0.4953780671040279,0.8714823841020375,-0.06958357892689429,0.8915540196174735,Metal-floor CP ratio against metal plate using LoS-subtracted M2 responses.,0.7169364881352692,0.4247735424871209,True,True,0.7169364881352692,0.1484559847777511,True,True,13.677659478956155,-1.8933395646107731,15.570999043566928,True,False
glass,50.0,6.24,6.74,6.489999999999999,501,0.4577831803793613,0.05676556010343994,0.4743734771151867,1.024198131541939,-0.13757275607787348,1.0525515484462264,Metal-floor CP ratio against metal plate using LoS-subtracted M2 responses.,0.7085195743713462,0.3674386755044301,True,True,0.7085195743713462,0.1743224936329064,True,True,12.179968466502022,-3.4378304285257784,15.6177988950278,True,False
glass,55.0,6.24,6.74,6.489999999999999,501,0.42615094084121247,0.07383139061070892,0.44169070581752806,1.1359529257645145,-0.22900253815184435,1.173392199214072,Metal-floor CP ratio against metal plate using LoS-subtracted M2 responses.,0.683581065896279,0.2496823257652791,True,True,0.683581065896279,0.2172958913687793,True,True,9.954770203894222,-4.693063434415939,14.64783363831016,True,False
glass,60.0,6.24,6.74,6.489999999999999,501,0.4010487786571101,0.07697982193954386,0.4153354825298235,1.44912648731946,-0.45329333095707286,1.5408897537407886,Metal-floor CP ratio against metal plate using LoS-subtracted M2 responses.,0.6774328685370107,0.1528967235224484,True,True,0.6774328685370107,0.2661154772845818,True,True,8.115922611941711,-7.138106056736043,15.254028668677755,True,False
wood,20.0,6.24,6.74,6.489999999999999,501,0.12936984819497294,-0.023158977965048334,0.1366374648075196,0.1606636100139859,-0.03460019015698619,0.170743162952203,Metal-floor CP ratio against metal plate using LoS-subtracted M2 responses.,0.129373516705269,0.1000193271918137,True,True,0.129373516705269,0.0146779076212513,True,True,18.903624670205993,-2.409958774978914,21.313583445184907,True,False
wood,25.0,6.24,6.74,6.489999999999999,501,0.14770201935902164,-0.04549293825980345,0.15653333470809827,0.20111566905583178,-0.08218108396886194,0.22035392308269747,Metal-floor CP ratio against metal plate using LoS-subtracted M2 responses.,0.1741114397471961,0.1287870714332088,True,True,0.1741114397471961,0.0232886432698549,True,True,17.473662365057475,-2.0458696027353485,19.519531967792823,True,False
wood,30.0,6.24,6.74,6.489999999999999,501,0.18585137450773645,-0.04656093994047576,0.1931843575300855,0.28598081546804205,-0.08953989791970891,0.3023063440761009,Metal-floor CP ratio against metal plate using LoS-subtracted M2 responses.,0.2265300669423684,0.1558221237123833,True,True,0.2265300669423684,0.0354070969791667,True,True,16.120710656546454,-2.5064281574227945,18.627138813969246,True,False
wood,35.0,6.24,6.74,6.489999999999999,501,0.21207331626064416,-0.029446278474215652,0.21637958009675926,0.3644290858194083,-0.09765091995408419,0.37999208151873337,Metal-floor CP ratio against metal plate using LoS-subtracted M2 responses.,0.2907357395413363,0.156829203214389,True,True,0.2907357395413363,0.0672002918976537,True,True,12.72254524941146,-2.325522493502951,15.048067742914412,True,False
wood,40.0,6.24,6.74,6.489999999999999,501,0.21944723156022017,0.017543593250253474,0.22300557784826688,0.48032974919206306,-0.044176030328723366,0.4893107651219109,Metal-floor CP ratio against metal plate using LoS-subtracted M2 responses.,0.3085528778657093,0.1263447745297397,True,True,0.3085528778657093,0.0912003629571632,True,True,10.586660693935723,-4.005103383451429,14.591764077387152,True,False
wood,45.0,6.24,6.74,6.489999999999999,501,0.193609039289967,0.04587926339748514,0.1998706523678914,0.506157258400669,0.00014359545079468858,0.5069482332854967,Metal-floor CP ratio against metal plate using LoS-subtracted M2 responses.,0.3115577080577515,0.0715598288250701,True,True,0.3115577080577515,0.120131359508785,True,True,8.277642167772154,-4.228502270812561,12.506144438584714,True,False
