material,theta_deg,B_mag,gamma_x_ideal_mag,gamma_c_patch_raw_mag,gamma_c_patch_eff_mag,gamma_hat_c_metal_floor_mag,G_ideal_db,G_patch_raw_db,G_patch_eff_db,G_patch_metal_floor_db,Delta_ideal_minus_raw_db,Delta_ideal_minus_eff_db,Delta_G_ideal_minus_metal_floor_db,delta_raw_negative,delta_eff_negative,delta_metal_floor_negative,headline_use_primary,headline_note
concrete,20.0,0.4175901108139075,0.0298214555483079,0.1209396434479761,0.078581156843791,0.4527763422342832,22.92442736668508,10.763630429029092,14.508635745856552,-0.7026704269692512,12.160796937655988,8.415791620828527,23.62709779365433,False,False,False,True,Raw patch residual is the current paper-safe primary series because same-angle ideal>=raw holds on all locked oblique rows.
concrete,25.0,0.4331430797024195,0.0350617383153366,0.144673805272731,0.0656404800358238,0.4902146988080995,21.83595872100936,9.52482950966824,16.389192633250257,-1.0750989817318135,12.311129211341118,5.4467660877591015,22.91105770274117,False,False,False,True,Raw patch residual is the current paper-safe primary series because same-angle ideal>=raw holds on all locked oblique rows.
concrete,30.0,0.4330983018538038,0.0367010964136493,0.1686557039713827,0.043991661639422,0.5348824234699548,21.43814884554638,8.191708943850509,19.8643222914696,-1.833436921551384,13.24643990169587,1.5738265540767813,23.271585767097765,False,False,False,True,Raw patch residual is the current paper-safe primary series because same-angle ideal>=raw holds on all locked oblique rows.
concrete,35.0,0.4755852233488534,0.0718692012340339,0.1667198854136386,0.0279892460630622,0.5921074764774514,16.413710687263993,9.104818985958389,24.60474304497122,-1.9034438495787889,7.3088917013056065,-8.191032357707225,18.317154536842786,False,True,False,True,Raw patch residual is the current paper-safe primary series because same-angle ideal>=raw holds on all locked oblique rows.
concrete,40.0,0.4771709815540915,0.0890121395064678,0.1943657414262745,0.0334108718780953,0.6895201086603805,14.584495698199111,7.801086109890001,23.095724316952072,-3.197458226342679,6.783409588309111,-8.51122861875296,17.781953924541792,False,True,False,True,Raw patch residual is the current paper-safe primary series because same-angle ideal>=raw holds on all locked oblique rows.
concrete,45.0,0.534407699310507,0.1390440168720759,0.2047457527166243,0.0549708536466748,0.777939309574043,11.694408015245497,8.333156100635572,19.754804505249066,-3.261460212761908,3.361251914609925,-8.06039649000357,14.955868228007404,False,True,False,True,Raw patch residual is the current paper-safe primary series because same-angle ideal>=raw holds on all locked oblique rows.
concrete,50.0,0.5538722925967425,0.1679339473427754,0.2326945843382531,0.0832079271582963,0.969950014550186,10.365422876345054,7.532467287705266,16.464898739504072,-4.866794274727165,2.832955588639788,-6.099475863159018,15.23221715107222,False,True,False,True,Raw patch residual is the current paper-safe primary series because same-angle ideal>=raw holds on all locked oblique rows.
concrete,55.0,0.5422841214347708,0.1754560624150127,0.2506421226727904,0.1209207817375696,1.145869295876628,9.80117018789593,6.703456563745124,13.034518838321386,-6.498163887220715,3.097713624150807,-3.233348650425455,16.299334075116647,False,True,False,True,Raw patch residual is the current paper-safe primary series because same-angle ideal>=raw holds on all locked oblique rows.
glass,20.0,0.47810443050184,0.0345795811283431,0.1312014171314794,0.1027210430443334,0.4914500541008083,22.814060799852555,11.23168484551135,13.35726695203465,-0.2391323794956631,11.582375954341206,9.456793847817906,23.05319317934822,False,False,False,True,Raw patch residual is the current paper-safe primary series because same-angle ideal>=raw holds on all locked oblique rows.
glass,25.0,0.54474312325267,0.0484347263718421,0.1615018626890175,0.10934988653578,0.5411997020105359,21.020698118471373,10.560284416799895,13.94746839504188,0.0566841538365271,10.460413701671476,7.073229723429492,20.964013964634844,False,False,False,True,Raw patch residual is the current paper-safe primary series because same-angle ideal>=raw holds on all locked oblique rows.
glass,30.0,0.5771382407821318,0.0383551467879026,0.1896237625233374,0.172560821076662,0.6011071126589301,23.549124043075263,9.66774183397104,10.486753055227354,-0.353440310319425,13.881382209104224,13.06237098784791,23.902564353394688,False,False,False,True,Raw patch residual is the current paper-safe primary series because same-angle ideal>=raw holds on all locked oblique rows.
glass,35.0,0.6566304288927852,0.0818005559337042,0.193162172150367,0.2178800375810756,0.6884123175593364,18.09129498501625,10.627978479946483,9.582071259558615,-0.4105525588043637,7.463316505069768,8.509223725457634,18.501847543820617,False,False,False,True,Raw patch residual is the current paper-safe primary series because same-angle ideal>=raw holds on all locked oblique rows.
glass,40.0,0.6518532588210412,0.0902949016959289,0.2245113048201447,0.2149185207917507,0.7953588546333327,17.169732230508874,9.258232542376415,9.637519964639996,-1.7282655868121406,7.911499688132459,7.532212265868877,18.897997817321013,False,False,False,True,Raw patch residual is the current paper-safe primary series because same-angle ideal>=raw holds on all locked oblique rows.
glass,45.0,0.7169364881352692,0.1473713979419592,0.2352152029975298,0.1634196122436495,0.8915540196174735,13.741349619346332,9.680305909476644,12.843530169411345,-1.893339564610773,4.061043709869688,0.8978194499349872,15.634689183957104,False,False,False,True,Raw patch residual is the current paper-safe primary series because same-angle ideal>=raw holds on all locked oblique rows.
glass,50.0,0.7085195743713462,0.1724087748506612,0.2516139704454451,0.2668038788722057,1.0525515484462264,12.275849746575725,8.992342042928366,8.483194277504458,-3.4378304285257784,3.283507703647359,3.792655469071267,15.713680175101503,False,False,False,True,Raw patch residual is the current paper-safe primary series because same-angle ideal>=raw holds on all locked oblique rows.
glass,55.0,0.683581065896279,0.2176624475392341,0.2578333983137328,0.1667463622159058,1.173392199214072,9.940130331926476,8.469017043661845,12.254673138933269,-4.693063434415939,1.4711132882646307,-2.3145428070067915,14.633193766342416,False,True,False,True,Raw patch residual is the current paper-safe primary series because same-angle ideal>=raw holds on all locked oblique rows.
glass,60.0,0.6774328685370107,0.264492507268833,0.2940884545709019,0.2827622707371315,1.5408897537407886,8.169057818403964,7.247765786185337,7.5888960767226274,-7.138106056736043,0.9212920322186272,0.5801617416813363,15.307163875140006,False,False,False,True,Raw patch residual is the current paper-safe primary series because same-angle ideal>=raw holds on all locked oblique rows.
wood,20.0,0.129373516705269,0.0146823452746066,0.0456777241438795,0.0438128385147251,0.170743162952203,18.90099901383128,9.04281852300577,9.404879854054066,-2.409958774978914,9.85818049082551,9.496119159777216,21.310957788810192,False,False,False,True,Raw patch residual is the current paper-safe primary series because same-angle ideal>=raw holds on all locked oblique rows.
wood,25.0,0.1741114397471961,0.0228383757231157,0.0657948881141005,0.0460622408460323,0.2203539230826974,17.643241866696037,8.452703080628638,11.549644899340576,-2.0458696027353485,9.1905387860674,6.093596967355461,19.689111469431385,False,False,False,True,Raw patch residual is the current paper-safe primary series because same-angle ideal>=raw holds on all locked oblique rows.
wood,30.0,0.2265300669423684,0.0353580732790502,0.095327292074514,0.0414412843068989,0.3023063440761009,16.1327452355753,7.518171939296571,14.753852943206862,-2.5064281574227945,8.614573296278728,1.3788922923684377,18.639173392998096,False,False,False,True,Raw patch residual is the current paper-safe primary series because same-angle ideal>=raw holds on all locked oblique rows.
wood,35.0,0.2907357395413363,0.0671206300927292,0.1067832442302419,0.0302335902015456,0.3799920815187333,12.73284794413415,8.699906215031245,19.660173995952505,-2.325522493502951,4.032941729102905,-6.927326051818355,15.058370437637102,False,True,False,True,Raw patch residual is the current paper-safe primary series because same-angle ideal>=raw holds on all locked oblique rows.
wood,40.0,0.3085528778657093,0.0911287578124849,0.1376300920381835,0.1893063253427066,0.4893107651219109,10.593483020655048,7.0123240223936,4.243289520411672,-4.005103383451429,3.581158998261448,6.3501935002433765,14.598586404106475,False,False,False,True,Raw patch residual is the current paper-safe primary series because same-angle ideal>=raw holds on all locked oblique rows.
wood,45.0,0.3115577080577515,0.1200574253173564,0.1339495611910521,0.1064052576033414,0.5069482332854967,8.282989496940548,7.331944102137408,9.331508257379484,-4.228502270812561,0.95104539480314,-1.0485187604389343,12.511491767753109,False,True,False,True,Raw patch residual is the current paper-safe primary series because same-angle ideal>=raw holds on all locked oblique rows.
