case,material,theta_deg,f_hz,use_for_main_claim,truth_region,truth_region_TE,truth_region_TM,dphi_raw_deg,dphi_locked_deg,delta_te_phase_deg,delta_tm_phase_deg,delta_dphi_deg,abs_delta_dphi_deg
pec,pec,10.0,6500000000.0,True,main,main,main,-178.33251668040717,180.0,-108.03033414181273,-106.3628508222199,-1.6674833195928613,1.6674833195928613
pec,pec,15.0,6500000000.0,True,main,main,main,179.37180730278655,180.0,120.19052152237322,119.5623288251598,0.62819269721345,0.62819269721345
pec,pec,20.0,6500000000.0,True,main,main,main,-179.44887397610313,180.0,-59.291488117895426,-58.74036209399853,-0.5511260238968134,0.5511260238968134
pec,pec,25.0,6500000000.0,True,main,main,main,178.06019313035054,180.0,78.47802979955225,76.53822292990276,1.939806869649459,1.939806869649459
pec,pec,30.0,6500000000.0,True,main,main,main,179.14589383267318,-180.0,-178.51688985486632,-179.37099602219314,0.8541061673267905,0.8541061673267905
pec,pec,35.0,6500000000.0,True,main,main,main,-179.4526189943855,-180.0,-105.45491664120013,-104.9075356355856,-0.5473810056145112,0.5473810056145112
pec,pec,40.0,6500000000.0,True,main,main,main,178.79941058759533,-180.0,-43.82648249250866,-45.027071904913356,1.2005894124046677,1.2005894124046677
pec,pec,45.0,6500000000.0,True,main,main,main,178.5472668193763,-180.0,2.605701857351704,1.152968676727994,1.4527331806236816,1.4527331806236816
pec,pec,50.0,6500000000.0,True,main,main,main,177.56954744756004,180.0,50.82160725123882,48.39115469879886,2.4304525524399594,2.4304525524399594
pec,pec,55.0,6500000000.0,True,main,main,main,-178.51854998161687,180.0,103.73575990291397,105.21720992129707,-1.481450018383157,1.481450018383157
pec,pec,60.0,6500000000.0,True,main,main,main,176.10439616628676,180.0,-174.81908042865436,-178.7146842623676,3.8956038337132384,3.8956038337132384
pec,pec,65.0,6500000000.0,False,mixed,caution,main,175.15781486650081,180.0,-70.75907849819964,-75.60126363169884,4.842185133499186,4.842185133499186
pec,pec,70.0,6500000000.0,False,mixed,exclude,main,-175.79236309806228,180.0,57.58009800071741,61.78773490265513,-4.20763690193769,4.20763690193769
slab_concrete,concrete,10.0,6500000000.0,True,main,main,main,-177.00430409469732,-178.67178741429018,-108.03033414181273,-106.36285082221987,-1.6674833195928613,1.6674833195928613
slab_concrete,concrete,15.0,6500000000.0,True,main,main,main,178.7159749666556,179.34416766386906,120.19052152237322,119.5623288251598,0.62819269721345,0.62819269721345
slab_concrete,concrete,20.0,6500000000.0,True,main,main,main,-179.1477738700833,-179.6988998939802,-59.29148811789541,-58.74036209399853,-0.5511260238968987,0.5511260238968987
slab_concrete,concrete,25.0,6500000000.0,True,main,main,main,177.12197035922134,179.0617772288708,78.47802979955225,76.53822292990282,1.939806869649459,1.939806869649459
slab_concrete,concrete,30.0,6500000000.0,True,main,main,main,179.15225973993427,-179.99363409273892,-178.51688985486632,-179.37099602219314,0.8541061673267905,0.8541061673267905
slab_concrete,concrete,35.0,6500000000.0,True,main,main,main,-176.8471645435185,-177.39454554913297,-105.45491664120011,-104.9075356355856,-0.5473810056144828,0.5473810056144828
slab_concrete,concrete,40.0,6500000000.0,True,main,main,main,178.33371230140807,179.53430171381277,-43.82648249250866,-45.02707190491333,1.200589412404696,1.200589412404696
slab_concrete,concrete,45.0,6500000000.0,True,main,main,main,178.66973929100945,-179.87752752836687,2.605701857351704,1.152968676727994,1.4527331806236816,1.4527331806236816
slab_concrete,concrete,50.0,6500000000.0,True,main,main,main,175.80096620198572,178.23141875442568,50.821607251238845,48.391154698798886,2.4304525524399594,2.4304525524399594
slab_concrete,concrete,55.0,6500000000.0,True,main,main,main,-170.2051830638388,-171.6866330822219,103.73575990291397,105.21720992129707,-1.4814500183831,1.4814500183831
slab_concrete,concrete,60.0,6500000000.0,True,main,main,main,167.19613390318602,171.09173773689923,-174.81908042865436,-178.7146842623676,3.89560383371321,3.89560383371321
slab_concrete,concrete,65.0,6500000000.0,False,mixed,caution,main,144.9711555231506,149.81334065664973,-70.75907849819964,-75.60126363169874,4.842185133499129,4.842185133499129
slab_concrete,concrete,70.0,6500000000.0,False,mixed,exclude,main,-54.36904406980024,-58.57668097173796,57.580098000717385,61.78773490265513,-4.207636901937718,4.207636901937718
slab_glass,glass,10.0,6500000000.0,True,main,main,main,-178.20981874000887,-179.8773020596017,-108.03033414181274,-106.36285082221991,-1.667483319592833,1.667483319592833
slab_glass,glass,15.0,6500000000.0,True,main,main,main,-178.98845129651238,-178.36025859929893,120.19052152237322,119.5623288251598,0.62819269721345,0.62819269721345
slab_glass,glass,20.0,6500000000.0,True,main,main,main,-176.62915118451872,-177.1802772084156,-59.29148811789541,-58.74036209399853,-0.5511260238968703,0.5511260238968703
slab_glass,glass,25.0,6500000000.0,True,main,main,main,177.94458102878332,179.88438789843272,78.47802979955225,76.53822292990276,1.9398068696494022,1.9398068696494022
slab_glass,glass,30.0,6500000000.0,True,main,main,main,178.6773154851267,179.53142165245353,-178.51688985486632,-179.37099602219314,0.8541061673268189,0.8541061673268189
slab_glass,glass,35.0,6500000000.0,True,main,main,main,-175.46811729994184,-176.01549830555635,-105.45491664120011,-104.9075356355856,-0.5473810056145112,0.5473810056145112
slab_glass,glass,40.0,6500000000.0,True,main,main,main,177.79690748332106,178.99749689572576,-43.82648249250866,-45.02707190491333,1.200589412404696,1.200589412404696
slab_glass,glass,45.0,6500000000.0,True,main,main,main,174.50639570275382,175.95912888337756,2.605701857351704,1.152968676727994,1.4527331806237385,1.4527331806237385
slab_glass,glass,50.0,6500000000.0,True,main,main,main,171.8822787179851,174.31273127042505,50.82160725123882,48.39115469879886,2.4304525524399594,2.4304525524399594
slab_glass,glass,55.0,6500000000.0,True,main,main,main,176.59701477171433,175.1155647533312,103.73575990291397,105.21720992129707,-1.4814500183831285,1.4814500183831285
slab_glass,glass,60.0,6500000000.0,True,main,main,main,163.89317381801638,167.78877765172965,-174.81908042865436,-178.7146842623676,3.895603833713267,3.895603833713267
slab_glass,glass,65.0,6500000000.0,False,mixed,caution,main,132.51008746210607,137.35227259560534,-70.75907849819966,-75.60126363169893,4.842185133499271,4.842185133499271
slab_glass,glass,70.0,6500000000.0,False,mixed,exclude,main,-128.32837087703982,-132.53600777897753,57.580098000717385,61.7877349026551,-4.207636901937718,4.207636901937718
slab_wood,wood,10.0,6500000000.0,True,main,main,main,-174.97439396312885,-176.64187728272168,-108.03033414181274,-106.3628508222199,-1.667483319592833,1.667483319592833
slab_wood,wood,15.0,6500000000.0,True,main,main,main,175.753317332257,176.38151002947055,120.19052152237327,119.56232882515974,0.6281926972135352,0.6281926972135352
slab_wood,wood,20.0,6500000000.0,True,main,main,main,-179.8443897321661,179.60448424393704,-59.29148811789538,-58.7403620939985,-0.5511260238968134,0.5511260238968134
slab_wood,wood,25.0,6500000000.0,True,main,main,main,175.89333912657824,177.83314599622764,78.47802979955219,76.53822292990282,1.9398068696494022,1.9398068696494022
slab_wood,wood,30.0,6500000000.0,True,main,main,main,178.81741871381047,179.6715248811373,-178.5168898548663,-179.3709960221931,0.8541061673268189,0.8541061673268189
slab_wood,wood,35.0,6500000000.0,True,main,main,main,-176.9103234757454,-177.4577044813599,-105.45491664120011,-104.9075356355856,-0.5473810056145112,0.5473810056145112
slab_wood,wood,40.0,6500000000.0,True,main,main,main,177.56791369946305,178.76850311186774,-43.82648249250866,-45.027071904913356,1.200589412404696,1.200589412404696
slab_wood,wood,45.0,6500000000.0,True,main,main,main,175.67135354095058,177.12408672157426,2.605701857351704,1.1529686767280225,1.4527331806236816,1.4527331806236816
slab_wood,wood,50.0,6500000000.0,True,main,main,main,147.82705281652812,150.25750536896822,50.82160725123882,48.39115469879869,2.4304525524401015,2.4304525524401015
slab_wood,wood,55.0,6500000000.0,True,main,main,main,-168.23732931758707,-169.7187793359703,103.73575990291397,105.21720992129724,-1.4814500183832422,1.4814500183832422
slab_wood,wood,60.0,6500000000.0,True,main,main,main,14.439182846854214,18.33478668056737,-174.8190804286544,-178.71468426236754,3.895603833713153,3.895603833713153
slab_wood,wood,65.0,6500000000.0,False,mixed,caution,main,10.907057328400086,15.749242461899287,-70.75907849819964,-75.60126363169884,4.842185133499214,4.842185133499214
slab_wood,wood,70.0,6500000000.0,False,mixed,exclude,main,-10.753027137367093,-14.960664039304772,57.58009800071741,61.787734902655075,-4.20763690193769,4.20763690193769
