material,theta_deg,R_TE_mag,R_TM_mag,use_for_main_claim_TE,use_for_main_claim_TM,B_mag,ideal_same_mag,ideal_flip_mag,cp_use_for_main_claim,gamma_hat_x_cp_sys_mag,gamma_hat_c_cp_eff_mag,xpd_eff_db,reciprocity_dev_db,leakage_lr_rr_db,leakage_rl_ll_db,port_asym_db,use_for_main_claim_candidate,r_hat_yy_sys_mag,r_hat_zz_sys_mag,gamma_x_from_lp_mag,gamma_c_from_lp_mag,leakage_yz_db,leakage_zy_db,leakage_max_db,lp_use_for_main_claim_candidate,ideal_small_branch_mag,ideal_small_branch_label,ideal_large_branch_mag,ideal_large_branch_label,patch_small_branch_mag,patch_small_branch_label,patch_large_branch_mag,patch_large_branch_label,G_ideal_from_gamma_x_db,G_ideal_from_gamma_c_db,G_patch_from_gamma_hat_x_db,G_patch_from_gamma_hat_c_eff_db,G_supp_ideal_db,G_supp_patch_db,Delta_G_db,use_for_main_claim,stage4_note
concrete,10.0,0.3701649034176183,0.3652117846503849,True,True,0.3701649034176183,0.0099248888094617,0.3675627133795902,True,0.4450075052959906,0.1808198363156121,7.822425277770923,0.0865564659925824,-4.097665479582383,-12.286799654417388,-0.0883551051652412,True,0.5559533966423928,0.423829631968267,0.0874147411850879,0.4865350785289302,-17.281448186720354,-19.106142538356583,-17.281448186720354,True,0.0099248888094617,ideal_same_mag,0.3675627133795902,ideal_flip_mag,0.1808198363156121,gamma_hat_c_cp_eff_mag,0.4450075052959906,gamma_hat_x_cp_sys_mag,31.433391789429926,0.0612758115926609,-1.5994419242550477,6.222983353515877,31.433391789429926,6.222983353515877,25.210408435914047,True,Main-claim row retained after ideal and patch joins.
concrete,15.0,0.3935360625785249,0.3570270080071237,True,True,0.3935360625785249,0.0187314760751662,0.3752580316291834,True,0.4277322992243884,0.1312969394002077,10.258348873398656,0.0745081536596365,-4.745421094624114,-11.383124288553049,-0.0781122162442507,True,0.5218308971250555,0.415026319247554,0.0797010189285909,0.4646767698658864,-18.09258569460083,-20.39189951626524,-18.09258569460083,True,0.0187314760751662,ideal_same_mag,0.3752580316291834,ideal_flip_mag,0.1312969394002077,gamma_hat_c_cp_eff_mag,0.4277322992243884,gamma_hat_x_cp_sys_mag,26.448250683027126,0.41309079780202546,-0.7237502031870614,9.534598670211597,26.448250683027126,9.534598670211597,16.91365201281553,True,Main-claim row retained after ideal and patch joins.
concrete,20.0,0.4175901108139075,0.3579818194700598,True,True,0.4175901108139075,0.0299425322093546,0.3877753043003445,True,0.3581666142002739,0.078581156843791,13.17533366876562,0.0728534116604077,-5.377652061120118,-10.864648739238447,-0.0680163491820544,True,0.418476690892729,0.3606774156309841,0.0551506607813703,0.3867337916414993,-20.290292487337616,-22.85023658331671,-20.290292487337616,True,0.0299425322093546,ideal_same_mag,0.3877753043003445,ideal_flip_mag,0.078581156843791,gamma_hat_c_cp_eff_mag,0.3581666142002739,gamma_hat_x_cp_sys_mag,22.889233598871336,0.6434011604385197,1.3333020770909323,14.508635745856553,22.889233598871336,14.508635745856553,8.380597853014782,True,Main-claim row retained after ideal and patch joins.
concrete,25.0,0.4331430797024195,0.3633211259559986,True,True,0.4331430797024195,0.0363045862797611,0.3981074742391441,True,0.397500353463618,0.0656404800358238,15.64331541479433,0.0550682019354992,-5.982318171274156,-10.649905287341287,-0.0587283673909105,True,0.4511330324747081,0.4081557272148974,0.0509481270774314,0.4271545079763139,-19.93271435657605,-22.7298709243765,-19.93271435657605,True,0.0363045862797611,ideal_same_mag,0.3981074742391441,ideal_flip_mag,0.0656404800358238,gamma_hat_c_cp_eff_mag,0.397500353463618,gamma_hat_x_cp_sys_mag,21.533397762276778,0.7326209761386527,0.7458772184559239,16.389192633250257,21.533397762276778,16.389192633250257,5.1442051290265205,True,Main-claim row retained after ideal and patch joins.
concrete,30.0,0.4330983018538038,0.3596961221261221,True,True,0.4330983018538038,0.0368170583840347,0.3963864577436469,True,0.4288091856561488,0.043991661639422,19.77787427238774,0.044695845909854,-6.55466939636316,-10.668445187391828,-0.05083767822587,True,0.4544941943178621,0.4547569837206422,0.0550778552307902,0.4512782020174834,-20.701186818214627,-23.490276757087894,-20.701186818214627,True,0.0368170583840347,ideal_same_mag,0.3963864577436469,ideal_flip_mag,0.043991661639422,gamma_hat_c_cp_eff_mag,0.4288091856561488,gamma_hat_x_cp_sys_mag,21.410747893629974,0.7693534437343946,0.08644801908184625,19.8643222914696,21.410747893629974,19.8643222914696,1.546425602160376,True,Main-claim row retained after ideal and patch joins.
concrete,35.0,0.4755852233488534,0.3329903176792275,True,True,0.4755852233488534,0.0721330676845982,0.4041395163979329,True,0.3769174207147922,0.0279892460630622,22.58510020710044,0.0445637167142722,-7.097074277561276,-10.876352144563349,-0.0446471126957706,True,0.3631647699303582,0.4259070652345009,0.0487412807887855,0.3927622413409775,-22.871232096452395,-25.85421246782596,-22.871232096452395,True,0.0721330676845982,ideal_same_mag,0.4041395163979329,ideal_flip_mag,0.0279892460630622,gamma_hat_c_cp_eff_mag,0.3769174207147922,gamma_hat_x_cp_sys_mag,16.381879002234015,1.4139406997048274,2.0196428378707765,24.60474304497122,16.381879002234015,24.60474304497122,-8.222864042737204,True,Main-claim row retained after ideal and patch joins.
concrete,40.0,0.4771709815540915,0.2991731925074519,True,True,0.4771709815540915,0.0891683021913119,0.3881332068510975,True,0.4195680082846811,0.0334108718780953,21.978291144170484,0.0319061248027675,-7.619167713712169,-11.252199379560814,-0.0400654298135515,True,0.3739926446823323,0.4906915912812075,0.0690024115698849,0.430768146338881,-23.18965933348077,-26.334797967983157,-23.18965933348077,True,0.0891683021913119,ideal_same_mag,0.3881332068510975,ideal_flip_mag,0.0334108718780953,gamma_hat_c_cp_eff_mag,0.4195680082846811,gamma_hat_x_cp_sys_mag,14.569270545757965,1.7938644860806228,1.1174331727815865,23.095724316952072,14.569270545757965,23.095724316952072,-8.526453771194108,True,Main-claim row retained after ideal and patch joins.
concrete,45.0,0.534407699310507,0.2563207908879613,True,True,0.534407699310507,0.1391098164658888,0.3953409002680046,True,0.3899263727340747,0.0549708536466748,17.01700257097581,0.0345126063625687,-8.13701919977971,-11.790501944124532,-0.0365954333237364,True,0.2964963525367886,0.4922169160932875,0.1022157099856451,0.3932539738397187,-25.294457593586596,-29.09056151525003,-25.294457593586596,True,0.1391098164658888,ideal_same_mag,0.3953409002680046,ideal_flip_mag,0.0549708536466748,gamma_hat_c_cp_eff_mag,0.3899263727340747,gamma_hat_x_cp_sys_mag,11.690298576853863,2.618019191365195,2.7378019342732514,19.754804505249066,11.690298576853863,19.754804505249066,-8.064505928395203,True,Main-claim row retained after ideal and patch joins.
concrete,50.0,0.5538722925967425,0.2181758326887198,True,True,0.5538722925967425,0.168330671745863,0.3858139320805826,True,0.4086358950770521,0.0832079271582963,13.823436195034716,0.0223622876863195,-8.670860956007344,-12.494426489393902,-0.0334389670723413,True,0.2682867297888431,0.5475845451957507,0.1408519049693455,0.407521864498714,-25.43024437115242,-29.82458549729438,-25.43024437115242,True,0.168330671745863,ideal_same_mag,0.3858139320805826,ideal_flip_mag,0.0832079271582963,gamma_hat_c_cp_eff_mag,0.4086358950770521,gamma_hat_x_cp_sys_mag,10.344927672358988,3.140634676146152,2.641462544469349,16.464898739504072,10.344927672358988,16.464898739504072,-6.119971067145084,True,Main-claim row retained after ideal and patch joins.
concrete,55.0,0.5422841214347708,0.1945454668526257,True,True,0.5422841214347708,0.1760666249967502,0.3673697688689794,True,0.3760306163708141,0.1209207817375696,9.85444520803416,0.0099334686235823,-9.24204574989665,-13.365924082903485,-0.0297203271034412,True,0.1830186399608204,0.5574450236097248,0.1873906000186515,0.3701424714228001,-25.907690482025146,-30.367278521163456,-25.907690482025146,True,0.1760666249967502,ideal_same_mag,0.3673697688689794,ideal_flip_mag,0.1209207817375696,gamma_hat_c_cp_eff_mag,0.3760306163708141,gamma_hat_x_cp_sys_mag,9.770996974472773,3.3824694613003627,3.1800736302872283,13.034518838321386,9.770996974472773,13.034518838321386,-3.263521863848613,True,Main-claim row retained after ideal and patch joins.
glass,10.0,0.3328017824363862,0.3427386907771292,True,True,0.3427386907771292,0.0072471539531147,0.3377290290066994,True,0.4906360878404475,0.200324170296296,7.7805227225641875,0.0900614874525936,-4.097665479582383,-12.286799654417388,-0.0883551051652412,True,0.6143880847151505,0.466539732700105,0.0969413417461157,0.5368126907099182,-16.41061075862982,-18.23316861821342,-16.41061075862982,True,0.0072471539531147,ideal_same_mag,0.3377290290066994,ideal_flip_mag,0.200324170296296,gamma_hat_c_cp_eff_mag,0.4906360878404475,gamma_hat_x_cp_sys_mag,33.495912923980526,0.1278948410583915,-3.1159271067918777,4.664595615772311,33.495912923980526,4.664595615772311,28.831317308208217,True,Main-claim row retained after ideal and patch joins.
glass,15.0,0.4009488464101425,0.3549882231753216,True,True,0.4009488464101425,0.0232203670932291,0.3779538630143284,True,0.4678557101706338,0.1450930500416419,10.16930648350247,0.0694289522811225,-4.745421094624114,-11.383124288553049,-0.0781122162442507,True,0.5728274774915094,0.4519367674068222,0.0895801681968358,0.5081019141939485,-17.2971507662895,-19.5833245541752,-17.2971507662895,True,0.0232203670932291,ideal_same_mag,0.3779538630143284,ideal_flip_mag,0.1450930500416419,gamma_hat_c_cp_eff_mag,0.4678557101706338,gamma_hat_x_cp_sys_mag,24.74439774039478,0.5130035943914762,-1.340459322356754,8.828847161145717,24.74439774039478,8.828847161145717,15.915550579249064,True,Main-claim row retained after ideal and patch joins.
glass,20.0,0.47810443050184,0.4124885450022005,True,True,0.47810443050184,0.0353123568146561,0.445104887153528,True,0.3933502522935989,0.1027210430443334,11.66240024848326,0.0800057608814308,-5.377652061120118,-10.864648739238447,-0.0680163491820544,True,0.4621453247526197,0.3941236411303482,0.0627394980052062,0.4248748043361364,-19.444294182613845,-21.98015101986418,-19.444294182613845,True,0.0353123568146561,ideal_same_mag,0.445104887153528,ideal_flip_mag,0.1027210430443334,gamma_hat_c_cp_eff_mag,0.3933502522935989,gamma_hat_x_cp_sys_mag,22.63192128115839,0.6212081094308591,1.6948667035513858,13.35726695203465,22.63192128115839,13.35726695203465,9.274654329123742,True,Main-claim row retained after ideal and patch joins.
glass,25.0,0.54474312325267,0.447878798037595,True,True,0.54474312325267,0.0492357796014188,0.4962318833351779,True,0.4609640903891519,0.10934988653578,12.496975158990162,0.0475358559201389,-5.982318171274156,-10.649905287341287,-0.0587283673909105,True,0.5340098484216171,0.465882661553165,0.0651873309921446,0.4968465115947466,-18.445179233587677,-21.267189508748977,-18.445179233587677,True,0.0492357796014188,ideal_same_mag,0.4962318833351779,ideal_flip_mag,0.10934988653578,gamma_hat_c_cp_eff_mag,0.4609640903891519,gamma_hat_x_cp_sys_mag,20.878218750876933,0.8101418371142854,1.4504932360517167,13.94746839504188,20.878218750876933,13.94746839504188,6.930750355835052,True,Main-claim row retained after ideal and patch joins.
glass,30.0,0.5771382407821318,0.5005539908155412,True,True,0.5771382407821318,0.0387914198443113,0.5388104018053957,True,0.500571581462582,0.172560821076662,9.25047983151915,0.0243933838291178,-6.55466939636316,-10.668445187391828,-0.05083767822587,True,0.5446967916938631,0.5225173517170443,0.0659760807522034,0.5295737278158614,-19.03813834544906,-21.88635580637911,-19.03813834544906,True,0.0387914198443113,ideal_same_mag,0.5388104018053957,ideal_flip_mag,0.172560821076662,gamma_hat_c_cp_eff_mag,0.500571581462582,gamma_hat_x_cp_sys_mag,23.4508835073802,0.5968776014280024,1.2362732237082,10.486753055227354,23.4508835073802,10.486753055227354,12.964130452152848,True,Main-claim row retained after ideal and patch joins.
glass,35.0,0.6566304288927852,0.4979334507971402,True,True,0.6566304288927852,0.082506344640938,0.576839079708827,True,0.4563300789687054,0.2178800375810756,6.421233093987972,0.0358016223801732,-7.097074277561276,-10.876352144563349,-0.0446471126957706,True,0.4540803233053345,0.5056339790300901,0.0558105072131624,0.4773300365136794,-20.98385680933516,-23.853455116260545,-20.98385680933516,True,0.082506344640938,ideal_same_mag,0.576839079708827,ideal_flip_mag,0.2178800375810756,gamma_hat_c_cp_eff_mag,0.4563300789687054,gamma_hat_x_cp_sys_mag,18.016673158381135,1.1253265837313373,3.1608381655706417,9.582071259558617,18.016673158381135,9.582071259558617,8.434601898822518,True,Main-claim row retained after ideal and patch joins.
glass,40.0,0.6518532588210412,0.4715241663866339,True,True,0.6518532588210412,0.0907922944473431,0.5615875840241642,True,0.5236626680337939,0.2149185207917507,7.735555425893612,0.0040374377500759,-7.619167713712169,-11.252199379560814,-0.0400654298135515,True,0.4965382959485618,0.5912658512557419,0.075718221217755,0.5404553102437072,-21.07987257083608,-23.941294445083532,-21.07987257083608,True,0.0907922944473431,ideal_same_mag,0.5615875840241642,ideal_flip_mag,0.2149185207917507,gamma_hat_c_cp_eff_mag,0.5236626680337939,gamma_hat_x_cp_sys_mag,17.12201699163751,1.2946468701079417,1.9019645387463837,9.637519964639997,17.12201699163751,9.637519964639997,7.484497026997511,True,Main-claim row retained after ideal and patch joins.
glass,45.0,0.7169364881352692,0.4247735424871209,True,True,0.7169364881352692,0.1484559847777511,0.5702421115561912,True,0.4788531684774409,0.1634196122436495,9.337963794433026,0.0451046750326057,-8.13701919977971,-11.790501944124532,-0.0365954333237364,True,0.3896597320914502,0.5854334622558671,0.1075552371025192,0.4854834221370545,-23.481389329976952,-26.90066875609613,-23.481389329976952,True,0.1484559847777511,ideal_same_mag,0.5702421115561912,ideal_flip_mag,0.1634196122436495,gamma_hat_c_cp_eff_mag,0.4788531684774409,gamma_hat_x_cp_sys_mag,13.677659478956155,1.9884279595587606,3.5055663749783172,12.843530169411345,13.677659478956155,12.843530169411345,0.8341293095448101,True,Main-claim row retained after ideal and patch joins.
glass,50.0,0.7085195743713462,0.3674386755044301,True,True,0.7085195743713462,0.1743224936329064,0.5367655465615384,True,0.4852858203478523,0.2668038788722057,5.19610925167712,0.023596047327071,-8.670860956007344,-12.494426489393902,-0.0334389670723413,True,0.3504932697122253,0.6226558673222417,0.1435651523678322,0.4843323803094894,-24.615256254730102,-28.295852909088637,-24.615256254730102,True,0.1743224936329064,ideal_same_mag,0.5367655465615384,ideal_flip_mag,0.2668038788722057,gamma_hat_c_cp_eff_mag,0.4852858203478523,gamma_hat_x_cp_sys_mag,12.179968466502022,2.4113444224894383,3.287085025827336,8.483194277504458,12.179968466502022,8.483194277504458,3.696774188997564,True,Main-claim row retained after ideal and patch joins.
glass,55.0,0.683581065896279,0.2496823257652791,True,True,0.683581065896279,0.2172958913687793,0.4664704324177189,True,0.4260086553128029,0.1667463622159058,8.147241096900345,-0.0142138791914597,-9.24204574989665,-13.365924082903485,-0.0297203271034412,True,0.2384983703077977,0.601754180158913,0.1849975605805742,0.4186288260292161,-26.38896482007652,-31.185333165026805,-26.38896482007652,True,0.2172958913687793,ideal_same_mag,0.4664704324177189,ideal_flip_mag,0.1667463622159058,gamma_hat_c_cp_eff_mag,0.4260086553128029,gamma_hat_x_cp_sys_mag,9.954770203894222,3.319318081642199,4.107432042032925,12.254673138933267,9.954770203894222,12.254673138933267,-2.2999029350390447,True,Main-claim row retained after ideal and patch joins.
glass,60.0,0.6774328685370107,0.1528967235224484,True,True,0.6774328685370107,0.2661154772845818,0.4127092226600837,True,0.42398546573758,0.2827622707371315,3.518590171274288,0.0539294452499587,-9.87043373423829,-14.3885923952284,-0.0247740243746014,True,0.1709528847848904,0.6527245571615481,0.2433021654759261,0.4104134408759455,-25.795630227352547,-29.830236856434876,-25.795630227352547,True,0.2661154772845818,ideal_same_mag,0.4127092226600837,ideal_flip_mag,0.2827622707371315,gamma_hat_c_cp_eff_mag,0.42398546573758,gamma_hat_x_cp_sys_mag,8.115922611941711,4.304441809202143,4.070305905448341,7.5888960767226274,8.115922611941711,7.5888960767226274,0.5270265352190835,True,Main-claim row retained after ideal and patch joins.
wood,10.0,0.113400779718325,0.104924009639587,True,True,0.113400779718325,0.0063902152893628,0.1090575878531232,True,0.1563490398649726,0.0621055876909468,8.01929085659718,0.0785794020612769,-4.097665479582383,-12.286799654417388,-0.0883551051652412,True,0.1931025345593896,0.1504543283287275,0.0296426116347673,0.1705400440539252,-26.481382915144096,-28.33084341538416,-26.481382915144096,True,0.0063902152893628,ideal_same_mag,0.1090575878531232,ideal_flip_mag,0.0621055876909468,gamma_hat_c_cp_eff_mag,0.1563490398649726,gamma_hat_x_cp_sys_mag,24.98201101376154,0.33920305982625804,-2.789583558368519,5.229707298228661,24.98201101376154,5.229707298228661,19.75230371553288,True,Main-claim row retained after ideal and patch joins.
wood,15.0,0.110170372855287,0.0963957706115268,True,True,0.110170372855287,0.0078748714993418,0.1032124712537219,True,0.1480457550948733,0.042441649375655,10.852074124315068,0.0711297127452566,-4.745421094624114,-11.383124288553049,-0.0781122162442507,True,0.1754786453011305,0.1472135812321743,0.0250334287561228,0.160016828113279,-27.591892597682477,-29.92118858128108,-27.591892597682477,True,0.0078748714993418,ideal_same_mag,0.1032124712537219,ideal_flip_mag,0.042441649375655,gamma_hat_c_cp_eff_mag,0.1480457550948733,gamma_hat_x_cp_sys_mag,22.916426869107177,0.5666528518737117,-2.5666228033992726,8.285451320915811,22.916426869107177,8.285451320915811,14.630975548191365,True,Main-claim row retained after ideal and patch joins.
wood,20.0,0.129373516705269,0.1000193271918137,True,True,0.129373516705269,0.0146779076212513,0.1146963179276379,True,0.1245294830712647,0.0438128385147251,9.073415889457785,0.0839075899512951,-5.377652061120118,-10.864648739238447,-0.0680163491820544,True,0.1396044063244004,0.1295635271905177,0.0170484805370168,0.1335964900381365,-29.835804936351863,-32.45275504022649,-29.835804936351863,True,0.0146779076212513,ideal_same_mag,0.1146963179276379,ideal_flip_mag,0.0438128385147251,gamma_hat_c_cp_eff_mag,0.1245294830712647,gamma_hat_x_cp_sys_mag,18.903624670205993,1.0459181498609187,0.33146396459628585,9.404879854054066,18.903624670205993,9.404879854054066,9.498744816151927,True,Main-claim row retained after ideal and patch joins.
wood,25.0,0.1741114397471961,0.1287870714332088,True,True,0.1741114397471961,0.0232886432698549,0.1513541895827181,True,0.1590549556806169,0.0460622408460323,10.764042863726072,0.0479221498573723,-5.982318171274156,-10.649905287341287,-0.0587283673909105,True,0.1652317256020833,0.172202420300732,0.0215057258072488,0.1673552268404759,-28.86801269822328,-31.77538195934317,-28.86801269822328,True,0.0232886432698549,ideal_same_mag,0.1513541895827181,ideal_flip_mag,0.0460622408460323,gamma_hat_c_cp_eff_mag,0.1590549556806169,gamma_hat_x_cp_sys_mag,17.473662365057475,1.216657194982711,0.7856020356145068,11.549644899340576,17.473662365057475,11.549644899340576,5.924017465716899,True,Main-claim row retained after ideal and patch joins.
wood,30.0,0.2265300669423684,0.1558221237123833,True,True,0.2265300669423684,0.0354070969791667,0.1911662632816875,True,0.2065652336221194,0.0414412843068989,13.952480447191537,0.0299663143122583,-6.55466939636316,-10.668445187391828,-0.05083767822587,True,0.196197715041162,0.2344791848829406,0.0305098378139534,0.2140254921811261,-27.75132459188214,-31.005630988879663,-27.75132459188214,True,0.0354070969791667,ideal_same_mag,0.1911662632816875,ideal_flip_mag,0.0414412843068989,gamma_hat_c_cp_eff_mag,0.2065652336221194,gamma_hat_x_cp_sys_mag,16.120710656546454,1.4742920444925598,0.8013724960153037,14.753852943206862,16.120710656546454,14.753852943206862,1.3668577133395914,True,Main-claim row retained after ideal and patch joins.
wood,35.0,0.2907357395413363,0.156829203214389,True,True,0.2907357395413363,0.0672002918976537,0.2237084159852375,True,0.2017785408808866,0.0302335902015456,16.487705100523776,0.0435424514830327,-7.097074277561276,-10.876352144563349,-0.0446471126957706,True,0.1623887341135461,0.2477675782110599,0.0474102667002035,0.2040400271193637,-29.72108234024744,-33.48775830338742,-29.72108234024744,True,0.0672002918976537,ideal_same_mag,0.2237084159852375,ideal_flip_mag,0.0302335902015456,gamma_hat_c_cp_eff_mag,0.2017785408808866,gamma_hat_x_cp_sys_mag,12.72254524941146,2.2763219852908394,3.1724688954287124,19.660173995952505,12.72254524941146,19.660173995952505,-6.937628746541044,True,Main-claim row retained after ideal and patch joins.
wood,40.0,0.3085528778657093,0.1263447745297397,True,True,0.3085528778657093,0.0912003629571632,0.2174084497934077,True,0.2314228955171055,0.1893063253427066,1.744823953721777,0.0127999339044717,-7.619167713712169,-11.252199379560814,-0.0400654298135515,True,0.1522865743946608,0.3045543655465104,0.0790028554011042,0.2274394038601743,-30.041113002761534,-34.691203099547685,-30.041113002761534,True,0.0912003629571632,ideal_same_mag,0.2174084497934077,ideal_flip_mag,0.1893063253427066,gamma_hat_c_cp_eff_mag,0.2314228955171055,gamma_hat_x_cp_sys_mag,10.586660693935723,3.0410636412652607,2.4984655666898923,4.243289520411672,10.586660693935723,4.243289520411672,6.343371173524051,True,Main-claim row retained after ideal and patch joins.
wood,45.0,0.3115577080577515,0.0715598288250701,True,True,0.3115577080577515,0.120131359508785,0.1914757523510673,True,0.1937306179464012,0.1064052576033414,5.204703525572479,-0.0368969819675027,-8.13701919977971,-11.790501944124532,-0.0365954333237364,True,0.0907135510164986,0.2807633065389135,0.0963700794537991,0.1850355788756791,-31.438475851288903,-36.77313251662908,-31.438475851288903,True,0.120131359508785,ideal_same_mag,0.1914757523510673,ideal_flip_mag,0.1064052576033414,gamma_hat_c_cp_eff_mag,0.1937306179464012,gamma_hat_x_cp_sys_mag,8.277642167772154,4.228494313940912,4.126804731807,9.331508257379483,8.277642167772154,9.331508257379483,-1.0538660896073289,True,Main-claim row retained after ideal and patch joins.
