material,theta_deg,B_mag,ideal_residual_branch_mag,gamma_hat_c_cp_raw_mag,gamma_hat_c_cp_eff_mag,G_supp_ideal_db,G_patch_raw_db,G_supp_patch_db,Delta_G_raw_db,Delta_G_db,Delta_G_raw_negative,Delta_G_eff_negative,raw_smaller_than_ideal,eff_smaller_than_ideal,raw_closer_to_ideal_than_eff
concrete,20.0,0.4175901108139075,0.0298214555483079,0.1209396434479761,0.078581156843791,22.92442736668508,10.763630429029092,14.508635745856552,12.160796937655988,8.415791620828527,False,False,False,False,False
concrete,25.0,0.4331430797024195,0.0350617383153366,0.144673805272731,0.0656404800358238,21.83595872100936,9.52482950966824,16.389192633250257,12.311129211341118,5.4467660877591015,False,False,False,False,False
concrete,30.0,0.4330983018538038,0.0367010964136493,0.1686557039713827,0.043991661639422,21.43814884554638,8.191708943850509,19.8643222914696,13.24643990169587,1.5738265540767813,False,False,False,False,False
concrete,35.0,0.4755852233488534,0.0718692012340339,0.1667198854136386,0.0279892460630622,16.413710687263993,9.104818985958387,24.60474304497122,7.3088917013056065,-8.191032357707225,False,True,False,True,False
concrete,40.0,0.4771709815540915,0.0890121395064678,0.1943657414262745,0.0334108718780953,14.584495698199111,7.801086109890001,23.095724316952072,6.783409588309111,-8.511228618752959,False,True,False,True,False
concrete,45.0,0.534407699310507,0.1390440168720759,0.2047457527166243,0.0549708536466748,11.694408015245497,8.333156100635572,19.754804505249066,3.361251914609925,-8.060396490003571,False,True,False,True,True
concrete,50.0,0.5538722925967425,0.1679339473427754,0.2326945843382531,0.0832079271582963,10.365422876345054,7.532467287705266,16.464898739504072,2.8329555886397877,-6.099475863159018,False,True,False,True,True
concrete,55.0,0.5422841214347708,0.1754560624150127,0.2506421226727904,0.1209207817375696,9.80117018789593,6.7034565637451236,13.034518838321386,3.097713624150807,-3.233348650425455,False,True,False,True,False
glass,20.0,0.47810443050184,0.0345795811283431,0.1312014171314794,0.087798882764395,22.814060799852555,11.23168484551135,14.720675573366211,11.582375954341206,8.093385226486342,False,False,False,False,False
glass,25.0,0.54474312325267,0.0484347263718421,0.1615018626890175,0.0820724541598279,21.020698118471373,10.560284416799897,16.439886728898475,10.460413701671476,4.580811389572897,False,False,False,False,False
glass,30.0,0.5771382407821318,0.0383551467879026,0.1896237625233374,0.0587953695772023,23.549124043075263,9.66774183397104,19.838734534118466,13.881382209104224,3.710389508956801,False,False,False,False,False
glass,35.0,0.6566304288927852,0.0818005559337042,0.193162172150367,0.0353585989998845,18.09129498501625,10.627978479946483,25.376519113780382,7.463316505069768,-7.285224128764135,False,True,False,True,False
glass,40.0,0.6518532588210412,0.0902949016959289,0.2245113048201447,0.034793243487723,17.169732230508874,9.258232542376415,25.45309849417218,7.911499688132459,-8.283366263663307,False,True,False,True,False
glass,45.0,0.7169364881352692,0.1473713979419592,0.2352152029975298,0.0521161570066088,13.741349619346332,9.680305909476644,22.77016600752267,4.061043709869688,-9.028816388176336,False,True,False,True,True
glass,50.0,0.7085195743713462,0.1724087748506612,0.2516139704454451,0.0753866673144487,12.275849746575725,8.992342042928366,19.461146171424375,3.283507703647359,-7.185296424848653,False,True,False,True,True
glass,55.0,0.683581065896279,0.2176624475392341,0.2578333983137328,0.1112145288124696,9.940130331926476,8.469017043661845,15.772569975172894,1.4711132882646307,-5.832439643246417,False,True,False,True,True
glass,60.0,0.6774328685370107,0.264492507268833,0.2940884545709019,0.1599021534993352,8.169057818403964,7.247765786185337,12.54023903541767,0.9212920322186271,-4.3711812170137065,False,True,False,True,True
wood,20.0,0.129373516705269,0.0146823452746066,0.0456777241438795,0.0242377573120909,18.90099901383128,9.04281852300577,14.54705901794522,9.85818049082551,4.3539399958860585,False,False,False,False,False
wood,25.0,0.1741114397471961,0.0228383757231157,0.0657948881141005,0.0187657694200551,17.643241866696037,8.452703080628638,19.349218620614916,9.1905387860674,-1.7059767539188757,False,True,False,True,False
wood,30.0,0.2265300669423684,0.0353580732790502,0.095327292074514,0.014900314799573,16.1327452355753,7.518171939296571,23.638608189202245,8.614573296278728,-7.505862953626945,False,True,False,True,False
wood,35.0,0.2907357395413363,0.0671206300927292,0.1067832442302419,0.0217505146615224,12.73284794413415,8.699906215031245,22.520577685333272,4.032941729102905,-9.787729741199122,False,True,False,True,True
wood,40.0,0.3085528778657093,0.0911287578124849,0.1376300920381835,0.0428095463713937,10.593483020655048,7.0123240223936,17.15577951077939,3.581158998261448,-6.562296490124343,False,True,False,True,True
wood,45.0,0.3115577080577515,0.1200574253173564,0.1339495611910521,0.0582967315994886,8.282989496940548,7.331944102137408,14.557885871446178,0.9510453948031401,-6.27489637450563,False,True,False,True,True
