"Freq [GHz]","mag(S(RX_LH_p1,TX_LH_p1)) []","ang_deg(S(RX_LH_p1,TX_LH_p1)) [deg]","mag(S(RX_LH_p1,TX_RH_p1)) []","ang_deg(S(RX_LH_p1,TX_RH_p1)) [deg]","mag(S(RX_RH_p1,TX_LH_p1)) []","ang_deg(S(RX_RH_p1,TX_LH_p1)) [deg]","mag(S(RX_RH_p1,TX_RH_p1)) []","ang_deg(S(RX_RH_p1,TX_RH_p1)) [deg]"
6.24,0.00412503463218741,170.0754531152,0.00069579426529878,-179.073248919165,0.000695794320464872,-179.073251000967,0.00412952104265519,-10.1669755935736
6.241,0.00412628749738261,164.076104866806,0.000696005602889218,174.927403926387,0.00069600564293188,174.927400169158,0.00413077529701463,-16.1663240103487
6.242,0.00412753596659722,158.076717841541,0.000696216203828356,168.928017583665,0.000696216221736021,168.928012806283,0.00413202514405906,-22.165711342064
6.243,0.00412878005568254,152.077292206853,0.000696426067894381,162.928592091149,0.000696426060514401,162.928587127366,0.00413327059448708,-28.1651373665523
6.244,0.00413001977395185,146.077828013581,0.000696635194184216,156.929127490461,0.000696635162777869,156.929123206997,0.00413451165795199,-34.1646019654849
6.245,0.00413125512726729,140.078325206809,0.000696843580799655,150.929623795788,0.000696843530826672,150.929620940992,0.00413574834057544,-40.1641051233983
6.246,0.00413248611531198,134.078783706834,0.000697051225584414,144.930081068151,0.000697051165753815,144.930080141255,0.00413698064243113,-46.1636468682228
6.247,0.00413371272676385,128.079203382834,0.000697258125465142,138.930499397042,0.000697258066217414,138.930500560857,0.00413820855858902,-52.1632272667904
6.248,0.00413493494230562,122.079584162217,0.000697464277333174,132.930878952514,0.000697464229018309,132.93088200483,0.00413943207540021,-58.1628463872874
6.249,0.0041361527401666,116.079926055187,0.000697669678240379,126.931219957271,0.00069766964930975,126.931224365996,0.00414065117410459,-64.1625042396842
6.25,0.00413736608943209,110.080229187051,0.000697874325596587,120.931522685955,0.000697874321124558,120.931527681869,0.00414186582828281,-70.1622007481525
6.251,0.00413857496315962,104.080493801209,0.000698078217231046,114.931787454278,0.000698078238024917,114.931792165252,0.00414307601486093,-76.1619357296028
6.252,0.00413977933779587,98.0807202468127,0.000698281352104573,108.932014577267,0.000698281394559004,108.932018180508,0.00414428170831711,-82.1617089008694
6.253,0.00414097919457605,92.0809089475546,0.000698483729801589,102.932204376621,0.000698483786523715,102.932206242386,0.00414548289166583,-88.1615199064105
6.254,0.00414217452640813,86.0810603652889,0.000698685350416119,96.9323571149671,0.000698685411512969,96.9323569166205,0.00414667955073687,-94.1613683328594
6.255,0.00414336533201502,80.0811749464177,0.000698886214419955,90.9324730092071,0.000698886269223979,90.9324707804088,0.0041478716816658,-100.16125376421
6.256,0.00414455162010749,74.0812530743774,0.000699086322607723,84.9325522083989,0.000699086361539436,84.9325483373946,0.00414905928573873,-106.161175822722
6.257,0.00414573340135438,68.081295021851,0.000699285675110773,78.9325948015673,0.000699285691353277,78.9325899635569,0.00415024237115837,-112.161134186873
6.258,0.00414691068988481,62.0813009484231,0.000699484271795044,72.9326008392955,0.000699484262487699,72.9325958786579,0.00415142094818608,-118.161128662508
6.259,0.00414808349701023,56.0812708927617,0.000699682111796935,66.9325703362647,0.000699682078539157,66.9325661191846,0.0041525950269797,-124.161159120873
6.26,0.00414925182978478,50.081204808665,0.000699879193355743,60.9325033149233,0.000699879141932207,60.9325005781415,0.00415376461399759,-130.1612255533
6.261,0.00415041568629737,44.0811025685329,0.000700075514212001,54.9323998324768,0.000700075453586449,54.932399054576,0.00415492971175009,-136.161328007454
6.262,0.00415157505454309,38.0809640806322,0.000700271071451148,48.9322599930052,0.000700271012203827,48.9322613107177,0.00415609031199388,-142.161466567443
6.263,0.00415272991848308,32.0807892483437,0.000700465861867934,42.932083956298,0.000700465814349073,42.9320871404736,0.0041572464021581,-148.161641293691
6.264,0.00415388025066957,26.0805781030443,0.000700659882788791,36.9318719413524,0.000700659855310377,36.9318764368084,0.00415839796340312,-154.161852183945
6.265,0.00415502602520094,20.0803307730684,0.000700853131590193,30.9316242389757,0.000700853128971986,30.9316292612992,0.00415954497046606,-160.162099147563
6.266,0.00415616721419861,14.0800474793877,0.00070104560630032,24.9313411521453,0.000701045629024443,24.9313458245693,0.00416068739914151,-166.162382019759
6.267,0.0041573037939395,8.07972861743459,0.000701237306075956,18.9310230086631,0.000701237350198356,18.931026515131,0.00416182522535628,-172.162700504727
6.268,0.00415843574830856,2.0793745920621,0.000701428230516472,12.9306701067128,0.000701428288351473,12.9306718344087,0.00416295843287983,-178.163054241353
6.269,0.00415956307045929,-3.92101412650335,0.000701618379951508,6.9302827213215,0.000701618441410633,6.93028236777298,0.00416408700794707,175.836557182152
6.27,0.00416068575916861,-9.92143710602797,0.000701807754983198,0.929861050912049,0.000701807809335044,0.929858676945003,0.00416521094861376,169.83613417915
6.271,0.00416180382610192,-15.9218939691449,0.000701996356230988,-5.07059475926994,0.00070199639397512,-5.0705987399942,0.00416633025753089,163.835677129126
6.272,0.00416291728120924,-21.9223844532602,0.000702184184215521,-11.0710846269534,0.000702184198743179,-11.0710895200201,0.00416744494200096,157.835186323052
6.273,0.00416402614094595,-27.9229083905047,0.000702371238702273,-17.0716085132538,0.000702371227453563,-17.0716134646343,0.00416855501478487,151.834661975861
6.274,0.00416513041545048,-33.9234657883119,0.000702557518911784,-23.0721663913276,0.000702557483826724,-23.0721705364444,0.00416966048640046,145.834104168447
6.275,0.00416623011249317,-39.9240566856635,0.000702743023062403,-29.0727582542883,0.000702742970246376,-29.0727608689852,0.00417076136191193,139.833512935789
6.276,0.00416732523026747,-45.9246812082936,0.000702927748845333,-35.0733840368183,0.0007029276875066,-35.0733846638741,0.00417185764504383,133.832888202709
6.277,0.00416841575695379,-51.9253394558542,0.000703111693540859,-41.0740436403986,0.000703111634385065,-41.0740421694811,0.00417294932818143,127.832229897898
6.278,0.00416950167481638,-57.926031524699,0.000703294853986273,-47.0747369007169,0.000703294807347869,-47.074733587795,0.00417403639733035,121.831537951906
6.279,0.00417058295776381,-63.9267573648356,0.00070347722743697,-53.0754635874657,0.000703477201473713,-53.0754590102643,0.00417511883451999,115.83081237224
6.28,0.00417165957925972,-69.9275168789303,0.000703658811639502,-59.0762234249052,0.000703658810905487,-59.0762183821561,0.0041761966145251,109.830053225703
6.281,0.00417273151229437,-75.9283097935694,0.000703839604620358,-65.0770161011102,0.000703839629267186,-65.0770114731683,0.0041772697122607,103.829260734632
6.282,0.00417379873440613,-81.9291357431117,0.000704019605566794,-71.0778412935151,0.000704019651313021,-71.0778378886633,0.0041783381071349,97.8284351614763
6.283,0.00417486123079042,-87.9299943019039,0.00070419881438038,-77.0786986992286,0.00070419887325527,-77.0786971125061,0.00417940178041394,91.8275768834463
6.284,0.00417591899422272,-93.9308850083394,0.000704377231355582,-83.0795880598939,0.000704377293087974,-83.079588569104,0.00418046072242444,85.8266863078675
6.285,0.0041769720260118,-99.93180742957,0.00070455485742249,-89.0805091802886,0.000704554911232767,-89.0805116973603,0.00418151493029604,79.8257638483043
6.286,0.00417802033712913,-105.932761202932,0.000704731693132408,-95.0814619230681,0.000704731729614897,-95.081466009288,0.00418256440768251,73.8248098753063
6.287,0.00417906394122624,-111.933746061944,0.000704907739225821,-101.082446212711,0.000704907751992916,-101.08245115519,0.00418360916472588,67.8238246755628
6.288,0.00418010285308342,-117.934761886841,0.000705082995309754,-107.083462002561,0.000705082982110341,-107.083466938612,0.00418464921241452,61.822808455879
6.289,0.004181137083925,-123.935808654221,0.000705257460627558,-113.08450929945,0.00070525742374391,-113.084513367166,0.00418568456265852,55.8217612862355
6.29,0.00418216664112552,-129.936886424738,0.000705431133631948,-119.085588069412,0.000705431079485113,-119.085590558173,0.0041867152222928,49.8206831743559
6.291,0.00418319152257057,-135.937995325644,0.000705604011772397,-125.086698260818,0.000705603949804325,-125.086698735437,0.00418774119125378,43.8195740641585
6.292,0.00418421171629675,-141.939135487816,0.000705776092581672,-131.087839763708,0.000705776033608672,-131.087838140532,0.00418876246575105,37.818433865081
6.293,0.00418522720621325,-147.940306963788,0.00070594737295104,-137.089012419835,0.00070594732727575,-137.089008981482,0.00418977902956027,31.8172625232466
6.294,0.00418623796365985,-153.941509738839,0.000706117850154945,-143.090215998579,0.000706117825766365,-143.090211344735,0.00419079086506245,25.8160600311303
6.295,0.00418724396488285,-159.942743665076,0.00070628752198027,-149.09145022054,0.000706287523156366,-149.09144516336,0.00419179794796248,19.8148264831705
6.296,0.00418824518167534,-165.944008487286,0.000706456386725306,-155.092714758996,0.000706456413282602,-155.092710181373,0.00419280025405886,13.8135620745119
6.297,0.00418924159231791,-171.94530383287,0.000706624443807016,-161.094009309461,0.000706624491128819,-161.094006010881,0.00419379776150156,7.8122670978852
6.298,0.0041902331833814,-177.946629275071,0.000706791693066666,-167.095333575412,0.000706791752905655,-167.095332132323,0.00419479045392359,1.81094192701686
6.299,0.00419121994894734,176.052015646978,0.000706958134978737,-173.096687303529,0.000706958196894383,-173.096687968601,0.00419577832164954,-4.19041302973851
6.3,0.00419220189261397,170.050631363333,0.000707123770513743,-179.098070297482,0.000707123823694027,-179.098072955366,0.00419676136345543,-10.1917973654766
6.301,0.00419317902391436,164.049218228551,0.000707288600527301,174.900517570637,0.000707288635676851,174.900513383305,0.00419773958365071,-16.1932107191746
6.302,0.00419415135955886,158.047776483601,0.000707452625561001,168.899076375907,0.000707452636525896,168.899071389718,0.00419871299322822,-22.1946528001038
6.303,0.00419511891331647,152.046306258772,0.000707615845396118,162.897606132952,0.000707615830241347,162.897601218256,0.00419968160518117,-28.1961234275974
6.304,0.00419608169852836,146.044807568679,0.000707778259331317,156.896106870656,0.000707778220682223,156.896102885632,0.00420064543004561,-34.1976225208201
6.305,0.00419703971999696,140.043280315946,0.000707939865700936,150.894578596028,0.000707939810288423,150.894576236833,0.00420160447565277,-40.1991501017572
6.306,0.00419799297725226,134.041724395285,0.000708100662242892,144.893021367012,0.000708100599731151,144.893021046164,0.00420255874226929,-46.2007062165157
6.307,0.00419894145826934,128.040139673924,0.000708260646191195,138.8914352931,0.000708260587492154,138.891437067343,0.00420350822441986,-52.2022909749269
6.308,0.00419988514459685,122.038526093763,0.000708419814664345,132.889820550133,0.000708419770032808,132.889824110406,0.00420445290909784,-58.2039044188395
6.309,0.00420082401121831,116.03688366043,0.000708578165140448,126.888177351479,0.000708578142382488,126.888182076755,0.00420539277468817,-64.2055465427516
6.31,0.00420175803188582,110.035212551882,0.000708735695348333,120.886505994798,0.000708735698455955,120.88651106041,0.0042063277999128,-70.2072172744663
6.311,0.00420268717916868,104.03351302536,0.000708892403854811,114.884806784496,0.000708892432305692,114.884811306066,0.00420725795906509,-76.2089163781056
6.312,0.00420361143432436,98.0317854509936,0.000709048290180847,108.883080041613,0.000709048339026009,108.883083229454,0.00420818323266891,-82.2106435916953
6.313,0.0042045307825048,92.0300302617428,0.000709203354107693,102.881326050024,0.000709203414832399,102.881327347061,0.00420910360444101,-88.2123985183675
6.314,0.00420544521998797,86.0282479177448,0.000709357596694986,96.8795450664965,0.000709357658703107,96.879544245616,0.00421001906708911,-94.2141807537083
6.315,0.00420635475173335,80.0264388418029,0.000709511018607075,90.8777372711762,0.000709511071070141,90.8777344749948,0.00421092961807157,-100.215989893521
6.316,0.00420725938911456,74.0246033788232,0.000709663620877358,84.8759027871769,0.000709663654625623,84.8758985032639,0.00421183526369344,-106.217825581131
6.317,0.00420815914651486,68.0227417704628,0.000709815404044577,78.8740416764,0.000709815413169814,78.8740366522578,0.00421273601644606,-112.219687544824
6.318,0.00420905404108103,62.0208541147722,0.000709966368210634,72.8721539716672,0.000709966351100521,72.8721490842959,0.00421363188898001,-118.221575610137
6.319,0.0042099440848899,56.0189404225336,0.00071011651228515,66.8702396727661,0.000710116471908106,66.8702357755735,0.00421452289285101,-124.223489694404
6.32,0.00421082928472568,50.0170006179318,0.000710265835001153,60.868298802739,0.000710265778391348,60.8682965765193,0.00421540903540593,-130.225429829363
6.321,0.00421170963760643,44.0150345356913,0.000710414333792299,54.8663314095568,0.00071041427082416,54.8663312435615,0.0042162903188234,-136.227396091611
6.322,0.00421258513219431,38.0130420925212,0.000710562006183449,48.8643376148061,0.000710561947849185,48.8643395386829,0.00421716673544323,-142.229388552208
6.323,0.0042134557503855,32.0110232104578,0.000710708849302564,42.862317588107,0.000710708805793192,42.8623212666073,0.00421803827194017,-148.231407277847
6.324,0.00421432146685665,26.0089779167341,0.00071085486066643,36.8602715559682,0.000710854839591319,36.8602763473681,0.00421890490867254,-154.233452272925
6.325,0.00421518225523199,20.0069063665939,0.000711000038225909,30.8581998078302,0.000711000043281922,30.8582048758838,0.00421976662223451,-160.235523419698
6.326,0.00421603808925726,14.0048088534482,0.000711144380729754,24.856102650043,0.000711144411052755,24.8561071099358,0.00422062339072436,-166.237620531947
6.327,0.00421688895076484,8.00268574009294,0.00071128788748457,18.8539804041133,0.000711287937797063,18.853983476943,0.00422147519148048,-172.239743278261
6.328,0.00421773482688765,2.00053746106967,0.000711430558837499,12.8518333490641,0.00071143062036717,12.8518344978751,0.00422232201179077,-178.241891303357
6.329,0.00421857571451121,-4.00163552294183,0.000711572395655898,6.84966172610465,0.000711572457665203,6.84966074971912,0.00422316384311117,175.755935808733
6.33,0.00421941161833829,-10.0038327963337,0.000711713398905389,0.84746572129514,0.000711713450565446,0.847462789543001,0.00422400068711589,169.753738457733
6.331,0.00422024255109828,-16.0060540196064,0.000711853569579476,-5.15475455442355,0.000711853601861236,-5.15475893024485,0.00422483254951408,163.751516989613
6.332,0.00422106853045689,-22.0082989803373,0.000711992908453494,-11.1569990387825,0.000711992915705889,-11.1570040950804,0.00422565944202408,157.749271687226
6.333,0.004221889571787,-28.010567551215,0.000712131415267187,-17.1592677207776,0.000712131396206414,-17.1592725749164,0.00422648138013748,151.747002695053
6.334,0.00422270568787806,-34.0128597704992,0.000712269089441112,-23.1615605779277,0.000712269047377849,-23.1615643823064,0.00422729837501428,145.744710081391
6.335,0.00422351688510656,-40.0151757075978,0.000712405929331007,-29.1638776079613,0.000712405871595365,-29.1638796980201,0.00422811043349754,139.742393822254
6.336,0.00422432316034899,-46.0175155194553,0.000712541932600307,-35.1662187412039,0.000712541869264395,-35.1662187515134,0.00422891755826068,133.740053839077
6.337,0.00422512450377951,-52.0198793096472,0.000712677096806589,-41.1685838809625,0.000712677038927332,-41.1685818091171,0.00422971974194246,127.737690048753
6.338,0.00422592089479103,-58.0222671554217,0.000712811419119087,-47.1709728387804,0.000712811376807863,-47.170969045924,0.00423051697114485,121.735302386243
6.339,0.00422671230941033,-64.02467898682,0.000712944897190511,-53.1733853821945,0.000712944877846631,-53.1733805300673,0.00423130922559684,115.732890850658
6.34,0.00422749872040108,-70.0271146575568,0.000713077528993191,-59.1758212315827,0.000713077536009875,-59.1758161670648,0.00423209648271065,109.730455562257
6.341,0.00422828010405152,-76.0295739090651,0.00071320931349133,-65.1782800670438,0.000713209345660469,-65.178275674339,0.00423287871957896,103.727996739796
6.342,0.00422905644211089,-82.0320563234585,0.000713340250147213,-71.180761588647,0.000713340301867348,-71.1807586349085,0.00423365591707512,97.7255146832923
6.343,0.00422982772213272,-88.034561482318,0.000713470339479444,-77.1832654985376,0.000713470401731174,-77.1832644998871,0.00423442806138052,91.7230097674746
6.344,0.00423059394262813,-94.0370889282456,0.00071359958236146,-83.1857915796787,0.000713599644280383,-83.1857927110213,0.00423519514535691,85.7204824050171
6.345,0.0042313551106252,-100.039638249248,0.000713727979909424,-89.1883396452574,0.000713728030682332,-89.1883427096473,0.00423595717071302,79.7179329929386
6.346,0.0042321112393422,-106.042209117728,0.000713855533127478,-95.1909095913671,0.000713855563880804,-95.1909140542936,0.00423671414672616,73.7153618851732
6.347,0.0042328623451828,-112.044801317057,0.000713982242962383,-101.19350136564,0.000713982248313098,-101.193506448262,0.00423746608411514,67.7127693115817
6.348,0.00423360844505872,-118.047414766325,0.000714108109135602,-107.196114949351,0.000714108088133493,-107.196119764419,0.00423821299903997,61.7101554552852
6.349,0.00423434955307935,-124.050049453114,0.000714233130986611,-113.198750334367,0.000714233087282979,-113.198754041109,0.00423895490291709,55.7075203642278
6.35,0.00423508567390509,-130.052705525811,0.000714357306993034,-119.201407514336,0.000714357248205878,-119.201409465271,0.00423969180402893,49.7048639863035
6.351,0.00423581680597702,-136.055383090357,0.00071448063489323,-125.204086418479,0.000714480571279291,-125.204086272517,0.00424042370236644,43.7021862632247
6.352,0.00423654293758727,-142.058082278121,0.00071460311209793,-131.206786939277,0.000714603054763082,-131.206784721356,0.00424115059281726,37.6994870836673
6.353,0.00423726404891165,-148.060803134417,0.000714724736131628,-137.209508901949,0.000714724695091903,-137.209504998776,0.00424187246050866,31.6967664070754
6.354,0.00423798011569534,-154.063545625954,0.000714845504500697,-143.212252059786,0.000714845486932466,-143.212247152408,0.00424258928587288,25.6940242373981
6.355,0.00423869111251576,-160.06630957548,0.000714965415543119,-149.215016131044,0.000714965424528148,-149.215011076017,0.00424330104717895,19.6912606976465
6.356,0.00423939701396038,-166.069094686068,0.000715084468043271,-155.217800800306,0.000715084502028125,-155.217796480179,0.0042440077205431,13.6884759970319
6.357,0.00424009780450035,-172.071900587074,0.000715202661961546,-161.220605769648,0.000715202715026152,-161.220602938882,0.00424470928957247,7.68567044372036
6.358,0.00424079347166354,-178.074726830356,0.000715319997613031,-167.22343074946,0.000715320060501984,-167.223429902665,0.00424540573834856,1.68284443265785
6.359,0.00424148401508804,175.9224270301,0.00071543647620347,-173.226275520938,0.000715436537940419,-173.22627680645,0.00424609706462869,-4.32000163516397
6.36,0.00424216944372599,169.91956140181,0.000715552098840457,-179.229139908111,0.000715552148643955,-179.229143102007,0.00424678326814771,-10.3228673652083
6.361,0.00424284977198282,163.916676605738,0.000715666866784089,174.767976188817,0.000715666895950502,174.767971643711,0.00424746435984465,-16.3257524249512
6.362,0.00424352501579831,157.913772851655,0.000715780780627374,168.765072820307,0.000715780784051988,168.765067717217,0.00424814035333287,-22.3286565511224
6.363,0.00424419519372121,151.910850208965,0.000715893840603565,162.76214999126,0.000715893817674051,162.762145221023,0.00424881126108883,-28.3315796046089
6.364,0.00424486031786083,145.907908641157,0.000716006045710542,156.759207714048,0.00071600600041638,156.7592041096,0.00424947709832739,-34.3345215546415
6.365,0.00424552039570464,139.90494806067,0.000716117394583371,150.756245992539,0.000716117334821697,150.756244183466,0.00425013787182037,-40.3374824305108
6.366,0.00424617542339477,133.901968339358,0.000716227884986317,144.753264900163,0.00071622782118498,144.753265202738,0.00425079358365324,-46.3404623185588
6.367,0.00424682538921148,127.898969309699,0.000716337514445803,138.750264558916,0.000716337457743708,138.750266920798,0.00425144422513714,-52.3434613108706
6.368,0.00424747027440712,121.895950968926,0.000716446280454133,132.747245133246,0.000716446240756448,132.747249142538,0.00425208978387098,-58.3464794777095
6.369,0.00424811005365339,115.892913346144,0.000716554180708585,126.744206874061,0.000716554164956344,126.744211831142,0.00425273024015682,-64.3495167720117
6.37,0.0042487447021207,109.889856615745,0.00071666121348513,120.741150065884,0.00071666122444156,120.741155105497,0.0042533655707014,-70.3525730820943
6.371,0.00424937419627997,103.886781096582,0.000716767377956594,114.738075019833,0.000716767413722394,114.738079262119,0.00425399575442687,-76.3556481964414
6.372,0.00424999851975837,97.8836871514257,0.000716872674079764,108.734982046033,0.000716872728422346,108.734984750145,0.0042546207742884,-82.3587417959969
6.373,0.00425061766215551,91.8805752361797,0.000716977102378879,102.731871416015,0.000716977165818518,102.731872109499,0.00425524061621486,-88.3618534872317
6.374,0.00425123162549579,85.8774457972939,0.000717080664060886,96.7287433444626,0.000717080725524479,96.7287419058061,0.00425585527739086,-94.3649828692268
6.375,0.00425184041693705,79.8742992325272,0.000717183360451374,90.7255980035729,0.000717183409205287,90.7255946834941,0.00425646476145311,-100.368129548605
6.376,0.00425244405337063,73.871135848396,0.000717285192754153,84.7224354858258,0.000717285220278769,84.7224308635802,0.0042570690785922,-106.371293192341
6.377,0.00425304255215638,67.8679558592348,0.000717386161830403,78.7192558344864,0.000717386163308965,78.7192507168017,0.00425766824172965,-112.374473576887
6.378,0.00425363593083268,61.8647593037256,0.00071748626748414,72.7160590627105,0.000717486242645712,72.7160543429839,0.00425826226616249,-118.377670545892
6.379,0.00425422420254786,55.8615461650919,0.000717585509254782,66.7128451610489,0.000717585462423776,66.7128416633832,0.00425885116623512,-124.380884068664
6.38,0.00425480737374186,49.8583163206411,0.000717683885463925,60.7096141576305,0.00071768382480719,60.7096124929357,0.00425943494973703,-130.384114196141
6.381,0.00425538544169718,43.8550696358749,0.000717781394006382,54.7063661175904,0.000717781330108916,54.7063665768791,0.00426001361587152,-136.387361020071
6.382,0.00425595839335461,37.8518059954867,0.000717878032458875,48.703101145119,0.000717877976476586,48.7031036486321,0.00426058716018074,-142.39062462775
6.383,0.00425652620975601,31.8485253390098,0.000717973798399206,42.6998194410895,0.000717973760111105,42.6998235521475,0.00426115556658608,-148.393905083216
6.384,0.00425708886650838,25.8452277397645,0.000718068689660907,36.6965212422968,0.000718068675760823,36.69652624347,0.00426171881683524,-154.397202338121
6.385,0.00425764633929503,19.841913391678,0.000718162704638206,30.6932068429503,0.000718162717564474,30.693211861262,0.00426227688854391,-160.400516290352
6.386,0.00425819860442232,13.8385825727141,0.00071825584260938,24.6898765472032,0.000718255880117102,24.6898807065147,0.00426282976077697,-166.403846692596
6.387,0.00425874564755391,7.83523567900328,0.000718348103709769,18.6865306547363,0.000718348159260696,18.6865332287136,0.00426337741617572,-172.407193244018
6.388,0.00425928745847889,1.83187317179726,0.000718439488481937,12.6831694486681,0.000718439552384252,12.6831699876226,0.00426391984403549,-178.410555540456
6.389,0.00425982404020017,-4.17150451340823,0.000718529998386959,6.67979313250729,0.000718530059486263,6.6797915419611,0.00426445704085408,175.586066820982
6.39,0.00426035540291086,-10.1748969825658,0.000718619634837274,0.676401868848628,0.000718619682463721,0.676398426095325,0.00426498901061709,169.582674224188
6.391,0.00426088156172535,-16.1783039310861,0.000718708398972205,-5.32700425274909,0.000718708424803874,-5.32700894698796,0.00426551576491015,163.579266996526
6.392,0.00426140253586529,-22.1817251813447,0.000718796291701084,-11.3304251909526,0.000718796291218164,-11.330430317349,0.00426603731891777,157.575845365042
6.393,0.00426191834341379,-28.1851606698179,0.00071888331301138,-17.3338609457752,0.000718883286287035,-17.3338656094025,0.00426655368677787,151.572409453306
6.394,0.00426242899784004,-34.1886104437525,0.000718969462194054,-23.3373115205928,0.000718969413883599,-23.3373149071584,0.00426706488408475,145.568959305827
6.395,0.00426293450498574,-40.1920746228371,0.000719054737868068,-29.3407768813994,0.000719054676397982,-29.340778399427,0.00426757091768835,139.565494845899
6.396,0.00426343486115712,-46.1955533446272,0.000719139137822334,-35.3442569745991,0.000719139073920414,-35.3442563587344,0.00426807178747743,133.562015987721
6.397,0.00426393005382533,-52.1990467276264,0.000719222659713169,-41.3477516689624,0.000719222604536225,-41.3477490263582,0.00426856748838855,127.558522651491
6.398,0.00426442006434449,-58.20255481986,0.000719305301248433,-47.3512607817328,0.000719305264434292,-47.3512565734055,0.00426905800508633,121.555014780447
6.399,0.00426490486806543,-64.2060775436291,0.000719387060256612,-53.3547840717328,0.000719387048240593,-53.3547790321333,0.00426954331811989,115.551492399155
6.4,0.00426538444154341,-70.209614703638,0.000719467935377387,-59.3583212328654,0.000719467950267324,-59.3583162416979,0.00427002340670337,109.547955642961
6.401,0.00426585876123175,-76.21316600097,0.000719547925976313,-65.3618719751508,0.000719547965182793,-65.3618679038097,0.00427049824951597,103.544404757107
6.402,0.00426632781333075,-82.2167310424768,0.000719627032274679,-71.3654359821314,0.000719627088961368,-71.3654335415642,0.00427096783080202,97.5408400531595
6.403,0.00426679159019078,-88.2203093693701,0.000719705255192651,-77.3690129917138,0.000719705319468389,-77.369012608271,0.00427143214015336,91.5372619288111
6.404,0.00426725009582269,-94.2239005435686,0.000719782595966522,-83.3726028016676,0.00071978265661129,-83.3726045426211,0.00427189117481923,85.53367078707
6.405,0.00426770334021285,-100.227504179831,0.000719859056152791,-89.3762052513564,0.00071985910257638,-89.3762088130974,0.00427234494167024,79.5300670124314
6.406,0.00426815134014872,-106.231119984109,0.000719934637114507,-95.3798202595192,0.000719934661205937,-95.3798250205064,0.00427279345101016,73.526450918696
6.407,0.00426859411462052,-112.234747790583,0.000720009339617057,-101.383447792164,0.00072000933716177,-101.383452921388,0.00427323671907794,67.5228227305208
6.408,0.00426903168356057,-118.238387537833,0.000720083163825387,-107.38708785119,0.000720083135242566,-107.387092453224,0.00427367476354231,61.5191825623407
6.409,0.00426946405877664,-124.242039280779,0.000720156108989559,-113.390740424015,0.000720156059260599,-113.390743695339,0.00427410759498754,55.5155304419339
6.41,0.00426989124688847,-130.245703152469,0.000720228173704813,-119.394405505453,0.000720228111505122,-119.394406874749,0.00427453522377068,49.5118662975187
6.411,0.00427031324387334,-136.249379279576,0.000720299355897615,-125.398083015264,0.000720299292083084,-125.398082243197,0.00427495764955993,43.5081900495394
6.412,0.00427073003804362,-142.253067795846,0.000720369653237176,-131.401772825325,0.000720369598949382,-131.401770046375,0.00427537486561114,37.5045015940935
6.413,0.00427114160898936,-148.256768727693,0.000720439063459548,-137.405474760618,0.000720439028180417,-137.405470459656,0.00427578685733241,31.5008008844485
6.414,0.00427154793283577,-154.26048200864,0.000720507584538306,-143.409188558779,0.000720507574433921,-143.409183486466,0.0042761936066883,25.4970879689772
6.415,0.00427194898598933,-160.264207410452,0.00072057521528508,-149.412913923243,0.000720575232127928,-149.412908965011,0.00427659509076586,19.4933629664536
6.416,0.00427234474793251,-166.267944642533,0.000720641955129703,-155.416650553527,0.000720641995987746,-155.416646575011,0.00427699129079004,13.4896261425874
6.417,0.00427273520345799,-172.271693304771,0.000720707804503532,-161.420398158213,0.000720707862250642,-161.420395854126,0.00427738219094857,7.48587781238393
6.418,0.00427312034768787,-178.275452937915,0.000720772764345636,-167.424156460659,0.000720772828904536,-167.424156233475,0.00427776778257383,1.48211836987984
6.419,0.00427350018449604,175.720776893613,0.000720836836089555,-173.427925266449,0.000720836896190458,-173.427927156104,0.00427814806307867,-4.5216517779872
6.42,0.00427387472497392,169.716996569359,0.000720900021443263,-179.431704425552,0.000720900066591287,-179.431708102422,0.00427852304043166,-10.5254322548035
6.421,0.00427424398714246,163.713206377676,0.000720962321638281,174.564506141442,0.000720962343946161,174.564501319043,0.0042788927263354,-16.5292227467509
6.422,0.0042746079920231,157.709406473591,0.000721023737556666,168.56070646043,0.000721023733122703,168.560701334258,0.00427925713804403,-22.5330230480485
6.423,0.00427496675796867,151.705596898942,0.000721084269528462,162.55689653769,0.000721084239118968,162.55689200264,0.00427961629179499,-28.5368330436107
6.424,0.00427532029687396,145.701777600316,0.000721143916575954,156.553076372189,0.000721143865492822,156.553073220068,0.00427997020085611,-34.5406527164125
6.425,0.00427566861511741,139.697948431568,0.000721202677407753,150.549245982215,0.000721202614564021,150.549244763489,0.00428031887348608,-40.5444821269889
6.426,0.00427601170927739,133.694109273075,0.000721260550075461,144.545405445315,0.000721260486440088,144.545406372978,0.0042806623103009,-46.5483213957258
6.427,0.00427634956670522,127.690259986304,0.000721317532267333,138.541554877314,0.000721317478950545,138.541557789666,0.00428100050425727,-52.552170599622
6.428,0.00427668216758464,121.686400571406,0.000721373621678248,132.537694486945,0.000721373587991693,132.537698875775,0.00428133344072837,-58.5560297876955
6.429,0.00427700948835484,115.682531103886,0.00072142881650167,126.533824528546,0.000721428808332083,126.533829627818,0.00428166110108832,-64.5598988964024
6.43,0.00427733150560924,109.678651771848,0.000721483115787107,120.529945284992,0.00072148313456756,120.529950204555,0.00428198346409127,-70.5637778021174
6.431,0.00427764819894562,103.674762931028,0.000721536518979006,114.526057078502,0.00072153656143752,114.526060959482,0.00428230051154272,-76.5676662580497
6.432,0.00427795955609095,97.6708649510419,0.000721589026687488,108.522160185237,0.00072158908541711,108.522162349983,0.00428261222748959,-82.5715639124459
6.433,0.004278265570971,91.6669583034061,0.000721640639902682,102.518254876091,0.000721640704653704,102.518254946502,0.00428291860398557,-88.5754703810615
6.434,0.00427856625079669,85.6630434190258,0.000721691360205584,96.5143413538749,0.00072169141967444,96.514339317442,0.00428321964172003,-94.5793852573117
6.435,0.00427886160601185,79.6591206717266,0.000721741189295312,90.5104197485807,0.000721741233097936,90.5104159606064,0.00428351534695056,-100.583308169967
6.436,0.00427915165647436,73.6551903354015,0.000721790128645585,84.5064901384948,0.000721790149130688,84.506485260103,0.00428380573465042,-106.587238819431
6.437,0.00427943642335905,67.65125255819,0.000721838179131242,78.502552552629,0.000721838172716878,78.5025474353743,0.00428409082058377,-112.591176979045
6.438,0.00427971592329002,61.6473073819181,0.000721885340853047,72.4986069802944,0.000721885308652962,72.4986025175155,0.00428437062196352,-118.595122584755
6.439,0.00427999017156634,55.6433547263613,0.000721931613188269,66.4946534347965,0.000721931560818517,66.4946504056584,0.00428464515297577,-124.599075592036
6.44,0.00428025917335647,49.6393944761363,0.000721976994671846,60.4906919302475,0.000721976931271234,60.4906908637038,0.00428491442153701,-130.603036103302
6.441,0.00428052292354423,43.6354264685539,0.000722021483410994,54.4867225495905,0.000722021420046241,54.4867236320142,0.00428517842812912,-136.607004189975
6.442,0.00428078140984266,37.631450617157,0.000722065077211234,48.4827454132553,0.000722065024945153,48.4827484558708,0.00428543716575959,-142.610979968096
6.443,0.00428103461368653,31.627466881183,0.000722107773842661,42.4787607312708,0.000722107741802622,42.4787652030776,0.00428569061893203,-148.614963456917
6.444,0.00428128251091527,25.6234753434399,0.000722149571691272,36.474768757848,0.00072214956547519,36.4747738782929,0.00428593877025911,-154.618954619406
6.445,0.0042815250786281,19.6194762510285,0.00072219046967042,30.4707697900231,0.000722190490368663,30.4707746652489,0.00428618159922073,-160.622953301651
6.446,0.00428176229749817,13.6154699079665,0.000722230467714949,24.4667641293256,0.000722230511719075,24.4667679082115,0.00428641908575948,-166.626959241984
6.447,0.00428199415561079,7.61145674503847,0.000722269566223488,18.462752067209,0.000722269625855354,18.4627540899627,0.00428665121720434,-172.630972100421
6.448,0.00428222065012285,1.60743719239579,0.000722307766610368,12.4587338684935,0.00072230783146193,12.4587337818529,0.00428687798649834,-178.634991483978
6.449,0.00428244178547554,-4.39658830904075,0.000722345070411733,6.45470971875918,0.000722345129161731,6.45470753768864,0.00428709939403832,175.360983009266
6.45,0.00428265757703815,-10.400619393763,0.000722381479411675,0.450679754255025,0.000722381521802104,0.450675859361106,0.00428731544899799,169.356951748583
6.451,0.00428286804355872,-16.4046557940368,0.000722416995181859,-5.55335595494571,0.000722417013809141,-5.55336088383328,0.0042875261647879,163.35291502884
6.452,0.00428307320607983,-22.408697372024,0.000722451618479906,-11.5573973861916,0.000722451610088001,-11.5574024886823,0.00428773156017031,157.348873049943
6.453,0.00428327308392585,-28.4127440979789,0.000722485349517076,-17.5614445424098,0.000722485315566664,-17.5614489277459,0.00428793165118689,151.344825909677
6.454,0.00428346768963572,-34.4167960385254,0.000722518187737667,-23.5654974226146,0.000722518134151892,-23.5655003251767,0.00428812645130473,145.340773602145
6.455,0.00428365702881276,-40.420853351202,0.000722550131684901,-29.5695560031219,0.000722550067815943,-29.5695569160979,0.00428831597083819,139.336716050919
6.456,0.00428384109761704,-46.4249161850577,0.000722581179501826,-35.5736202055321,0.000722581116498614,-35.5736189694132,0.00428850020866577,133.332653147382
6.457,0.00428401988279056,-52.4289846124635,0.000722611329043829,-41.5776898910735,0.000722611277905794,-41.5776867215223,0.00428867915773388,127.328584828508
6.458,0.00428419336411265,-58.4330586555,0.000722640578197605,-47.5817648537159,0.000722640547854258,-47.5817603039399,0.00428885280387254,121.324511019245
6.459,0.00428436152034847,-64.4371382290582,0.000722668925400466,-53.5858448355151,0.000722668921152086,-53.5858396997085,0.00428902112738481,115.3204318194
6.46,0.00428452432774537,-70.441223105637,0.000722696369758116,-59.5899295411529,0.000722696392349875,-59.5899247158621,0.0042891841102899,109.316347359462
6.461,0.0042846817686196,-76.4453129508955,0.00072272291131329,-65.5940186670389,0.000722722956804544,-65.5940149946509,0.00428934173276075,103.312257924124
6.462,0.00428483383161924,-82.4494073338629,0.000722748550710698,-71.5981119151537,0.000722748611162386,-71.598110036832,0.00428949398299104,97.3081638400699
6.463,0.00428498051347552,-88.4535058176814,0.00072277328921033,-77.6022090411257,0.000722773354070544,-77.6022092848667,0.00428964085405902,91.3040655106659
6.464,0.00428512182290088,-94.4576079745094,0.000722797128841963,-83.6063098548544,0.000722797186787889,-83.6063121782114,0.00428978234830702,85.2999633365908
6.465,0.00428525777427477,-100.461713441763,0.000722820071113963,-89.6104142263575,0.00072282011202862,-89.6104182238325,0.00428991847503073,79.2958576800993
6.466,0.00428538838712352,-106.465821953738,0.000722842117777597,-95.6145220908726,0.000722842134516284,-95.6145270646896,0.00429004925057112,73.291748830418
6.467,0.00428551368323393,-112.469933403566,0.000722863269654257,-101.618633427622,0.000722863259292248,-101.618638509529,0.00429017469157003,67.2876369896031
6.468,0.00428563368182476,-118.474047740417,0.000722883526950465,-107.622748246698,0.000722883491294067,-107.622752549537,0.00429029481500839,61.2835222352245
6.469,0.00428574839618737,-124.478165077664,0.000722902889004262,-113.626866535613,0.000722902834275925,-113.626869308195,0.00429040963797381,55.2794045438949
6.47,0.00428585783118499,-130.482285536618,0.000722921354511391,-119.630988273751,0.000722921290263764,-119.630989032001,0.00429051916515852,49.2752838627448
6.471,0.004285961982756,-136.486409261349,0.000722938921679305,-125.63511338648,0.00072293885912778,-125.635111997956,0.0042906233989443,43.2711600804334
6.472,0.00428606083756996,-142.490536344999,0.000722955588314751,-131.639241709776,0.000722955538379547,-131.639238416802,0.00429072233025557,37.2670331012395
6.473,0.00428615437564752,-148.494666811708,0.000722971352582448,-137.643373058039,0.000722971323982082,-137.643368435413,0.00429081594599098,31.2629029004706
6.474,0.00428624257568692,-154.498800542311,0.000722986212906152,-143.647507151714,0.000722986210635137,-143.647502006376,0.00429090422829985,25.2587695440448
6.475,0.00428632541409383,-160.502937306896,0.00072300016863642,-149.65164370465,0.000723000193093033,-149.651638934814,0.00429098715599774,19.2546331992982
6.476,0.00428640287546355,-166.507076769636,0.000723013219721679,-155.655782406318,0.000723013266638112,-155.655778844672,0.00429106471226824,13.2504941343724
6.477,0.00428647494774426,-172.511218489198,0.000723025367172066,-161.659922977221,0.000723025428359211,-161.659921245556,0.00429113688587578,7.24635270200823
6.478,0.00428654163151577,-178.515362036576,0.000723036612378306,-167.664065158527,0.000723036677155213,-167.664065559185,0.00429120367164869,1.24220929734456
6.479,0.00428660293326967,175.480493018704,0.000723046957080345,-173.668208770167,0.000723047014138793,-173.668211233251,0.00429126507223891,-4.76193567750471
6.48,0.00428665887014112,169.476347030665,0.000723056403376319,-179.672353688973,0.000723056442755002,-179.672357784542,0.00429132109703661,-10.7660818664363
6.481,0.00428670946255441,163.472200248771,0.000723064952711834,174.323500145819,0.000723064967535498,174.323495132702,0.00429137176434863,-16.7702289840171
6.482,0.00428675473254518,157.468052799263,0.00072307260610819,168.319352748369,0.000723072593788067,168.319347692831,0.00429141709017221,-22.7743768438626
6.483,0.00428679469931662,151.46390468645,0.000723079363764092,162.315204122898,0.000723079326450011,162.315199907485,0.00429145709542739,-28.7785253734526
6.484,0.00428682937511738,145.459755812793,0.000723085225038887,156.311054262419,0.000723085169244117,156.311051623027,0.00429149179129075,-34.7826745864704
6.485,0.00428685876687303,139.455606052415,0.000723090188480024,150.306903206627,0.00072309012394432,150.306902604032,0.00429152118682428,-40.7868245732374
6.486,0.00428688286756865,133.451455244003,0.000723094252530587,144.30275102974,0.000723094190519891,144.302752569156,0.00429154528216014,-46.7909754157501
6.487,0.00428690166592203,127.447303326212,0.000723097415027524,138.298597881866,0.000723097366367188,138.298601294572,0.00429156407112367,-52.7951272166666
6.488,0.00428691514102662,121.443150278517,0.000723099674148629,132.294443988416,0.000723099647333525,132.294448678667,0.00429157753698935,-58.7992799950837
6.489,0.00428692327118904,115.438996208029,0.000723101028655564,126.290289599161,0.000723101028367013,126.290294748189,0.00429158566357005,-64.8034336735273
6.49,0.0042869260358174,109.434841388766,0.000723101477858349,120.286135023823,0.000723101504146837,120.286139732767,0.00429158843143489,-70.8075880758075
6.491,0.00428692341780543,103.430686134019,0.000723101021884646,114.281980556007,0.00072310107016099,114.281984002831,0.00429158582276703,-76.8117429435758
6.492,0.00428691540890989,97.4265308877267,0.000723099661814117,108.27782649842,0.00072309972365063,108.277828081419,0.00429157782760682,-82.8158979051121
6.493,0.00428690200754212,91.4223760950151,0.00072309739930062,102.273673075584,0.000723097463902425,102.273672518422,0.00429156444218912,-88.8200525669907
6.494,0.00428688322459409,85.4182221763613,0.000723094236101667,96.269520476065,0.000723094292191254,96.2695178760166,0.00429154567028182,-94.8242065290882
6.495,0.00428685907557999,79.414069477826,0.000723090174292181,90.2653688199938,0.000723090212078213,90.2653646309601,0.00429152152225117,-100.828359438919
6.496,0.00428682958304507,73.4099182442537,0.000723085215419887,84.2612181628735,0.000723085228306514,84.2612131161409,0.00429149201619332,-106.832511015733
6.497,0.00428679476860536,67.4057685819618,0.000723079360542743,78.2570685218092,0.000723079346281019,78.2570634983855,0.0042914571704682,-112.836661085886
6.498,0.00428675465221738,61.4016204993335,0.000723072609867909,72.2529198870466,0.000723072570948281,72.2529157638603,0.00429141700397563,-118.840809587411
6.499,0.00428670924591793,55.3974738894058,0.000723064962768129,66.2487722576876,0.000723064905985538,66.2487697545013,0.00429137152940209,-124.844956530138
6.5,0.00428665855568314,49.3933286154376,0.000723056417929778,60.2446256773773,0.000723056353197271,60.2446252311398,0.00429132075601042,-130.849101995872
6.501,0.00428660257530805,43.3891845497191,0.000723046973672753,54.2404802346872,0.000723046912290796,54.2404819232596,0.00429126468420842,-136.853246109778
6.502,0.0042865412929395,37.3850415994376,0.000723036627998734,48.2363360803668,0.000723036580682375,48.2363396089372,0.00429120330366814,-142.857388933846
6.503,0.00428647468738192,31.3808997549567,0.000723025379153279,42.2321934330388,0.000723025354161604,42.2321981855942,0.00429113660382544,-148.861530475622
6.504,0.00428640273849877,25.3767591689182,0.000723013226044238,36.2280525507331,0.000723013227738676,36.2280576976055,0.00429106456389005,-154.86567068802
6.505,0.0042863254253091,19.3726200727486,0.000723000168115765,30.2239137547032,0.000723000196198922,30.2239183974094,0.00429098716731354,-160.86980936528
6.506,0.00428624273221241,13.3684828298866,0.000722986205690091,24.2197773264695,0.000722986255257938,24.2197806545612,0.00429090439795541,-166.873946222604
6.507,0.00428615465057249,7.36434786790616,0.000722971339915974,18.2156435675697,0.00072297140231426,18.2156450001117,0.00429081624413306,-172.878080911342
6.508,0.00428606118206454,1.36021563104177,0.000722955572437069,12.2115127093634,0.000722955636772371,12.2115119963405,0.00429072270523554,-178.882213029305
6.509,0.00428596233747754,-4.6439134615024,0.000722938905339337,6.20738492644187,0.000722938960380913,6.20738219239346,0.00429062378366121,175.113657822922
6.51,0.00428585813509261,-10.6480390656108,0.000722921340575732,0.203260333885189,0.000722921376716112,0.203256056152942,0.00429051949446475,169.109531996072
6.511,0.00428574859459887,-16.6521609555799,0.000722902879839669,-5.80086101476898,0.000722902890771715,-5.80086608938273,0.0042904098529491,163.105409758382
6.512,0.00428563374076912,-22.6562790223886,0.000722883524237159,-11.8049791023063,0.000722883508054823,-11.804984087917,0.00429029487891706,157.101291282049
6.513,0.0042855135925939,-28.6603932759553,0.000722863273775013,-17.8090939489835,0.000722863233305684,-17.8090979752782,0.00429017459243204,151.097176622067
6.514,0.00428538816205919,-34.6645038134797,0.000722842128052266,-23.8132055288484,0.00072284207036274,-23.8132078930146,0.00429004900645756,145.093065753507
6.515,0.00428525745482542,-40.6686107720157,0.000722820085847899,-29.8173138208024,0.000722820021010315,-29.8173141102108,0.00428991812938133,139.08895859212
6.516,0.0042851214642874,-46.6727142995033,0.000722797145310774,-35.8214187211109,0.000722797084644013,-35.821416885335,0.00428978195896525,133.084855035721
6.517,0.00428498017849459,-52.676814482777,0.000722773304703759,-41.8255200755988,0.000722773258797378,-41.8255164352011,0.00428964049011378,127.080755003906
6.518,0.00428483357915591,-58.6809112894375,0.000722748562386331,-47.8296176604411,0.000722748539252045,-47.829612850996,0.00428949370839473,121.076658498808
6.519,0.00428468164235584,-64.6850045957869,0.000722722917134662,-53.833711211027,0.000722722920808041,-53.8337060721538,0.00428934159565984,115.072565582397
6.52,0.00428452434999593,-70.6890941392414,0.000722696368785373,-59.837800407677,0.00072269639862185,-59.8377958364585,0.00428918413413231,109.068476458487
6.521,0.00428436168638042,-76.6931795455367,0.000722668917693532,-65.841884971273,0.000722668968481501,-65.8418817656509,0.004289021308499,103.064391422915
6.522,0.0042841936464656,-82.6972604022464,0.00072264056515005,-71.8459646026132,0.000722640628021229,-71.8459633220979,0.00428885310964604,97.0603108324341
6.523,0.00428402022996967,-88.701336251944,0.000722611312922411,-77.8500390755935,0.000722611376900443,-77.8500399436055,0.00428867953543054,91.0562350899818
6.524,0.00428384145061244,-94.7054066824394,0.000722581163283349,-83.8541082099536,0.000722581217200196,-83.8541110748407,0.00428850059218383,85.0521645904985
6.525,0.00428365732565338,-100.709471361798,0.000722550117998769,-89.8581719037442,0.000722550152444301,-89.8581762652773,0.00428831629318753,79.0480996797949
6.526,0.00428346787866909,-106.713530058964,0.000722518179079103,-95.8622301044763,0.000722518188043534,-95.8622352011946,0.00428812665721074,73.0440406283913
6.527,0.0042832731317264,-112.717582688912,0.000722485347299577,-101.866282801547,0.000722485329222049,-101.8662877437,0.00428793170242474,67.0399875770481
6.528,0.00428307310452363,-118.72162926593,0.000722451623183983,-107.870330000089,0.000722451581224356,-107.870333924968,0.00428773144983942,61.035940599587
6.529,0.00428286781075831,-124.725669876696,0.000722417005862895,-113.874371691111,0.000722416947349393,-113.874373913646,0.00428752591217961,55.0318996577335
6.53,0.00428265725330982,-130.7297046949,0.000722381494354111,-119.878407839868,0.000722381429503393,-119.878407972205,0.00428731509778488,49.0278646695305
6.531,0.00428244142783163,-136.733733822155,0.000722345086945134,-125.882438334442,0.000722345027078346,-125.882436353633,0.00428709900540458,43.0238355208506
6.532,0.00428222031973891,-142.737757351468,0.000722307781839861,-131.886463022253,0.000722307737406187,-131.886459274231,0.00428687762773455,37.019812146461
6.533,0.0042819939113292,-148.741775269596,0.000722269577515097,-137.8904816715,0.00072226955626786,-137.890476810666,0.00428665095210691,31.0157945478371
6.534,0.00428176218213287,-154.745787410872,0.000722230473027607,-143.894494010407,0.000722230478671313,-143.894488885367,0.00428641895976209,25.0117827966895
6.535,0.00428152511173116,-160.749793507633,0.00072219046812604,-149.898499739743,0.000722190499670463,-149.898495245159,0.00428618163456507,19.0077771137758
6.536,0.00428128268689293,-166.753793202711,0.000722149563568188,-155.902498548991,0.00072214961550211,-155.902495469397,0.00428593896067522,13.0037777934232
6.537,0.00428103490129849,-172.757786052681,0.000722107760522271,-161.906490153464,0.000722107823776408,-161.906489026323,0.00428569093149742,6.99978519447864
6.538,0.00428078175947435,-178.761771615832,0.000722065061070406,-167.910474336436,0.000722065124601261,-167.910475358337,0.00428543754473026,0.995799726493773
6.539,0.0042805232740901,175.234250519964,0.000722021467215243,-173.914450923661,0.000722021519933272,-173.914453916032,0.00428517880882852,-5.00817821905279
6.54,0.00428025946306485,169.230280680577,0.000721976981363265,-179.918419808753,0.000721977014068692,-179.918424249064,0.00428491473641746,-11.0121483012315
6.541,0.00427999035069181,163.226319088867,0.000721931604934199,174.07761905444,0.000721931611922532,174.07761394143,0.00428464534807981,-17.0161102572474
6.542,0.00427971596039114,157.222365819434,0.000721885339147307,168.073665675741,0.000721885319204369,168.073660782629,0.00428437066220541,-23.0200639437773
6.543,0.00427943631089031,151.21842084924,0.000721838184341988,162.069720053751,0.000721838140954878,162.069716234665,0.00428409069951513,-29.0240093163376
6.544,0.0042791514154562,145.21448408287,0.000721790139825223,156.065782183641,0.000721790080572561,156.065780105143,0.0042838054730988,-35.0279463918506
6.545,0.00427886127759731,139.210555377539,0.000721741204530285,150.061852130796,0.000721741139758355,150.061852155541,0.00428351499157395,-41.0318752623061
6.546,0.00427856589285984,133.206634591875,0.000721691376667664,144.057929991263,0.000721691317683737,144.05793211472,0.00428321925314132,-47.0357960521135
6.547,0.00427826524630038,127.202721662777,0.000721640654840075,138.054015933248,0.000721640611938399,138.054019784531,0.00428291825078045,-53.0397088170417
6.548,0.00427795931972334,121.198816617193,0.000721589037587453,132.050110185407,0.00072158901825255,132.050115092052,0.00428261197166775,-59.0436135486
6.549,0.00427764809412931,115.194919617574,0.000721536523912513,126.046213029723,0.000721536531513386,126.046218135111,0.00428230039718498,-65.0475101460736
6.55,0.00427733154935322,109.19103094468,0.000721483113742791,120.042324768398,0.000721483146945866,120.042329181309,0.00428198351144062,-71.0513984007867
6.551,0.00427700967272487,103.187150968969,0.00072142880806226,114.038445704614,0.000721428861065369,114.038448654804,0.0042816613016427,-77.0552780155161
6.552,0.0042766824610284,97.1832801233363,0.00072137360807871,108.034576124262,0.000721373671625045,108.034577096906,0.00428133375883376,-83.0591486149209
6.553,0.00427634991782028,91.1794188600607,0.000721317516039924,102.030716239956,0.000721317579034787,102.030715065494,0.00428100088540538,-89.0630097984789
6.554,0.00427601205739169,85.17556758384,0.000721260534074252,96.0268662203734,0.000721260585522195,96.0268631040654,0.00428066268705747,-95.0668611694339
6.555,0.00427566889839379,79.1717266129052,0.000721202664409178,90.0230261721447,0.000721202695333287,90.0230216582,0.00428031918119044,-101.070702390182
6.556,0.00427532046603445,73.167896155023,0.000721143908721572,84.01919613604,0.000721143913729893,84.0191910125778,0.00427997038460941,-107.074533210865
6.557,0.00427496678332091,67.1640762967971,0.000721084268289753,78.0153761201073,0.000721084246515474,78.0153712815514,0.00427961631967086,-113.07835350123
6.558,0.00427460787076958,61.1602670013761,0.000721023743197681,72.0115661223541,0.000721023698449157,72.0115624132862,0.00427925700631859,-119.082163193763
6.559,0.00427424373932988,55.1564681570097,0.000720962333035552,66.0077661541162,0.000720962273130191,66.0077642218493,0.0042788924571354,-125.085962347445
6.56,0.00427387439321666,49.1526796152268,0.000720900036649981,60.0039762674371,0.000720899972048509,60.0039764490426,0.00427852268034409,-131.089751039678
6.561,0.00427349982740087,43.1489012662255,0.000720836852569093,54.0001965683665,0.000720836794548806,54.0001988318732,0.00427814767586693,-137.093529371527
6.562,0.00427312002791631,37.1451330287826,0.000720772779034712,47.9964272408006,0.000720772737720737,47.9964311908225,0.00427776743476499,-143.097297422249
6.563,0.00427273497663656,31.1413749640133,0.000720707815011927,41.9926685039953,0.000720707797610203,41.9926734507984,0.00427738194464439,-149.101055167549
6.564,0.00427234465311214,25.1376272325014,0.000720641959503457,35.9889206476327,0.000720641969043824,35.9889257275759,0.00427699118867883,-155.104802506428
6.565,0.00427194904065601,19.1338901173353,0.000720575212722875,29.9851839901862,0.000720575247531517,29.9851883165029,0.00427659514992345,-161.10853920512
6.566,0.0042715481266211,13.1301639897134,0.000720507575578039,23.9814588160079,0.000720507629571159,23.9814616336057,0.00427619381664899,-167.112264970528
6.567,0.00427114190803543,7.12644930710284,0.000720439049596373,17.9777454007022,0.000720439113343549,17.9777462179553,0.00427578718194916,-173.115979421187
6.568,0.00427073038975133,1.12274650831249,0.000720369636966913,11.9740439821853,0.000720369699338292,11.9740426567169,0.00427537524780829,-179.11968215201
6.569,0.00427031358819056,-4.88094400528436,0.000720299340059936,5.97035471118621,0.000720299390169526,5.97035147467375,0.0042749580228804,174.876627228226
6.57,0.00426989152276585,-10.8846219189134,0.000720228160956356,-0.0333223137451844,0.0007202281900621,-0.0333268960658561,0.00427453552289333,168.872949051961
6.571,0.00426946421829602,-16.8882870425142,0.000720156101646352,-6.03698704956114,0.000720156104675335,-6.03699217761199,0.00427410776806556,162.869283564318
6.572,0.00426903169896571,-22.8919392728776,0.000720083163131406,-12.0406394896039,0.00072008313956406,-12.040644268162,0.00427367477902276,156.865630900784
6.573,0.00426859398306208,-28.8955786962436,0.000720009345668759,-18.044279635688,0.000720009299627973,-18.044283230671,0.00427323657691148,150.86199109675
6.574,0.00426815108461178,-34.8992053859991,0.000719934648913151,-24.0479074728272,0.000719934588442976,-24.0479092568835,0.00427279317350838,144.858364111104
6.575,0.00426770300535138,-40.9028195007068,0.000719859071585736,-30.0515229403556,0.000719859007245902,-30.0515226023433,0.00427234457812181,138.854749850936
6.576,0.0042672497404831,-46.9064211517825,0.000719782612324707,-36.0551259348798,0.000719782555346522,-36.0551235341324,0.00427189078934319,132.851148221508
6.577,0.00426679127695697,-52.9100104057444,0.000719705269610132,-42.0587162648791,0.000719705229935825,-42.0587122207903,0.00427143179930976,126.847559150218
6.578,0.0042663275955863,-58.9135872154583,0.00071962704239301,-48.0622936950579,0.00071962702694081,-48.0622887138151,0.00427096759432922,120.843982680116
6.579,0.00426585867766659,-64.9171513823124,0.000719547929893321,-54.0658579426937,0.000719547941351035,-54.0658528939596,0.00427049815811564,114.840418916898
6.58,0.00426538450576256,-70.920702622139,0.000719467932374518,-60.0694086942568,0.000719467968731983,-60.069404459334,0.00427002347683804,108.836868084856
6.581,0.00426490507094354,-76.9242405593218,0.000719387050959775,-66.0729456489173,0.000719387105861529,-66.0729429669061,0.00426954353765408,102.833330501364
6.582,0.00426442036797072,-82.9277647318305,0.000719305287174732,-72.076468539521,0.000719305351031033,-72.0764678783246,0.0042690583345688,96.8298065476392
6.583,0.00426393040674068,-88.931274707462,0.000719222643491421,-78.0799771329595,0.000719222705153369,-78.0799786076526,0.00426856787089865,90.8262966292838
6.584,0.00426343520076636,-94.9347700830565,0.000719139122172574,-84.0834712908974,0.000719139170878727,-84.0834746436975,0.00426807215661795,84.8228011351976
6.585,0.00426293477290274,-100.938250553241,0.000719054725478793,-90.0869509052922,0.00071905475273338,-90.0869555506219,0.00426757120787481,78.819320392646
6.586,0.00426242914700737,-106.941715925522,0.000718969455295807,-96.0904159406109,0.000718969456350707,-96.0904210673728,0.00426706504560201,72.8158546362983
6.587,0.00426191834829426,-112.945166135045,0.000718883312804433,-102.093866389524,0.000718883287486402,-102.093871102725,0.00426655369198772,66.8124040052998
6.588,0.004261402394307,-118.948601233497,0.00071879629815321,-108.097302249703,0.000718796250892222,-108.097305726699,0.00426603716493312,60.8089685302315
6.589,0.00426088129991774,-124.952021327419,0.000718708411049702,-114.100723512886,0.000718708350103795,-114.100725146969,0.00426551548065808,54.8055481577399
6.59,0.00426035506577185,-130.95542655717,0.000718619650418864,-120.104130099815,0.000718619586431127,-120.104129606083,0.00426498864437499,48.8021427859486
6.591,0.00425982368704177,-136.958817034741,0.000718530014763824,-126.10752190525,0.000718529958903688,-126.107519370279,0.00426445665743118,42.7987523429268
6.592,0.00425928715091665,-142.962192824648,0.000718439502696417,-132.110898744298,0.000718439464709875,-132.110894610962,0.00426391950994333,36.795376758408
6.593,0.00425874543859195,-148.965553842613,0.000718348113291885,-138.114260359702,0.000718348099801012,-138.114255349799,0.00426337719011434,30.7920160677389
6.594,0.00425819853150928,-154.968899928772,0.000718255846003597,-144.117606467495,0.000718255859352095,-144.117601455696,0.00426282968182889,24.7886703976612
6.595,0.00425764641407649,-160.972230748018,0.000718162701198227,-150.120936757664,0.000718162739044253,-150.120932618806,0.00426227697070549,18.7853399925218
6.596,0.00425708907689715,-166.975545932697,0.000718068679906091,-156.124250937069,0.000718068735633107,-156.12424839344,0.00426171904515533,12.7820251458829
6.597,0.00425652651842187,-172.978845024089,0.000717973784179296,-162.127548724046,0.000717973848052882,-162.127548219339,0.0042611559017374,6.7787262651916
6.598,0.00425595874596392,-178.982127577639,0.000717878016260355,-168.13082991448,0.000717878077128692,-168.13083153639,0.00426058754251836,0.775443754797586
6.599,0.00425538577721805,175.014606795979,0.000717781378488775,-174.134094337759,0.00071778142572976,-174.134097802749,0.00426001398036962,-5.22782200142678
6.6,0.00425480763421794,169.011358400151,0.000717683873408683,179.862658085178,0.000717683898783667,179.862653382309,0.00425943523105023,-11.2310706812189
6.601,0.00425422434141927,163.008127409423,0.000717585502839973,173.859427396104,0.000717585501930629,173.859422276517,0.00425885131663307,-17.2343020529303
6.602,0.00425363592404962,157.004913888654,0.000717486267779823,167.856213603133,0.000717486240757494,167.85620896056,0.00425826225909482,-23.2375159893677
6.603,0.00425304240143072,151.00171779562,0.00071738616874255,161.853016698008,0.000717386120336149,161.853013342732,0.00425766807776924,-29.2407124693191
6.604,0.004252443785017,144.998539007751,0.000717285205169153,155.849836720185,0.000717285143837568,155.849835237614,0.00425706878667043,-35.2438915380001
6.605,0.00425184007841022,138.995377374018,0.000717183376150178,149.846673728232,0.000717183312604039,149.84667437676,0.00425646439405175,-41.2470532923689
6.606,0.00425123127459146,132.992232799752,0.000717080680237904,143.843527841733,0.000717080625569045,143.843530507701,0.00425585489682623,-47.2501978128116
6.607,0.00425061736105858,126.989105241717,0.000716977116310084,137.840399261192,0.000716977080055402,137.840403478812,0.00425524029002466,-53.2533251630829
6.608,0.00424999832030907,120.98599475455,0.000716872683228217,131.837288232262,0.000716872671705893,131.837293264994,0.00425462055794033,-59.2564352882628
6.609,0.00424937413406407,114.982901570009,0.000716767380867111,125.834195052428,0.000716767396075475,125.834200021612,0.00425399568680459,-65.2595280740524
6.61,0.00424874478756549,108.979825976955,0.000716661209490762,119.8311200258,0.00071666124876172,119.83112406406,0.00425336566345936,-71.2626032574782
6.611,0.00424811027145593,102.976768375148,0.000716554170629228,113.828063458781,0.000716554227096348,113.828065861432,0.00425273047634792,-77.2656605280963
6.612,0.00424747058642262,96.9737292215819,0.000716446265985975,107.825025619413,0.000716446329785115,107.825025967433,0.00425209012258025,-83.2686994808587
6.613,0.00424682574199837,90.9707089574606,0.000716337498192694,101.822006720838,0.00071633755818523,101.822004953944,0.00425144460739407,-89.271719715324
6.614,0.00424617575423317,84.9677079707164,0.000716227869768418,95.8190069073928,0.000716227915486018,95.8190033344866,0.00425079394213155,-95.2747208451501
6.615,0.00424552064666594,78.9647265525533,0.000716117382966965,89.8160262760643,0.000716117406438329,89.816021521224,0.00425013814484651,-101.277702552396
6.616,0.00424486044575559,72.9617648845413,0.000716006039763692,83.8130648600499,0.000716006036904494,83.8130597535225,0.00424947723785841,-107.280664608281
6.617,0.00424419517594812,66.9588230076892,0.000715893841425556,77.8101226637396,0.000715893812749203,77.8101180969671,0.00424881124239817,-113.283606912414
6.618,0.00424352485582576,60.9559008715585,0.000715780788079503,71.8071996983479,0.000715780738605013,71.8071964683456,0.00424814017974391,-119.286529404983
6.619,0.00424284949746106,54.9529983686489,0.000715666879409646,65.8042959834511,0.000715666817783173,65.8042946537057,0.00424746406282088,-125.289432179184
6.62,0.00424216910320586,48.9501153447937,0.000715552114600904,59.8014115982748,0.000715552051584672,59.8014124004393,0.00424678289861324,-131.292315321409
6.621,0.00424148366781394,42.9472517004565,0.00071543649225248,53.7985466680313,0.000715436438845218,53.7985494615685,0.00424609668696913,-137.2951788872
6.622,0.00424079317712103,36.9444074253596,0.000715320011194575,47.7957013946771,0.000715319976711733,47.795705691481,0.00424540541997475,-143.298022952014
6.623,0.00424009761486191,30.9415825636848,0.000715202670638318,41.7928760343782,0.000715202661087161,41.7928810840609,0.00424470908434266,-149.300847453883
6.624,0.0042393969630329,24.9387773594114,0.000715084470425365,35.7900708748799,0.000715084487458397,35.7900757958211,0.0042440076652846,-155.303652245508
6.625,0.00423869120782158,18.9359921208571,0.0007149654111113,29.7872862356005,0.000714965451740364,29.787290168872,0.00424330115066169,-161.30643709041
6.626,0.0042379803414377,12.9332272436398,0.000714845494127588,23.7845224188417,0.000714845551248092,23.7845246781329,0.00424258953045108,-167.309201639273
6.627,0.0042372643655007,6.93048319065263,0.000714724721596408,17.7817796916471,0.000714724785229725,17.7817798830205,0.00424187280371522,-173.311945506821
6.628,0.00423654328922966,0.927760403322108,0.000714603095975678,11.7790582588497,0.000714603155012427,11.7790563494315,0.00424115097384674,-179.314668276025
6.629,0.00423581713156448,-5.07494073750835,0.000714480619896002,5.7763582674618,0.00071448066403567,5.77635459108733,0.0042404240555111,174.682630429588
6.63,0.00423508591667447,-11.0776199450646,0.000714357295716168,-0.226320190728371,0.000714357317264381,-0.226324991881786,0.00423969206666251,168.679950923125
6.631,0.00423434967069229,-17.0802770438745,0.000714233125588836,-6.22897708293214,0.000714233120798705,-6.22898217052068,0.00423895502984465,162.677293424446
6.632,0.00423360841706255,-23.0829120090776,0.000714108110426059,-12.2316124025047,0.000714108080149722,-12.2316168884069,0.00423821296876439,156.674658049073
6.633,0.00423286217633635,-29.0855248920427,0.000713982250675258,-18.2342261422793,0.000713982200212343,-18.2342292436354,0.00423746590155146,150.672044807258
6.634,0.00423211095977175,-35.0881157879418,0.000713855546076805,-24.2368182646442,0.000713855484246739,-24.236819440481,0.00423671384274611,144.669453646935
6.635,0.0042313547687126,-41.0906848577762,0.000713727995656254,-30.2393887022358,0.000713727933256818,-30.2393877478309,0.00423595680026106,138.666884472942
6.636,0.00423059359813179,-47.0932321887038,0.000713599598198181,-36.2419373117916,0.000713599546119737,-36.2419343943183,0.00423519477155007,132.664337228369
6.637,0.00422982743534159,-53.0957578202321,0.000713470352687338,-42.2444638897137,0.000713470320012085,-42.2444595189591,0.00423442775019027,126.661811843821
6.638,0.00422905626289609,-59.0982616191389,0.000713340258415697,-48.2469681731866,0.000713340250833707,-48.2469631124716,0.00423365572294446,120.659308378697
6.639,0.00422828006407616,-65.1007434117227,0.000713209315275033,-54.2494498629992,0.000713209334093339,-54.2494449958672,0.00423287867629099,114.65682701182
6.64,0.00422749882613802,-71.1032028460733,0.000713077524189133,-60.2519086513693,0.000713077566106435,-60.2519048273265,0.00423209659745379,108.654367981892
6.641,0.00422671254199485,-77.1056394992319,0.00071294488647835,-66.2543442309667,0.000712944944164176,-66.2543421172064,0.004231309478439,102.651931635067
6.642,0.00422592121371233,-83.1080529341149,0.000712811404456883,-72.256756336866,0.000712811467833585,-72.2567563018582,0.00423051731762013,96.6495183733331
6.643,0.00422512485393346,-89.1104427092661,0.000712677080649575,-78.2591447689927,0.000712677138652967,-78.2591468182518,0.00422972012218034,90.6471286038584
6.644,0.00422432348104199,-95.1128084415748,0.000712541917849363,-84.2615093710241,0.000712541960360372,-84.2615131462492,0.00422891790513339,84.6447627048768
6.645,0.00422351711912782,-101.115149852668,0.000712405918530386,-90.2638500709467,0.000712405938140475,-90.2638549126698,0.00422811068697439,78.6424209860024
6.646,0.00422270579447813,-107.117466783558,0.000712269084509406,-96.2661668289712,0.000712269077811745,-96.2661718917571,0.00422729849108322,72.6401036566645
6.647,0.00422188953402811,-113.119759196998,0.000712131417090804,-102.268459640391,0.000712131385272151,-102.268464040465,0.0042264813384038,66.6378108430875
6.648,0.00422106835405504,-119.122027148764,0.000711992916533374,-108.270728483268,0.000711992865163833,-108.270731452796,0.00422565924999279,60.635542518903
6.649,0.00422024226651169,-125.124270757553,0.000711853582716857,-114.272973340277,0.000711853520774757,-114.272974361357,0.00422483223977219,54.6332986692784
6.65,0.00421941127536445,-131.126490170605,0.000711713414669931,-120.275194109435,0.000711713352972528,-120.275193004425,0.00422400031579368,48.6310791738063
6.651,0.00421857537304701,-137.128685461161,0.000711572411321358,-126.277390654614,0.000711572360635676,-126.277387617038,0.00422316347423332,42.6288839681662
6.652,0.00421773454790364,-143.130856648308,0.000711430571686242,-132.279562770852,0.000711430540849998,-132.279558331508,0.00422232170880896,36.626713024178
6.653,0.00421688878195133,-149.133003626399,0.000711287895260631,-138.281710178181,0.000711287889641188,-138.281705112384,0.00422147500805155,30.6245664153742
6.654,0.00421603806026847,-155.135126162296,0.000711144382050802,-144.28383258299,0.00071114440261089,-144.283827775165,0.00422062335839892,24.6224442863462
6.655,0.00421518236968185,-161.137223928816,0.000711000032943004,-150.285929674602,0.000711000076075824,-150.28592596387,0.00421976674752882,18.6203469143934
6.656,0.00421432170610896,-167.139296503059,0.000710854849620192,-156.288001142044,0.000710854907782164,-156.287999175764,0.00421890516796141,12.6182746474148
6.657,0.00421345607218228,-173.141343424805,0.000710708834543139,-162.290046728166,0.000710708897573265,-162.290046848999,0.00421803862140208,6.61622788667128
6.658,0.0042125854810042,-179.143364257445,0.000710561990189221,-168.292066225804,0.000710562047084309,-168.292068411996,0.00421716711271499,0.614207047129588
6.659,0.00421170995113711,174.854641373368,0.000710414319392003,-174.294059495373,0.000710414360227586,-174.294063364665,0.00421629065840795,-5.38778749982947
6.66,0.00421082950925393,168.852673738942,0.000710265824576112,179.703973544689,0.000710265842237698,179.703968668218,0.00421540927950078,-11.3897554477371
6.661,0.00420994418068172,162.850732993159,0.00071011650791602,173.702032928506,0.00071011649933866,173.702027896364,0.00421452299729732,-17.3916965940756
6.662,0.00420905399257497,156.848819164733,0.000709966370406097,167.700118669993,0.000709966337106277,167.700114360583,0.0042136318363544,-23.3936108256629
6.663,0.00420815896180611,150.846932196999,0.000709815412620779,161.698230769114,0.000709815360428334,161.698227934398,0.00421273581602606,-29.3954981478094
6.664,0.0042072590998867,144.845071968964,0.000709663634178286,155.696369288182,0.000709663572215738,155.696368422468,0.0042118349499995,-35.3973586160384
6.665,0.00420635440913928,138.843238336343,0.000709511034334725,149.694534298093,0.000709510973422714,149.694535551834,0.00421092924596797,-41.3991923086424
6.666,0.00420544488418535,132.841431235995,0.000709357612104397,143.692725966329,0.000709357562871968,143.692729119976,0.00421001870227357,-47.4009993132192
6.667,0.00420453051159421,126.839650665379,0.000709203366668915,137.690944497147,0.000709203337698682,137.690948999598,0.00420910331065576,-53.4027796444222
6.668,0.00420361127561844,120.837896715716,0.000709048297402771,131.689190169269,0.000709048293734646,131.689195234174,0.00420818306087406,-59.404533205768
6.669,0.00420268716104982,114.836169659149,0.000708892404730768,125.687463284601,0.000708892426985151,125.6874680277,0.00420725793948405,-65.4062598536659
6.67,0.00420175815559469,108.834469820259,0.000708735689610352,119.685764160171,0.000708735733883295,119.685767753678,0.00420632793477055,-71.4079593019972
6.671,0.00420082425747861,102.832797635327,0.000708578153778232,113.684093091855,0.000708578212326295,113.684094908931,0.00420539304150789,-77.4096311994605
6.672,0.00419988546852999,96.8311535560829,0.000708419799758522,107.682450355046,0.000708419862353177,107.682450079142,0.00420445326057072,-83.411275129812
6.673,0.00419894180428182,90.8295380174573,0.000708260630179124,101.680836134432,0.000708260685893788,101.680833814439,0.00420350859942061,-89.4128906877186
6.674,0.0041979932840582,84.8279513927312,0.000708100648089481,95.6792505840047,0.00070810068720696,95.6792466255908,0.0042025590750109,-95.4144775017614
6.675,0.00419703993516505,78.8263939463864,0.000707939855796408,89.6776937731914,0.000707939871503752,89.6776888678665,0.00420160470822741,-101.416035268897
6.676,0.00419608178290287,72.824865817899,0.00070777825539927,83.6761657390644,0.000707778244974413,83.6761607433756,0.00420064552235282,-107.417563797829
6.677,0.00419511885412206,66.8233670491489,0.000707615848160597,77.6746664957184,0.000707615813444087,77.6746622816802,0.00419968154098283,-113.41906297508
6.678,0.00419415116690586,60.8218975632061,0.000707452634407876,71.6731960509585,0.000707452581477956,71.6731933538357,0.00419871278406577,-119.420532802688
6.679,0.00419317873113653,54.820457240943,0.000707288614094659,65.6717544663956,0.00070728855220303,65.6717537564116,0.00419773926552476,-125.421973350545
6.68,0.00419220155003121,48.8190459670004,0.00070712378636203,59.6703418275201,0.000707123726316668,59.6703432278745,0.00419676099227715,-131.423384690097
6.681,0.00419121961731765,42.8176636490041,0.000706958150208999,53.6689582992755,0.000706958102486695,53.6689615647661,0.00419577796252754,-137.424766891593
6.682,0.00419023292082781,36.8163102986139,0.000706791705101678,47.6676040948482,0.000706791678019951,47.6676086548059,0.0041947901689866,-143.426119972082
6.683,0.00418924144419964,30.8149860612193,0.0007066244505855,41.6662795044447,0.000706624448852869,41.6662845624648,0.00419379760013157,-149.427443843944
6.684,0.00418824517319789,24.81369116116,0.000706456387157498,35.6649848292,0.000706456411054819,35.6649895022381,0.0041928002449925,-155.428738330286
6.685,0.00418724409773594,18.8124259728502,0.000706287515759803,29.6637203855793,0.000706287561094999,29.66372385812,0.00419179809274496,-161.4300031244
6.686,0.00418623821558741,12.8111909215953,0.000706117838535169,23.6624864755557,0.000706117897378626,23.6624881419353,0.0041907911377828,-167.431237897177
6.687,0.00418522753072464,6.80998646480667,0.000705947357895576,17.661283361705,0.00070594741996717,17.6612829317509,0.00418977938320278,-173.432442220491
6.688,0.00418421205943453,0.808813033462247,0.000705776076781208,11.6601112362201,0.000705776131246352,11.6601087857814,0.00418876283710458,-179.433615682774
6.689,0.00418319182219346,-5.1923290028232,0.000705603998024232,5.65897024409503,0.000705604035385143,5.65896620166296,0.00418774151655312,174.565242082088
6.69,0.00418216684649993,-11.1934393858951,0.000705431124089496,-0.342139542013407,0.000705431137841516,-0.342144470233975,0.00418671544413785,168.5641313698
6.691,0.00418113715866683,-17.1945179780956,0.000705257457230319,-6.34321808628583,0.000705257444994453,-6.34322303975131,0.00418568464324534,162.563052372314
6.692,0.00418010278382238,-23.1955647540034,0.000705082998500641,-12.3442653775462,0.00070508296243509,-12.3442694916421,0.00418464913757575,156.562005189659
6.693,0.00417906374122026,-29.1965797914421,0.000704907748441648,-18.3452813907102,0.000704907694861164,-18.345283947671,0.00418360894784487,150.560989818626
6.694,0.00417802004057918,-35.1975631941624,0.000704731706808516,-24.3462660748614,0.000704731645078714,-24.3462666289988,0.0041825640856999,144.560006206755
6.695,0.00417697168488626,-41.1985151061941,0.000704554873069796,-30.3472193257116,0.000704554813970013,-30.3472177811015,0.00418151456047702,138.559054248383
6.696,0.00417591866772833,-47.1994355699503,0.00070437724645162,-36.3481409816477,0.00070437720029253,-36.348137608735,0.00418046036982252,132.558133911916
6.697,0.00417486097696162,-53.2003245758492,0.000704198826124618,-42.3490308101717,0.000704198800949324,-42.3490261984179,0.00417940150531155,126.557245175315
6.698,0.00417379859732775,-59.2011819793885,0.000704019611917238,-48.349888525475,0.000704019612099719,-48.3498834803394,0.00417833795822735,120.55638814171
6.699,0.00417273151549164,-65.2020075363582,0.000703839604521642,-54.3507138284217,0.000703839630006791,-54.3507092306823,0.00417726971534521,114.555563002402
6.7,0.00417165972184527,-71.2028008693155,0.000703658805009836,-60.3515063814486,0.000703658851327139,-60.3515030334323,0.00417619676832425,108.554770041794
6.701,0.00417058321506906,-77.2035615565445,0.000703477215617953,-66.352265902389,0.000703477274665705,-66.3522643879585,0.00417511911324533,102.554009636138
6.702,0.00416950200071304,-83.2042891209019,0.000703294838985811,-72.3529921218965,0.000703294900448296,-72.3529927046276,0.00417403675190799,96.5532821967414
6.703,0.00416841609633153,-89.2049831384973,0.000703111677890722,-78.353684849688,0.000703111731040468,-78.3536874269949,0.00417294969608979,90.5525881333449
6.704,0.00416732552299639,-95.2056432487556,0.000702927735330777,-84.354343948331,0.000702927770900982,-84.3543480695246,0.00417185796283225,84.5519278147399
6.705,0.00416623030839919,-101.206269197216,0.00070274301407117,-90.3549693403013,0.000702743025871465,-90.3549742854019,0.00417076157455172,78.5513015307257
6.706,0.00416513047958429,-107.206860856769,0.000702557516004462,-96.3555609916464,0.000702557501998283,-96.3555658971677,0.00416966055535917,72.5507094669995
6.707,0.00416402606258606,-113.207418204417,0.000702371242357837,-102.356118887757,0.000702371205013879,-102.356122897488,0.00416855492936858,66.5501517162483
6.708,0.00416291707429322,-119.207941312969,0.000702184193828045,-108.3566430004,0.000702184139685162,-108.356645414849,0.00416744471677218,60.5496282856545
6.709,0.00416180352605738,-125.208430289602,0.000701996370014765,-114.357133277437,0.000701996308536991,-114.357133675865,0.00416632993253682,54.5491390934035
6.71,0.00416068542001105,-131.208885273627,0.000701807770566303,-120.357589601496,0.000701807712488491,-120.357587915232,0.00416521058057129,48.548684076933
6.711,0.00415956274959007,-137.209306313779,0.000701618394681557,-126.358011798475,0.000701618350134841,-126.358008322753,0.00416408666114867,42.5482631847491
6.712,0.00415843550325149,-143.20969336933,0.000701428241785325,-132.358399641625,0.000701428218529759,-132.35839498389,0.00416295816702909,36.5478764083911
6.713,0.00415730366656366,-149.210046302251,0.000701237311985521,-138.35875283534,0.000701237314058211,-138.358747809089,0.00416182508747601,30.5475238549973
6.714,0.00415616722682259,-155.210364833017,0.000701045605783616,-144.359071073158,0.000701045632797878,-144.359066555851,0.00416068741234847,24.5472057338719
6.715,0.00415502617565983,-161.210648591447,0.000700853124564283,-150.359354028278,0.000700853171781485,-150.359350808152,0.00415954513368315,18.5469223469106
6.716,0.00415388051284391,-167.210897152494,0.000700659870674954,-156.359601403355,0.000700659929835745,-156.359600041882,0.00415839824683539,12.5466740536438
6.717,0.00415273024554682,-173.211110032771,0.000700465846807969,-162.359812935173,0.000700465907577078,-162.359813669153,0.00415724675716458,6.54646128579053
6.718,0.00415157538984068,-179.211286811114,0.000700271055910221,-168.359988439495,0.000700271107682097,-168.359991139871,0.00415609067631452,0.54628444758533
6.719,0.00415041597108848,174.788572866109,0.000700075501107357,-174.360127784867,0.000700075534857149,-174.360131979417,0.00415493002118419,-5.45385609345218
6.72,0.00414925201452497,168.78846924646,0.000699879184808654,179.639769113502,0.000699879194665498,179.639764157586,0.00415376481546686,-11.4539600553644
6.721,0.00414808355025205,162.788402463139,0.000699682109319191,173.63970228596,0.000699682093587495,173.639697434045,0.00415259508431238,-17.4540272496909
6.722,0.00414691060130903,156.788372513452,0.000699484275907732,167.639671758417,0.00069948423735881,167.639667857319,0.00415142085285046,-23.4540575963944
6.723,0.00414573318692879,150.788379322364,0.000699285684979842,161.639677542119,0.000699285630363741,161.639675272304,0.0041502421393466,-29.4540510899554
6.724,0.00414455131808335,144.788422798456,0.000699086336494085,155.639719722422,0.000699086275357586,155.639719479307,0.00414905895742451,-35.4540078098399
6.725,0.00414336499470559,138.788502816246,0.000698886230039078,149.639798401378,0.000698886173056866,149.63980022645,0.00414787131574893,-41.4539278200974
6.726,0.00414217421195997,132.788619322114,0.000698685364908546,143.639913776231,0.000698685322019284,143.639917349964,0.0041466792103357,-47.4538111589387
6.727,0.00414097895876262,126.788772369083,0.000698483740673956,137.64006606724,0.000698483719346728,137.640070765043,0.00414548263546929,-53.4536578310132
6.728,0.00413977922049823,120.788962100489,0.000698281357528772,131.640255579225,0.000698281361462305,131.640260580601,0.00414428158236535,-59.4534677038913
6.729,0.00413857498603184,114.78918881962,0.000698078216195194,125.640482629956,0.000698078244676393,125.640487061812,0.00414307604007679,-65.453240580743
6.73,0.00413736624744262,108.789452897136,0.0006978743182515,119.64074754396,0.000697874366284544,119.640750633029,0.00414186600035917,-71.4529761494079
6.731,0.00413615300590169,102.789754768955,0.000697669665947541,113.641050613947,0.000697669725130204,113.641051821706,0.00414065146276331,-77.4526740169891
6.732,0.00413493526989873,96.7900949099362,0.000697464262244297,107.641392098217,0.000697464322237778,107.641391214776,0.00413943243123425,-83.4523337763018
6.733,0.00413371305696506,90.7904737431694,0.000697258110202208,101.641772189033,0.000697258160537324,101.641769369607,0.00413820891777096,-89.4519550121914
6.734,0.00413248639258159,84.790891619337,0.000697051212817766,95.6421910133843,0.000697051244721966,95.6421867510267,0.00413698094310691,-95.4515373649484
6.735,0.00413125530202023,78.791348776625,0.000696843572811167,89.6426486488003,0.000696843580737508,89.6426436881766,0.004135748529718,-101.451080555499
6.736,0.00413001981598892,72.7918453372329,0.000696635192191035,83.6431451308871,0.000696635174782616,83.6431403381732,0.00413451170391343,-107.450584399065
6.737,0.0041287799577417,66.7923813035011,0.000696426072445835,77.6436804868031,0.000696426032768013,77.6436766984385,0.00413327048850839,-113.450048819516
6.738,0.00412753574718966,60.7929566173712,0.000696216214002731,71.6442547375986,0.000696216159003372,71.6442526143042,0.00413202490594452,-119.449473825184
6.739,0.00412628719244838,54.793571144406,0.000696005616870988,65.6448679678073,0.000696005556163813,65.6448678793475,0.00413077496680349,-125.448859475147
6.74,0.00412503429665878,48.794224794749,0.000695794280756559,59.645520293366,0.000695794224940613,59.6455222541535,0.00412952067892243,-131.448205824856
