material,theta_deg,R_TE_mag,R_TM_mag,use_for_main_claim_TE,use_for_main_claim_TM,B_mag,cp_use_for_main_claim,Gamma_same_mag,Gamma_flip_mag,cp_same_branch_source,cp_flip_branch_source,cp_same_branch_interpretation,cp_flip_branch_interpretation,cp_residual_branch_name,cp_dominant_branch_name,cp_residual_branch_mag,cp_dominant_branch_mag,xpd_eff_db,reciprocity_dev_db,leakage_lr_rr_db,leakage_rl_ll_db,port_asym_db,branch_lock_method,use_for_main_claim_candidate,r_hat_yy_sys_mag,r_hat_zz_sys_mag,gamma_x_from_lp_mag,gamma_c_from_lp_mag,leakage_yz_db,leakage_zy_db,leakage_max_db,lp_use_for_main_claim_candidate,ideal_residual_branch_name,ideal_dominant_branch_name,ideal_residual_branch_mag,ideal_dominant_branch_mag,ideal_residual_branch_interpretation,ideal_dominant_branch_interpretation,G_supp_ideal_db,G_supp_patch_alias_db,Delta_G_alias_db,G_supp_patch_db,Delta_G_db,use_for_main_claim,stage4b_note
concrete,10.0,0.3701649034176183,0.3652117846503849,True,True,0.3701649034176183,True,0.0049289751017048,0.3676636464070029,Gamma_X,Gamma_C,same_hand,flipped_hand,gamma_hat_c_cp_raw,gamma_hat_x_cp_sys,0.1084376540195892,0.4450075052959906,7.822425277770923,0.0865564659925824,-4.097665479582383,-12.286799654417388,-0.0883551051652412,lp_anchor_branch_lock_20260414,True,0.5559533966423928,0.423829631968267,0.0874147411850879,0.4865350785289302,-17.281448186720354,-19.106142538356583,-17.281448186720354,True,Gamma_X,Gamma_C,0.0049289751017048,0.3676636464070029,same_hand,flipped_hand,37.512772301719906,10.664302522453411,26.848469779266495,10.664302522453411,26.848469779266495,False,Audit row outside Stage 4b main-claim filter.
concrete,15.0,0.3935360625785249,0.3570270080071237,True,True,0.3935360625785249,True,0.0183801502068053,0.3752754036391661,Gamma_X,Gamma_C,same_hand,flipped_hand,gamma_hat_c_cp_raw,gamma_hat_x_cp_sys,0.1238207637576058,0.4277322992243884,10.258348873398656,0.0745081536596365,-4.745421094624114,-11.383124288553049,-0.0781122162442507,lp_anchor_branch_lock_20260414,True,0.5218308971250555,0.415026319247554,0.0797010189285909,0.4646767698658864,-18.09258569460083,-20.39189951626524,-18.09258569460083,True,Gamma_X,Gamma_C,0.0183801502068053,0.3752754036391661,same_hand,flipped_hand,26.6127095973909,10.043821151311793,16.568888446079107,10.043821151311793,16.568888446079107,False,Audit row outside Stage 4b main-claim filter.
concrete,20.0,0.4175901108139075,0.3579818194700598,True,True,0.4175901108139075,True,0.0298214555483079,0.3877846343646346,Gamma_X,Gamma_C,same_hand,flipped_hand,gamma_hat_c_cp_raw,gamma_hat_x_cp_sys,0.1209396434479761,0.3581666142002739,13.17533366876562,0.0728534116604077,-5.377652061120118,-10.864648739238447,-0.0680163491820544,lp_anchor_branch_lock_20260414,True,0.418476690892729,0.3606774156309841,0.0551506607813703,0.3867337916414993,-20.290292487337616,-22.85023658331671,-20.290292487337616,True,Gamma_X,Gamma_C,0.0298214555483079,0.3877846343646346,same_hand,flipped_hand,22.92442736668508,10.763630429029092,12.160796937655988,10.763630429029092,12.160796937655988,True,Main-claim row retained after LP-anchored branch lock and oblique-range filter.
concrete,25.0,0.4331430797024195,0.3633211259559986,True,True,0.4331430797024195,True,0.0350617383153366,0.3982188575850249,Gamma_X,Gamma_C,same_hand,flipped_hand,gamma_hat_c_cp_raw,gamma_hat_x_cp_sys,0.144673805272731,0.397500353463618,15.64331541479433,0.0550682019354992,-5.982318171274156,-10.649905287341287,-0.0587283673909105,lp_anchor_branch_lock_20260414,True,0.4511330324747081,0.4081557272148974,0.0509481270774314,0.4271545079763139,-19.93271435657605,-22.7298709243765,-19.93271435657605,True,Gamma_X,Gamma_C,0.0350617383153366,0.3982188575850249,same_hand,flipped_hand,21.83595872100936,9.52482950966824,12.311129211341118,9.52482950966824,12.311129211341118,True,Main-claim row retained after LP-anchored branch lock and oblique-range filter.
concrete,30.0,0.4330983018538038,0.3596961221261221,True,True,0.4330983018538038,True,0.0367010964136493,0.3963972113835381,Gamma_X,Gamma_C,same_hand,flipped_hand,gamma_hat_c_cp_raw,gamma_hat_x_cp_sys,0.1686557039713827,0.4288091856561488,19.77787427238774,0.044695845909854,-6.55466939636316,-10.668445187391828,-0.05083767822587,lp_anchor_branch_lock_20260414,True,0.4544941943178621,0.4547569837206422,0.0550778552307902,0.4512782020174834,-20.701186818214627,-23.490276757087894,-20.701186818214627,True,Gamma_X,Gamma_C,0.0367010964136493,0.3963972113835381,same_hand,flipped_hand,21.43814884554638,8.191708943850509,13.24643990169587,8.191708943850509,13.24643990169587,True,Main-claim row retained after LP-anchored branch lock and oblique-range filter.
concrete,35.0,0.4755852233488534,0.3329903176792275,True,True,0.4755852233488534,True,0.0718692012340339,0.4041865238747177,Gamma_X,Gamma_C,same_hand,flipped_hand,gamma_hat_c_cp_raw,gamma_hat_x_cp_sys,0.1667198854136386,0.3769174207147922,22.58510020710044,0.0445637167142722,-7.097074277561276,-10.876352144563349,-0.0446471126957706,lp_anchor_branch_lock_20260414,True,0.3631647699303582,0.4259070652345009,0.0487412807887855,0.3927622413409775,-22.871232096452395,-25.85421246782596,-22.871232096452395,True,Gamma_X,Gamma_C,0.0718692012340339,0.4041865238747177,same_hand,flipped_hand,16.413710687263993,9.104818985958387,7.3088917013056065,9.104818985958387,7.3088917013056065,True,Main-claim row retained after LP-anchored branch lock and oblique-range filter.
concrete,40.0,0.4771709815540915,0.2991731925074519,True,True,0.4771709815540915,True,0.0890121395064678,0.388169050024186,Gamma_X,Gamma_C,same_hand,flipped_hand,gamma_hat_c_cp_raw,gamma_hat_x_cp_sys,0.1943657414262745,0.4195680082846811,21.978291144170484,0.0319061248027675,-7.619167713712169,-11.252199379560814,-0.0400654298135515,lp_anchor_branch_lock_20260414,True,0.3739926446823323,0.4906915912812075,0.0690024115698849,0.430768146338881,-23.18965933348077,-26.334797967983157,-23.18965933348077,True,Gamma_X,Gamma_C,0.0890121395064678,0.388169050024186,same_hand,flipped_hand,14.584495698199113,7.801086109890001,6.783409588309112,7.801086109890001,6.783409588309112,True,Main-claim row retained after LP-anchored branch lock and oblique-range filter.
concrete,45.0,0.534407699310507,0.2563207908879613,True,True,0.534407699310507,True,0.1390440168720759,0.3953640472197333,Gamma_X,Gamma_C,same_hand,flipped_hand,gamma_hat_c_cp_raw,gamma_hat_x_cp_sys,0.2047457527166243,0.3899263727340747,17.01700257097581,0.0345126063625687,-8.13701919977971,-11.790501944124532,-0.0365954333237364,lp_anchor_branch_lock_20260414,True,0.2964963525367886,0.4922169160932875,0.1022157099856451,0.3932539738397187,-25.294457593586596,-29.09056151525003,-25.294457593586596,True,Gamma_X,Gamma_C,0.1390440168720759,0.3953640472197333,same_hand,flipped_hand,11.694408015245495,8.333156100635572,3.361251914609923,8.333156100635572,3.361251914609923,True,Main-claim row retained after LP-anchored branch lock and oblique-range filter.
concrete,50.0,0.5538722925967425,0.2181758326887198,True,True,0.5538722925967425,True,0.1679339473427754,0.3859867803018231,Gamma_X,Gamma_C,same_hand,flipped_hand,gamma_hat_c_cp_raw,gamma_hat_x_cp_sys,0.2326945843382531,0.4086358950770521,13.823436195034716,0.0223622876863195,-8.670860956007344,-12.494426489393902,-0.0334389670723413,lp_anchor_branch_lock_20260414,True,0.2682867297888431,0.5475845451957507,0.1408519049693455,0.407521864498714,-25.43024437115242,-29.82458549729438,-25.43024437115242,True,Gamma_X,Gamma_C,0.1679339473427754,0.3859867803018231,same_hand,flipped_hand,10.365422876345054,7.532467287705266,2.8329555886397877,7.532467287705266,2.8329555886397877,True,Main-claim row retained after LP-anchored branch lock and oblique-range filter.
concrete,55.0,0.5422841214347708,0.1945454668526257,True,True,0.5422841214347708,True,0.1754560624150127,0.3676617653202638,Gamma_X,Gamma_C,same_hand,flipped_hand,gamma_hat_c_cp_raw,gamma_hat_x_cp_sys,0.2506421226727904,0.3760306163708141,9.85444520803416,0.0099334686235823,-9.24204574989665,-13.365924082903485,-0.0297203271034412,lp_anchor_branch_lock_20260414,True,0.1830186399608204,0.5574450236097248,0.1873906000186515,0.3701424714228001,-25.907690482025146,-30.367278521163456,-25.907690482025146,True,Gamma_X,Gamma_C,0.1754560624150127,0.3676617653202638,same_hand,flipped_hand,9.80117018789593,6.7034565637451236,3.097713624150807,6.7034565637451236,3.097713624150807,True,Main-claim row retained after LP-anchored branch lock and oblique-range filter.
concrete,60.0,0.6067206075950933,0.1095960790458175,True,True,0.6067206075950933,False,0.2493676820361736,0.3575980386793164,Gamma_X,Gamma_C,same_hand,flipped_hand,gamma_hat_c_cp_raw,gamma_hat_x_cp_sys,0.2927895086737007,0.3828779941235024,4.4904844189508255,0.0234632655425442,-9.87043373423829,-14.3885923952284,-0.0247740243746014,lp_anchor_branch_lock_20260414,False,0.1224742788663599,0.6216833307332589,0.2497163344580531,0.3720046252980843,-24.88515293025051,-28.247440404337496,-24.88515293025051,False,Gamma_X,Gamma_C,0.2493676820361736,0.3575980386793164,same_hand,flipped_hand,7.722971557303813,6.328664707094523,1.39430685020929,6.328664707094523,1.39430685020929,False,Audit row outside Stage 4b main-claim filter.
concrete,65.0,0.6467309776427766,0.0402790751872433,False,True,0.6467309776427766,False,0.3061245733172841,0.3409243703252547,Gamma_X,Gamma_C,same_hand,flipped_hand,gamma_hat_c_cp_raw,gamma_hat_x_cp_sys,0.3315817401783006,0.3547087247592098,-0.0954862993607017,-0.0686042602380569,-10.5730666757453,-15.495096975307591,-0.0183958116889512,lp_anchor_branch_lock_20260414,False,0.0378195595565731,0.6570251312776517,0.3147013662731852,0.3428087191026654,-23.515044569334755,-25.50379335354905,-23.515044569334755,False,Gamma_X,Gamma_C,0.3061245733172841,0.3409243703252547,same_hand,flipped_hand,6.496509416572209,5.802661143794367,0.6938482727778421,5.802661143794367,0.6938482727778421,False,Audit row outside Stage 4b main-claim filter.
concrete,70.0,0.6470141885811121,0.0717020130299373,False,True,0.6470141885811121,False,0.3435630778933978,0.3063473207934503,Gamma_X,Gamma_C,same_hand,flipped_hand,gamma_hat_c_cp_raw,gamma_hat_x_cp_sys,0.3867252428111354,0.3198300498414571,-0.2339371354307758,-0.0545990962356444,-11.36407298556384,-16.515910942971956,-0.0109576775822116,lp_anchor_branch_lock_20260414,False,0.0898293542621849,0.6987424870854912,0.3911277520669971,0.3085032762988537,-21.973127148881485,-23.194796882357657,-21.973127148881485,False,Gamma_X,Gamma_C,0.3435630778933978,0.3063473207934503,same_hand,flipped_hand,5.498146394726891,4.470225674955545,1.0279207197713465,4.470225674955545,1.0279207197713465,False,Audit row outside Stage 4b main-claim filter.
glass,10.0,0.3328017824363862,0.3427386907771292,True,True,0.3427386907771292,True,0.0049815971120687,0.3377700430240094,Gamma_X,Gamma_C,same_hand,flipped_hand,gamma_hat_c_cp_raw,gamma_hat_x_cp_sys,0.1189360057429829,0.4906360878404475,7.7805227225641875,0.0900614874525936,-4.097665479582383,-12.286799654417388,-0.0883551051652412,lp_anchor_branch_lock_20260414,True,0.6143880847151505,0.466539732700105,0.0969413417461157,0.5368126907099182,-16.41061075862982,-18.23316861821342,-16.41061075862982,True,Gamma_X,Gamma_C,0.0049815971120687,0.3377700430240094,same_hand,flipped_hand,36.7518906499601,9.19299568104115,27.558894968918953,9.19299568104115,27.558894968918953,False,Audit row outside Stage 4b main-claim filter.
glass,15.0,0.4009488464101425,0.3549882231753216,True,True,0.4009488464101425,True,0.0236058611535042,0.3779299820530246,Gamma_X,Gamma_C,same_hand,flipped_hand,gamma_hat_c_cp_raw,gamma_hat_x_cp_sys,0.1336687003636698,0.4678557101706338,10.16930648350247,0.0694289522811225,-4.745421094624114,-11.383124288553049,-0.0781122162442507,lp_anchor_branch_lock_20260414,True,0.5728274774915094,0.4519367674068222,0.0895801681968358,0.5081019141939485,-17.2971507662895,-19.5833245541752,-17.2971507662895,True,Gamma_X,Gamma_C,0.0236058611535042,0.3779299820530246,same_hand,flipped_hand,24.601382398995,9.541184855545252,15.060197543449748,9.541184855545252,15.060197543449748,False,Audit row outside Stage 4b main-claim filter.
glass,20.0,0.47810443050184,0.4124885450022005,True,True,0.47810443050184,True,0.0345795811283431,0.4451624149462181,Gamma_X,Gamma_C,same_hand,flipped_hand,gamma_hat_c_cp_raw,gamma_hat_x_cp_sys,0.1312014171314794,0.3933502522935989,11.66240024848326,0.0800057608814308,-5.377652061120118,-10.864648739238447,-0.0680163491820544,lp_anchor_branch_lock_20260414,True,0.4621453247526197,0.3941236411303482,0.0627394980052062,0.4248748043361364,-19.444294182613845,-21.98015101986418,-19.444294182613845,True,Gamma_X,Gamma_C,0.0345795811283431,0.4451624149462181,same_hand,flipped_hand,22.814060799852555,11.23168484551135,11.582375954341206,11.23168484551135,11.582375954341206,True,Main-claim row retained after LP-anchored branch lock and oblique-range filter.
glass,25.0,0.54474312325267,0.447878798037595,True,True,0.54474312325267,True,0.0484347263718421,0.4963107104552772,Gamma_X,Gamma_C,same_hand,flipped_hand,gamma_hat_c_cp_raw,gamma_hat_x_cp_sys,0.1615018626890175,0.4609640903891519,12.496975158990162,0.0475358559201389,-5.982318171274156,-10.649905287341287,-0.0587283673909105,lp_anchor_branch_lock_20260414,True,0.5340098484216171,0.465882661553165,0.0651873309921446,0.4968465115947466,-18.445179233587677,-21.267189508748977,-18.445179233587677,True,Gamma_X,Gamma_C,0.0484347263718421,0.4963107104552772,same_hand,flipped_hand,21.020698118471373,10.560284416799897,10.460413701671476,10.560284416799897,10.460413701671476,True,Main-claim row retained after LP-anchored branch lock and oblique-range filter.
glass,30.0,0.5771382407821318,0.5005539908155412,True,True,0.5771382407821318,True,0.0383551467879026,0.5388416335641742,Gamma_X,Gamma_C,same_hand,flipped_hand,gamma_hat_c_cp_raw,gamma_hat_x_cp_sys,0.1896237625233374,0.500571581462582,9.25047983151915,0.0243933838291178,-6.55466939636316,-10.668445187391828,-0.05083767822587,lp_anchor_branch_lock_20260414,True,0.5446967916938631,0.5225173517170443,0.0659760807522034,0.5295737278158614,-19.03813834544906,-21.88635580637911,-19.03813834544906,True,Gamma_X,Gamma_C,0.0383551467879026,0.5388416335641742,same_hand,flipped_hand,23.549124043075263,9.66774183397104,13.881382209104224,9.66774183397104,13.881382209104224,True,Main-claim row retained after LP-anchored branch lock and oblique-range filter.
glass,35.0,0.6566304288927852,0.4979334507971402,True,True,0.6566304288927852,True,0.0818005559337042,0.576939589414934,Gamma_X,Gamma_C,same_hand,flipped_hand,gamma_hat_c_cp_raw,gamma_hat_x_cp_sys,0.193162172150367,0.4563300789687054,6.421233093987972,0.0358016223801732,-7.097074277561276,-10.876352144563349,-0.0446471126957706,lp_anchor_branch_lock_20260414,True,0.4540803233053345,0.5056339790300901,0.0558105072131624,0.4773300365136794,-20.98385680933516,-23.853455116260545,-20.98385680933516,True,Gamma_X,Gamma_C,0.0818005559337042,0.576939589414934,same_hand,flipped_hand,18.09129498501625,10.627978479946483,7.463316505069768,10.627978479946483,7.463316505069768,True,Main-claim row retained after LP-anchored branch lock and oblique-range filter.
glass,40.0,0.6518532588210412,0.4715241663866339,True,True,0.6518532588210412,True,0.0902949016959289,0.5616677718979728,Gamma_X,Gamma_C,same_hand,flipped_hand,gamma_hat_c_cp_raw,gamma_hat_x_cp_sys,0.2245113048201447,0.5236626680337939,7.735555425893612,0.0040374377500759,-7.619167713712169,-11.252199379560814,-0.0400654298135515,lp_anchor_branch_lock_20260414,True,0.4965382959485618,0.5912658512557419,0.075718221217755,0.5404553102437072,-21.07987257083608,-23.941294445083532,-21.07987257083608,True,Gamma_X,Gamma_C,0.0902949016959289,0.5616677718979728,same_hand,flipped_hand,17.169732230508874,9.258232542376415,7.911499688132459,9.258232542376415,7.911499688132459,True,Main-claim row retained after LP-anchored branch lock and oblique-range filter.
glass,45.0,0.7169364881352692,0.4247735424871209,True,True,0.7169364881352692,True,0.1473713979419592,0.570523370491541,Gamma_X,Gamma_C,same_hand,flipped_hand,gamma_hat_c_cp_raw,gamma_hat_x_cp_sys,0.2352152029975298,0.4788531684774409,9.337963794433026,0.0451046750326057,-8.13701919977971,-11.790501944124532,-0.0365954333237364,lp_anchor_branch_lock_20260414,True,0.3896597320914502,0.5854334622558671,0.1075552371025192,0.4854834221370545,-23.481389329976952,-26.90066875609613,-23.481389329976952,True,Gamma_X,Gamma_C,0.1473713979419592,0.570523370491541,same_hand,flipped_hand,13.741349619346332,9.680305909476644,4.061043709869688,9.680305909476644,4.061043709869688,True,Main-claim row retained after LP-anchored branch lock and oblique-range filter.
glass,50.0,0.7085195743713462,0.3674386755044301,True,True,0.7085195743713462,True,0.1724087748506612,0.5373832879020297,Gamma_X,Gamma_C,same_hand,flipped_hand,gamma_hat_c_cp_raw,gamma_hat_x_cp_sys,0.2516139704454451,0.4852858203478523,5.19610925167712,0.023596047327071,-8.670860956007344,-12.494426489393902,-0.0334389670723413,lp_anchor_branch_lock_20260414,True,0.3504932697122253,0.6226558673222417,0.1435651523678322,0.4843323803094894,-24.615256254730102,-28.295852909088637,-24.615256254730102,True,Gamma_X,Gamma_C,0.1724087748506612,0.5373832879020297,same_hand,flipped_hand,12.275849746575725,8.992342042928366,3.283507703647359,8.992342042928366,3.283507703647359,True,Main-claim row retained after LP-anchored branch lock and oblique-range filter.
glass,55.0,0.683581065896279,0.2496823257652791,True,True,0.683581065896279,True,0.2176624475392341,0.4662995042426661,Gamma_X,Gamma_C,same_hand,flipped_hand,gamma_hat_c_cp_raw,gamma_hat_x_cp_sys,0.2578333983137328,0.4260086553128029,8.147241096900345,-0.0142138791914597,-9.24204574989665,-13.365924082903485,-0.0297203271034412,lp_anchor_branch_lock_20260414,True,0.2384983703077977,0.601754180158913,0.1849975605805742,0.4186288260292161,-26.38896482007652,-31.185333165026805,-26.38896482007652,True,Gamma_X,Gamma_C,0.2176624475392341,0.4662995042426661,same_hand,flipped_hand,9.940130331926477,8.469017043661845,1.4711132882646325,8.469017043661845,1.4711132882646325,True,Main-claim row retained after LP-anchored branch lock and oblique-range filter.
glass,60.0,0.6774328685370107,0.1528967235224484,True,True,0.6774328685370107,True,0.264492507268833,0.4137512094456494,Gamma_X,Gamma_C,same_hand,flipped_hand,gamma_hat_c_cp_raw,gamma_hat_x_cp_sys,0.2940884545709019,0.42398546573758,3.518590171274288,0.0539294452499587,-9.87043373423829,-14.3885923952284,-0.0247740243746014,lp_anchor_branch_lock_20260414,True,0.1709528847848904,0.6527245571615481,0.2433021654759261,0.4104134408759455,-25.795630227352547,-29.830236856434876,-25.795630227352547,True,Gamma_X,Gamma_C,0.264492507268833,0.4137512094456494,same_hand,flipped_hand,8.169057818403964,7.247765786185337,0.9212920322186271,7.247765786185337,0.9212920322186271,True,Main-claim row retained after LP-anchored branch lock and oblique-range filter.
glass,65.0,0.6496036376167976,0.0570123072157037,False,True,0.6496036376167976,False,0.3044477659320033,0.3463079589159464,Gamma_X,Gamma_C,same_hand,flipped_hand,gamma_hat_c_cp_raw,gamma_hat_x_cp_sys,0.3256865286796709,0.385006735054016,1.879438357478865,-0.0166310337420352,-10.5730666757453,-15.495096975307591,-0.0183958116889512,lp_anchor_branch_lock_20260414,False,0.0701023316224857,0.6736968199309399,0.3030138728427885,0.3708925920567361,-24.293620528369303,-26.683278131075557,-24.293620528369303,False,Gamma_X,Gamma_C,0.3044477659320033,0.3463079589159464,same_hand,flipped_hand,6.582713133471051,5.996973057943964,0.5857400755270872,5.996973057943964,0.5857400755270872,False,Audit row outside Stage 4b main-claim filter.
glass,70.0,0.5534347503349838,0.0596863431542946,False,True,0.5534347503349838,False,0.2574825324805249,0.2977062086792185,Gamma_X,Gamma_C,same_hand,flipped_hand,gamma_hat_c_cp_raw,gamma_hat_x_cp_sys,0.3716824768901413,0.3432601561120055,0.3945110308611292,-0.0778594954070105,-11.36407298556384,-16.515910942971956,-0.0109576775822116,lp_anchor_branch_lock_20260414,False,0.0445680136567142,0.7025598965658504,0.3724498373944379,0.3302584387687269,-22.71715251563616,-23.87292617781771,-22.71715251563616,False,Gamma_X,Gamma_C,0.2574825324805249,0.2977062086792185,same_hand,flipped_hand,6.646373062853531,3.457886770812914,3.1884862920406167,3.457886770812914,3.1884862920406167,False,Audit row outside Stage 4b main-claim filter.
wood,10.0,0.113400779718325,0.104924009639587,True,True,0.113400779718325,True,0.0053084165463128,0.1091155948229075,Gamma_X,Gamma_C,same_hand,flipped_hand,gamma_hat_c_cp_raw,gamma_hat_x_cp_sys,0.0393126719972083,0.1563490398649726,8.01929085659718,0.0785794020612769,-4.097665479582383,-12.286799654417388,-0.0883551051652412,lp_anchor_branch_lock_20260414,True,0.1931025345593896,0.1504543283287275,0.0296426116347673,0.1705400440539252,-26.481382915144096,-28.33084341538416,-26.481382915144096,True,Gamma_X,Gamma_C,0.0053084165463128,0.1091155948229075,same_hand,flipped_hand,26.59302092962131,9.2016695559917,17.39135137362961,9.2016695559917,17.39135137362961,False,Audit row outside Stage 4b main-claim filter.
wood,15.0,0.110170372855287,0.0963957706115268,True,True,0.110170372855287,True,0.0076171399071531,0.1032318119722131,Gamma_X,Gamma_C,same_hand,flipped_hand,gamma_hat_c_cp_raw,gamma_hat_x_cp_sys,0.0459238207538264,0.1480457550948733,10.852074124315068,0.0711297127452566,-4.745421094624114,-11.383124288553049,-0.0781122162442507,lp_anchor_branch_lock_20260414,True,0.1754786453011305,0.1472135812321743,0.0250334287561228,0.160016828113279,-27.591892597682477,-29.92118858128108,-27.591892597682477,True,Gamma_X,Gamma_C,0.0076171399071531,0.1032318119722131,same_hand,flipped_hand,23.205457734144645,7.600536121357189,15.604921612787455,7.600536121357189,15.604921612787455,False,Audit row outside Stage 4b main-claim filter.
wood,20.0,0.129373516705269,0.1000193271918137,True,True,0.129373516705269,True,0.0146823452746066,0.1146957499453795,Gamma_X,Gamma_C,same_hand,flipped_hand,gamma_hat_c_cp_raw,gamma_hat_x_cp_sys,0.0456777241438795,0.1245294830712647,9.073415889457785,0.0839075899512951,-5.377652061120118,-10.864648739238447,-0.0680163491820544,lp_anchor_branch_lock_20260414,True,0.1396044063244004,0.1295635271905177,0.0170484805370168,0.1335964900381365,-29.835804936351863,-32.45275504022649,-29.835804936351863,True,Gamma_X,Gamma_C,0.0146823452746066,0.1146957499453795,same_hand,flipped_hand,18.900999013831278,9.04281852300577,9.858180490825507,9.04281852300577,9.858180490825507,True,Main-claim row retained after LP-anchored branch lock and oblique-range filter.
wood,25.0,0.1741114397471961,0.1287870714332088,True,True,0.1741114397471961,True,0.0228383757231157,0.1514227862771048,Gamma_X,Gamma_C,same_hand,flipped_hand,gamma_hat_c_cp_raw,gamma_hat_x_cp_sys,0.0657948881141005,0.1590549556806169,10.764042863726072,0.0479221498573723,-5.982318171274156,-10.649905287341287,-0.0587283673909105,lp_anchor_branch_lock_20260414,True,0.1652317256020833,0.172202420300732,0.0215057258072488,0.1673552268404759,-28.86801269822328,-31.77538195934317,-28.86801269822328,True,Gamma_X,Gamma_C,0.0228383757231157,0.1514227862771048,same_hand,flipped_hand,17.643241866696037,8.452703080628638,9.1905387860674,8.452703080628638,9.1905387860674,True,Main-claim row retained after LP-anchored branch lock and oblique-range filter.
wood,30.0,0.2265300669423684,0.1558221237123833,True,True,0.2265300669423684,True,0.0353580732790502,0.1911753367659357,Gamma_X,Gamma_C,same_hand,flipped_hand,gamma_hat_c_cp_raw,gamma_hat_x_cp_sys,0.095327292074514,0.2065652336221194,13.952480447191537,0.0299663143122583,-6.55466939636316,-10.668445187391828,-0.05083767822587,lp_anchor_branch_lock_20260414,True,0.196197715041162,0.2344791848829406,0.0305098378139534,0.2140254921811261,-27.75132459188214,-31.005630988879663,-27.75132459188214,True,Gamma_X,Gamma_C,0.0353580732790502,0.1911753367659357,same_hand,flipped_hand,16.1327452355753,7.518171939296571,8.614573296278728,7.518171939296571,8.614573296278728,True,Main-claim row retained after LP-anchored branch lock and oblique-range filter.
wood,35.0,0.2907357395413363,0.156829203214389,True,True,0.2907357395413363,True,0.0671206300927292,0.2237323303184163,Gamma_X,Gamma_C,same_hand,flipped_hand,gamma_hat_c_cp_raw,gamma_hat_x_cp_sys,0.1067832442302419,0.2017785408808866,16.487705100523776,0.0435424514830327,-7.097074277561276,-10.876352144563349,-0.0446471126957706,lp_anchor_branch_lock_20260414,True,0.1623887341135461,0.2477675782110599,0.0474102667002035,0.2040400271193637,-29.72108234024744,-33.48775830338742,-29.72108234024744,True,Gamma_X,Gamma_C,0.0671206300927292,0.2237323303184163,same_hand,flipped_hand,12.73284794413415,8.699906215031245,4.032941729102905,8.699906215031245,4.032941729102905,True,Main-claim row retained after LP-anchored branch lock and oblique-range filter.
wood,40.0,0.3085528778657093,0.1263447745297397,True,True,0.3085528778657093,True,0.0911287578124849,0.2174384734692655,Gamma_X,Gamma_C,same_hand,flipped_hand,gamma_hat_c_cp_raw,gamma_hat_x_cp_sys,0.1376300920381835,0.2314228955171055,1.744823953721777,0.0127999339044717,-7.619167713712169,-11.252199379560814,-0.0400654298135515,lp_anchor_branch_lock_20260414,True,0.1522865743946608,0.3045543655465104,0.0790028554011042,0.2274394038601743,-30.041113002761534,-34.691203099547685,-30.041113002761534,True,Gamma_X,Gamma_C,0.0911287578124849,0.2174384734692655,same_hand,flipped_hand,10.593483020655047,7.0123240223936,3.5811589982614462,7.0123240223936,3.5811589982614462,True,Main-claim row retained after LP-anchored branch lock and oblique-range filter.
wood,45.0,0.3115577080577515,0.0715598288250701,True,True,0.3115577080577515,True,0.1200574253173564,0.1915221185712073,Gamma_X,Gamma_C,same_hand,flipped_hand,gamma_hat_c_cp_raw,gamma_hat_x_cp_sys,0.1339495611910521,0.1937306179464012,5.204703525572479,-0.0368969819675027,-8.13701919977971,-11.790501944124532,-0.0365954333237364,lp_anchor_branch_lock_20260414,True,0.0907135510164986,0.2807633065389135,0.0963700794537991,0.1850355788756791,-31.438475851288903,-36.77313251662908,-31.438475851288903,True,Gamma_X,Gamma_C,0.1200574253173564,0.1915221185712073,same_hand,flipped_hand,8.282989496940548,7.331944102137408,0.9510453948031401,7.331944102137408,0.9510453948031401,True,Main-claim row retained after LP-anchored branch lock and oblique-range filter.
wood,50.0,0.2570722416473022,0.0253240739205002,True,True,0.2570722416473022,False,0.1177098648631195,0.1396714386932994,Gamma_X,Gamma_C,same_hand,flipped_hand,gamma_hat_c_cp_raw,gamma_hat_x_cp_sys,0.1349806969535114,0.1630290778697796,2.345553289275318,-0.059991844965798,-8.670860956007344,-12.494426489393902,-0.0334389670723413,lp_anchor_branch_lock_20260414,False,0.039163669372025,0.2648397615377833,0.1130154390465265,0.1518691440787331,-30.79057812562357,-35.02222731503358,-30.79057812562357,False,Gamma_X,Gamma_C,0.1177098648631195,0.1396714386932994,same_hand,flipped_hand,6.784846469312527,5.595670366960506,1.1891761023520218,5.595670366960506,1.1891761023520218,False,Audit row outside Stage 4b main-claim filter.
wood,55.0,0.2048546599962453,0.0272422379174944,True,True,0.2048546599962453,False,0.0890581052977343,0.1158552523852198,Gamma_X,Gamma_C,same_hand,flipped_hand,gamma_hat_c_cp_raw,gamma_hat_x_cp_sys,0.1414211243105446,0.139053841963877,1.5027461787500649,-0.0879756332935833,-9.24204574989665,-13.365924082903485,-0.0297203271034412,lp_anchor_branch_lock_20260414,False,0.0098489042538902,0.2593759571455367,0.13277866289039,0.1267200381531923,-29.705553444447293,-32.51283250770875,-29.705553444447293,False,Gamma_X,Gamma_C,0.0890581052977343,0.1158552523852198,same_hand,flipped_hand,7.235447926617365,3.218631241024764,4.016816685592601,3.218631241024764,4.016816685592601,False,Audit row outside Stage 4b main-claim filter.
wood,60.0,0.366699787108161,0.0783275633826958,True,True,0.366699787108161,False,0.2208693661448974,0.146692513865131,Gamma_X,Gamma_C,same_hand,flipped_hand,gamma_hat_c_cp_raw,gamma_hat_x_cp_sys,0.2056857262928093,0.1649076101912694,-2.773757359163679,-0.069951553258209,-9.87043373423829,-14.3885923952284,-0.0247740243746014,lp_anchor_branch_lock_20260414,False,0.0666622982550669,0.3551596982219706,0.2098714260442807,0.1457660426191715,-25.889484697892836,-27.903388301433427,-25.889484697892836,False,Gamma_X,Gamma_C,0.2208693661448974,0.146692513865131,same_hand,flipped_hand,4.403503459896631,5.022130065196775,-0.6186266053001441,5.022130065196775,-0.6186266053001441,False,Audit row outside Stage 4b main-claim filter.
wood,65.0,0.5035499586896153,0.1665761774364564,False,True,0.5035499586896153,False,0.3327052651528736,0.1730962114905568,Gamma_X,Gamma_C,same_hand,flipped_hand,gamma_hat_c_cp_raw,gamma_hat_x_cp_sys,0.2968531463536846,0.1872760989332641,-4.823385949291922,-0.0868567134999272,-10.5730666757453,-15.495096975307591,-0.0183958116889512,lp_anchor_branch_lock_20260414,False,0.1589233477604866,0.4787770373259822,0.3180189058663541,0.1615753030750189,-22.684032385780863,-24.182562712305973,-22.684032385780863,False,Gamma_X,Gamma_C,0.3327052651528736,0.1730962114905568,same_hand,flipped_hand,3.5996578184274157,4.590018165814263,-0.9903603473868476,4.590018165814263,-0.9903603473868476,False,Audit row outside Stage 4b main-claim filter.
wood,70.0,0.528831885814837,0.2073321097089739,False,True,0.528831885814837,False,0.3655490041648544,0.1664295921388639,Gamma_X,Gamma_C,same_hand,flipped_hand,gamma_hat_c_cp_raw,gamma_hat_x_cp_sys,0.3923179755159379,0.1793747635531014,-6.085911224969455,0.0135463037486373,-11.36407298556384,-16.515910942971956,-0.0109576775822116,lp_anchor_branch_lock_20260414,False,0.277464754148311,0.576798826029437,0.4263048582931498,0.1520085681727912,-20.56538250856512,-21.595512220458225,-20.56538250856512,False,Gamma_X,Gamma_C,0.3655490041648544,0.1664295921388639,same_hand,flipped_hand,3.207440556768927,2.5935885111119985,0.6138520456569285,2.5935885111119985,0.6138520456569285,False,Audit row outside Stage 4b main-claim filter.
