material,theta_deg,freq_ghz,gamma_hat_x_cp_sys_real,gamma_hat_x_cp_sys_imag,gamma_hat_x_cp_sys_mag,gamma_hat_c_cp_raw_real,gamma_hat_c_cp_raw_imag,gamma_hat_c_cp_raw_mag,ideal_same_real,ideal_same_imag,ideal_same_mag,ideal_same_phase_deg,eps_eff_current_real,eps_eff_current_imag,eps_eff_current_mag,eps_eff_current_phase_deg,eps_obs_ideal_real,eps_obs_ideal_imag,eps_obs_ideal_mag,eps_obs_ideal_phase_deg,eps_obs_ideal_vs_current_abs_diff
concrete,20.0,6.5,0.3558711230368444,-0.0008485287682082,0.3558721346390798,-0.1109393755718894,-0.0465905505527751,0.1203254937787143,-0.0299421588513673,-0.0001495273477519,0.0299425322093546,-179.71387451478134,-0.5295327640291126,-0.09739521203390149,0.5384150587673422,-169.57825396418903,-0.22729021548126863,-0.13104149921926417,0.2623598989387554,-150.03490695317362,0.30410957037563907
concrete,25.0,6.5,0.3897892954168251,-0.0695393439215207,0.395943702026665,-0.1384597233315974,-0.0277990713580631,0.1412228145641956,-0.0340087680265356,0.0127053800518483,0.0363045862797611,159.51474894626645,-0.4962679361569584,-0.07701600223419118,0.5022084517982787,-171.17861609593234,-0.24173546723951989,-0.14703989534402157,0.2829430454071805,-148.68919833926338,0.2639888697264788
concrete,30.0,6.5,0.4362525952965798,-0.0099956457503037,0.4363670929813189,-0.1655369963766656,-0.0437504302296631,0.1712209020963528,-0.036339239372899,0.0059123151009198,0.0368170583840347,170.75907133185058,-0.46578875751423665,-0.06412756031347111,0.4701824227025232,-172.1610717701849,-0.29339118153950755,-0.120561757602287,0.31719634739590064,-157.6610162343928,0.18139940139260516
concrete,35.0,6.5,0.3702824556647722,-0.012302487738003,0.3704867719334628,-0.1586149426595633,-0.0460803466871012,0.1651729347856361,-0.0719032644925089,-0.0057532607198994,0.0721330676845982,-175.425287311024,-0.437967636921517,-0.05744658260903699,0.44171909721459257,-172.5273857108069,-0.23030443267218145,-0.11656075724320424,0.2581211766546181,-153.15529859449532,0.21591315856561427
concrete,40.0,6.5,0.4314307511571583,-0.0333677324927556,0.4327191914114025,-0.1953003952374955,-0.0399039520432526,0.1993353199224667,-0.0884095212060871,0.0116078712859654,0.0891683021913119,172.5200438304498,-0.41218087303354833,-0.05587206486280841,0.415950429410443,-172.28047651462126,-0.2371062739551013,-0.1377359446250031,0.2742089998351868,-149.84753158570197,0.1932687508424423
concrete,45.0,6.5,0.3900113542996669,0.0258573766324846,0.3908675740055376,-0.1946195621007341,-0.0623251047336568,0.2043555544445582,-0.1386939853480729,0.0107479982062624,0.1391098164658888,175.56875790867764,-0.38751567589296104,-0.05829770325366753,0.39187628311423883,-171.4446030005509,-0.1551347208565389,-0.17707619348151704,0.23542038975657972,-131.22128438493726,0.2609774664687489
concrete,50.0,6.5,0.4173520076629911,-0.0030474454896975,0.417363133523245,-0.2306174927187465,-0.0560236802897209,0.2373248421490805,-0.1673635471838093,0.0180182719611597,0.168330671745863,173.85523384038464,-0.36301238019345156,-0.06345437055278377,0.3685165468686108,-170.0849031543243,-0.1502567544337202,-0.1785060336396761,0.23332701579269483,-130.08886453623518,0.2418715391927596
concrete,55.0,6.5,0.3680532744233644,0.0319492225099159,0.3694373636122211,-0.2392949848713647,-0.0698450453230865,0.2492798029138555,-0.1751604577836159,-0.0178401364002731,0.1760666249967502,-174.18446431243828,-0.33791685439716307,-0.06985904695535258,0.34506243917178764,-168.3195389172111,-0.1851238640955802,-0.12522737494765898,0.2235010972992312,-145.92354243456865,0.16251569041161293
glass,20.0,6.5,0.3837790532333523,-0.1294636086503154,0.4050273912532958,-0.128536182015321,-0.0023659567945394,0.1285579551744246,-0.0352330729911234,0.0023649759846052,0.0353123568146561,176.15985289058523,-0.5295327640291125,-0.09739521203390156,0.5384150587673421,-169.578253964189,-0.21454372803354738,-0.08470117832067886,0.23065840727674372,-158.45605169110718,0.31524471651294633
glass,25.0,6.5,0.4450500351499488,-0.2328575455188346,0.5022869401965642,-0.1846504865098142,0.0187815676569506,0.185603204314914,-0.0422541631829974,0.0252734581461285,0.0492357796014188,149.1151146099833,-0.49626793615695824,-0.0770160022341914,0.5022084517982784,-171.1786160959323,-0.24519906006251227,-0.14287908494925805,0.2837904367160331,-149.77036695917386,0.2595641080890422
glass,30.0,6.5,0.5750918333256672,-0.1259333771051536,0.5887188057357993,-0.2203255404981643,-0.0295570386769035,0.2222992630018287,-0.0351309619105573,0.016449613028172,0.0387914198443113,154.90927192990154,-0.4657887575142366,-0.06412756031347094,0.47018242270252314,-172.1610717701849,-0.2905743542916293,-0.143628646165098,0.3241336813279611,-153.69717048672007,0.19240714578269225
glass,35.0,6.5,0.5190662475500115,-0.0793694230725965,0.5250992998134035,-0.2154810451214911,-0.0455416676986444,0.220241059531196,-0.0820071918843288,-0.0090618643366647,0.082506344640938,-173.694349592555,-0.4379676369215172,-0.05744658260903691,0.44171909721459274,-172.5273857108069,-0.24076656814907837,-0.10709482119772211,0.26351060901917567,-156.02013387292664,0.2033548846719723
glass,40.0,6.5,0.633063097238704,-0.0496644567248503,0.6350082230548163,-0.2474179962002711,-0.0571806052126325,0.253939533070848,-0.089409211890207,0.0157871327411004,0.0907922944473431,169.98640434345202,-0.41218087303354806,-0.055872064862808574,0.41595042941044275,-172.28047651462123,-0.23908024186088478,-0.1340174915414617,0.2740803715834553,-150.7269960818975,0.18992244791799404
glass,45.0,6.5,0.5321242413182775,0.0747418804798381,0.5373477057699371,-0.2443710485388902,-0.1021979550436346,0.2648804095796769,-0.1476333416456726,0.0156069167635373,0.1484559847777511,173.96544479486613,-0.38751567589296126,-0.05829770325366773,0.39187628311423917,-171.44460300055087,-0.20877226129726723,-0.19206198941922856,0.28367880581186583,-137.38720612052018,0.22325342665838346
glass,50.0,6.5,0.5712645684313278,0.1154700394740009,0.582817756388014,-0.2660128647684945,-0.1024426231249155,0.2850567228729307,-0.1742690610513052,0.0043158019754303,0.1743224936329064,178.58135056964784,-0.3630123801934515,-0.06345437055278368,0.36851654686861074,-170.08490315432434,-0.1905853861391469,-0.14835774477037053,0.24152186203977094,-142.10167169921817,0.19219690744685458
glass,55.0,6.5,0.4595377651066494,0.1427580863423686,0.4812014430312417,-0.2480426894963644,-0.1294630880048082,0.2797961167856526,-0.2125632081330019,-0.0451041788968435,0.2172958913687793,-168.0199950070238,-0.33791685439716307,-0.06985904695535235,0.34506243917178764,-168.31953891721113,-0.12242058674814921,-0.14554272900588913,0.19018277005618256,-130.0682512310684,0.22840022132078192
glass,60.0,6.5,0.3972963227421797,0.1835236252595574,0.4376360235319628,-0.2702767809978404,-0.145661215636743,0.3070288717487793,-0.2625988567768927,-0.0431194581351595,0.2661154772845818,-170.67508821046525,-0.31188110184148776,-0.07588479557540428,0.3209802546658927,-166.32490745323508,-0.11418463974148337,-0.20535346993436496,0.23496420911912622,-119.07578788954088,0.23631764379141285
wood,20.0,6.5,0.1037880227283411,-0.0161739839654868,0.1050407131505421,-0.0402479454744734,-0.0116106455915199,0.0418891896074401,-0.0140386697395279,0.0042844747732308,0.0146779076212513,163.02828582805648,-0.5295327640291122,-0.09739521203390147,0.5384150587673417,-169.57825396418903,-0.22323922644547856,-0.18793871894835854,0.2918162337909352,-139.90693335757197,0.31939608295948957
wood,25.0,6.5,0.1226614401836302,-0.0712417434143028,0.1418492682837372,-0.0612615347729686,0.0094082499699223,0.0619797612954115,-0.0184650158895176,0.0141916910039085,0.0232886432698549,142.455134951915,-0.49626793615695725,-0.07701600223419182,0.5022084517982776,-171.17861609593226,-0.24395653958388763,-0.18068702110527263,0.303582925741291,-143.47440931017667,0.27277961982967275
wood,30.0,6.5,0.2114461118391067,-0.0567257603918237,0.2189229775603891,-0.1025848062727844,0.0014055838618347,0.1025944352487861,-0.0320927659004949,0.0149571686273889,0.0354070969791667,155.01163573546927,-0.4657887575142365,-0.06412756031347148,0.47018242270252314,-172.16107177018483,-0.2949582538570948,-0.14322001826397077,0.3278907518518302,-154.10063103097144,0.18825163448003368
wood,35.0,6.5,0.1953584872483255,-0.0421293011293685,0.1998494847469044,-0.106848821087234,-0.011896686697419,0.1075090773939963,-0.0667021577154306,0.0081670917244565,0.0672002918976537,173.01938217740798,-0.4379676369215175,-0.05744658260903703,0.44171909721459307,-172.5273857108069,-0.17520657492413677,-0.1404858798983916,0.2245743225470634,-141.27631669571247,0.27557013734492564
wood,40.0,6.5,0.2464624318937372,0.0116242814053902,0.2467364064202256,-0.138291371390795,-0.0463291491509358,0.1458454437484985,-0.0911218721956254,0.0037829368329937,0.0912003629571632,177.62272309751813,-0.41218087303354817,-0.05587206486280859,0.41595042941044286,-172.28047651462123,-0.20052983292642143,-0.1938675619187991,0.2789208587715123,-135.96776427555452,0.2526636499106242
wood,45.0,6.5,0.1875201994148565,0.0544333830943273,0.1952608982456071,-0.1201107462882687,-0.0680738729743656,0.1380602895681989,-0.1185542748252132,-0.019401738532842,0.120131359508785,-170.7057744604553,-0.3875156758929608,-0.05829770325366766,0.3918762831142386,-171.44460300055087,-0.07714409184661064,-0.23716335986921763,0.24939460734204805,-108.01858192463116,0.35822261695760144
