material,theta_deg,Gamma_X_mag,Gamma_C_mag,Gamma_X_db,Gamma_C_db,xpd_residual_over_dominant_db,xpd_dominant_over_residual_db,cp_use_for_main_claim,cp_truth_region
concrete,20.0,0.0298214555483079,0.3877846343646346,-30.509423259799245,-8.228188069295753,-22.28123519050349,22.28123519050349,True,main
concrete,25.0,0.0350617383153366,0.3982188575850249,-29.10333111906941,-7.997563557633597,-21.105767561435815,21.105767561435812,True,main
concrete,30.0,0.0367010964136493,0.3963972113835381,-28.70641922760935,-8.037388187923009,-20.669031039686338,20.669031039686338,True,main
concrete,35.0,0.0718692012340339,0.4041865238747177,-22.86914363871565,-7.868363410892939,-15.000780227822709,15.000780227822709,True,main
concrete,40.0,0.0890121395064678,0.388169050024186,-21.01101520167504,-8.219581905463173,-12.791433296211867,12.791433296211867,True,main
concrete,45.0,0.1390440168720759,0.3953640472197333,-17.136953885776684,-8.06005652361325,-9.07689736216343,9.076897362163432,True,main
concrete,50.0,0.1679339473427754,0.3859867803018231,-15.497230073260333,-8.268551385336181,-7.22867868792415,7.228678687924152,True,main
concrete,55.0,0.1754560624150127,0.3676617653202638,-15.116632426098827,-8.691030637532416,-6.425601788566409,6.425601788566409,True,main
glass,20.0,0.0345795811283431,0.4451624149462181,-29.22360543509444,-7.02963020527824,-22.1939752298162,22.1939752298162,True,main
glass,25.0,0.0484347263718421,0.4963107104552772,-26.296862988651426,-6.084927051304982,-20.211935937346446,20.211935937346446,True,main
glass,30.0,0.0383551467879026,0.5388416335641742,-28.323527016772324,-5.370777118348434,-22.952749898423896,22.952749898423896,True,main
glass,35.0,0.0818005559337042,0.576939589414934,-21.744874895248458,-4.7773931773450755,-16.967481717903382,16.96748171790338,True,main
glass,40.0,0.0902949016959289,0.5616677718979728,-20.886735409639734,-5.010409898422294,-15.87632551121744,15.87632551121744,True,main
glass,45.0,0.1473713979419592,0.570523370491541,-16.63173593623035,-4.874531215357717,-11.757204720872632,11.757204720872634,True,main
glass,50.0,0.1724087748506612,0.5373832879020297,-15.26881268527928,-5.394316876582734,-9.874495808696546,9.874495808696546,True,main
glass,55.0,0.2176624475392341,0.4662995042426661,-13.244329832890656,-6.626700925514016,-6.6176289073766394,6.617628907376638,True,main
glass,60.0,0.264492507268833,0.4137512094456494,-11.551732529127236,-7.665214474364182,-3.8865180547630556,3.886518054763055,True,main
wood,20.0,0.0146823452746066,0.1146957499453795,-36.66409134280227,-18.809053491925244,-17.855037850877025,17.855037850877025,True,main
wood,25.0,0.0228383757231157,0.1514227862771048,-32.82669573144153,-16.396175335583514,-16.43052039585801,16.43052039585801,True,main
wood,30.0,0.0353580732790502,0.1911753367659357,-29.030228169035965,-14.371362722091883,-14.65886544694408,14.65886544694408,True,main
wood,35.0,0.0671206300927292,0.2237323303184163,-23.46287950469828,-13.005425077624606,-10.457454427073676,10.457454427073676,True,main
wood,40.0,0.0911287578124849,0.2174384734692655,-20.80689099217304,-13.25327219146282,-7.553618800710224,7.553618800710224,True,main
wood,45.0,0.1200574253173564,0.1915221185712073,-18.412219490210013,-14.355621257018125,-4.056598233191888,4.056598233191888,True,main
