material,theta_deg,Gamma_same_mag,Gamma_same_db,gamma_x_from_lp_mag,gamma_x_from_lp_db,gamma_hat_rr_raw_cp_mag,gamma_hat_rr_raw_cp_db
concrete,10.0,0.0099248888094617,-40.06548700053165,0.0874147411850879,-21.168306478774618,0.1084376540195892,-19.296397733555136
concrete,15.0,0.0187314760751662,-34.548559961261006,0.0797010189285909,-21.97072252760201,0.1238207637576058,-18.14413042954567
concrete,20.0,0.0299425322093546,-30.474229491985497,0.0551506607813703,-25.168985594853442,0.1209396434479761,-18.348626322143257
concrete,25.0,0.0363045862797611,-28.800770160336825,0.0509481270774314,-25.857435532419885,0.144673805272731,-16.79220190772829
concrete,30.0,0.0368170583840347,-28.679018275692943,0.0550778552307902,-25.180459596177517,0.1686557039713827,-15.459979325913478
concrete,35.0,0.0721330676845982,-22.83731195368567,0.0487412807887855,-26.24206125838341,0.1667198854136386,-15.56025193741004
concrete,40.0,0.0891683021913119,-20.99579004923389,0.0690024115698849,-23.222714616213764,0.1943657414262745,-14.227605613365927
concrete,45.0,0.1391098164658888,-17.13284444738505,0.1022157099856451,-19.80964700853895,0.2047457527166243,-13.775701971166761
concrete,50.0,0.168330671745863,-15.476734869274262,0.1408519049693455,-17.024745499360346,0.2326945843382531,-12.664274484620544
concrete,55.0,0.1760666249967502,-15.086459212675667,0.1873906000186515,-14.54504396399348,0.2506421226727904,-12.018918801948018
glass,10.0,0.0072471539531147,-42.796650255135724,0.0969413417461157,-20.26981947173671,0.1189360057429829,-18.493733012196348
glass,15.0,0.0232203670932291,-32.68261837471932,0.0895801681968358,-20.955762529077102,0.1336687003636698,-17.47940548986979
glass,20.0,0.0353123568146561,-29.041465916400277,0.0627394980052062,-24.049179210515263,0.1312014171314794,-17.641229480753235
glass,25.0,0.0492357796014188,-26.154383621056994,0.0651873309921446,-23.71673600402002,0.1615018626890175,-15.836449286979953
glass,30.0,0.0387914198443113,-28.225286481077262,0.0659760807522034,-23.612269737694778,0.1896237625233374,-14.442144807668102
glass,35.0,0.082506344640938,-21.670253068613334,0.0558105072131624,-25.06568061081117,0.193162172150367,-14.281558390178686
glass,40.0,0.0907922944473431,-20.83902017076837,0.075718221217755,-22.415991941810738,0.2245113048201447,-12.975235721507275
glass,45.0,0.1484559847777511,-16.56804579584017,0.1075552371025192,-19.367368760044464,0.2352152029975298,-12.570692226360663
glass,50.0,0.1743224936329064,-15.172931405205576,0.1435651523678322,-16.859019275825176,0.2516139704454451,-11.985304981631923
glass,55.0,0.2172958913687793,-13.258969704858401,0.1849975605805742,-14.656679965278164,0.2578333983137328,-11.773216544626024
glass,60.0,0.2661154772845818,-11.498597322664985,0.2433021654759261,-12.277080513528292,0.2940884545709019,-10.63044049690861
wood,10.0,0.0063902152893628,-43.889690200189605,0.0296426116347673,-30.561670717901368,0.0393126719972083,-28.109348742419762
wood,15.0,0.0078748714993418,-42.07513048430908,0.0250334287561228,-32.029593245245756,0.0459238207538264,-26.759239736559092
wood,20.0,0.0146779076212513,-36.666716999176984,0.0170484805370168,-35.3662864375881,0.0456777241438795,-26.805910851976762
wood,25.0,0.0232886432698549,-32.657116229802966,0.0215057258072488,-33.34891791291729,0.0657948881141005,-23.636156945374132
wood,30.0,0.0354070969791667,-29.01819359000712,0.0305098378139534,-30.311202020008167,0.095327292074514,-20.415654872757237
wood,35.0,0.0672002918976537,-23.45257680997559,0.0474102667002035,-26.482552032156654,0.1067832442302419,-19.429937775595377
wood,40.0,0.0912003629571632,-20.80006866545372,0.0790028554011042,-22.04714423430947,0.1376300920381835,-17.225731993911598
wood,45.0,0.120131359508785,-18.40687216104162,0.0963700794537991,-20.32115565910354,0.1339495611910521,-17.46117409540687
