material,theta_deg,Gamma_same_mag,Gamma_same_db,gamma_hat_rr_raw_cp_mag,gamma_hat_rr_raw_cp_db,gamma_hat_rr_leakage_corrected_cp_mag,gamma_hat_rr_leakage_corrected_cp_db
concrete,10.0,0.0099248888094617,-40.06548700053165,0.1084376540195892,-19.296397733555136,0.1808198363156121,-14.855078564617601
concrete,15.0,0.0187314760751662,-34.548559961261006,0.1238207637576058,-18.14413042954567,0.1312969394002077,-17.634907948445473
concrete,20.0,0.0299425322093546,-30.474229491985497,0.1209396434479761,-18.348626322143257,0.078581156843791,-22.09363163897072
concrete,25.0,0.0363045862797611,-28.800770160336825,0.144673805272731,-16.79220190772829,0.0656404800358238,-23.656565031310308
concrete,30.0,0.0368170583840347,-28.679018275692943,0.1686557039713827,-15.459979325913478,0.043991661639422,-27.132592673532567
concrete,35.0,0.0721330676845982,-22.83731195368567,0.1667198854136386,-15.56025193741004,0.0279892460630622,-31.060175996422874
concrete,40.0,0.0891683021913119,-20.99579004923389,0.1943657414262745,-14.227605613365927,0.0334108718780953,-29.522243820428002
concrete,45.0,0.1391098164658888,-17.13284444738505,0.2047457527166243,-13.775701971166761,0.0549708536466748,-25.197350375780253
concrete,50.0,0.168330671745863,-15.476734869274262,0.2326945843382531,-12.664274484620544,0.0832079271582963,-21.596705936419344
concrete,55.0,0.1760666249967502,-15.086459212675667,0.2506421226727904,-12.018918801948018,0.1209207817375696,-18.34998107652428
glass,10.0,0.0072471539531147,-42.796650255135724,0.1189360057429829,-18.493733012196348,0.200324170296296,-13.965332946927507
glass,15.0,0.0232203670932291,-32.68261837471932,0.1336687003636698,-17.47940548986979,0.1450930500416419,-16.767067795470258
glass,20.0,0.0353123568146561,-29.041465916400277,0.1312014171314794,-17.641229480753235,0.1027210430443334,-19.766811587276536
glass,25.0,0.0492357796014188,-26.154383621056994,0.1615018626890175,-15.836449286979953,0.10934988653578,-19.223633265221935
glass,30.0,0.0387914198443113,-28.225286481077262,0.1896237625233374,-14.442144807668102,0.172560821076662,-15.261156028924416
glass,35.0,0.082506344640938,-21.670253068613334,0.193162172150367,-14.281558390178686,0.2178800375810756,-13.235651169790819
glass,40.0,0.0907922944473431,-20.83902017076837,0.2245113048201447,-12.975235721507275,0.2149185207917507,-13.354523143770855
glass,45.0,0.1484559847777511,-16.56804579584017,0.2352152029975298,-12.570692226360663,0.1634196122436495,-15.733916486295364
glass,50.0,0.1743224936329064,-15.172931405205576,0.2516139704454451,-11.985304981631923,0.2668038788722057,-11.476157216208014
glass,55.0,0.2172958913687793,-13.258969704858401,0.2578333983137328,-11.773216544626024,0.1667463622159058,-15.558872639897448
glass,60.0,0.2661154772845818,-11.498597322664985,0.2940884545709019,-10.63044049690861,0.2827622707371315,-10.971570787445902
wood,10.0,0.0063902152893628,-43.889690200189605,0.0393126719972083,-28.109348742419762,0.0621055876909468,-24.137386484656723
wood,15.0,0.0078748714993418,-42.07513048430908,0.0459238207538264,-26.759239736559092,0.042441649375655,-27.444154936117716
wood,20.0,0.0146779076212513,-36.666716999176984,0.0456777241438795,-26.805910851976762,0.0438128385147251,-27.167972183025057
wood,25.0,0.0232886432698549,-32.657116229802966,0.0657948881141005,-23.636156945374132,0.0460622408460323,-26.733098764086066
wood,30.0,0.0354070969791667,-29.01819359000712,0.095327292074514,-20.415654872757237,0.0414412843068989,-27.651335876667527
wood,35.0,0.0672002918976537,-23.45257680997559,0.1067832442302419,-19.429937775595377,0.0302335902015456,-30.390205556516637
wood,40.0,0.0912003629571632,-20.80006866545372,0.1376300920381835,-17.225731993911598,0.1893063253427066,-14.456697491929669
wood,45.0,0.120131359508785,-18.40687216104162,0.1339495611910521,-17.46117409540687,0.1064052576033414,-19.460738250648948
