material,theta_deg,quantity,branch,magnitude,magnitude_db,use_for_main_claim_branch,shared_use_for_main_claim,truth_region_branch
concrete,10.0,R,TE,0.3701649034176183,-8.632095211101724,True,True,main
concrete,15.0,R,TE,0.3935360625785249,-8.100309278233876,True,True,main
concrete,20.0,R,TE,0.4175901108139075,-7.584995893114166,True,True,main
concrete,25.0,R,TE,0.4331430797024195,-7.267372398060049,True,True,main
concrete,30.0,R,TE,0.4330983018538038,-7.268270382062969,True,True,main
concrete,35.0,R,TE,0.4755852233488534,-6.455432951451656,True,True,main
concrete,40.0,R,TE,0.4771709815540915,-6.426519503475928,True,True,main
concrete,45.0,R,TE,0.534407699310507,-5.4425458705311875,True,True,main
concrete,50.0,R,TE,0.5538722925967425,-5.131807196915277,True,True,main
concrete,55.0,R,TE,0.5422841214347708,-5.315462238202894,True,True,main
concrete,60.0,R,TE,0.6067206075950933,-4.340225075147689,True,True,main
concrete,65.0,R,TE,0.6467309776427766,-3.7855267273352666,False,False,caution
concrete,70.0,R,TE,0.6470141885811121,-3.781723908885094,False,False,exclude
concrete,10.0,T,TE,0.1815321134853665,-14.820930721007766,True,True,main
concrete,15.0,T,TE,0.1823657898262466,-14.78113256172503,True,True,main
concrete,20.0,T,TE,0.1765421777728273,-15.063030407710869,True,True,main
concrete,25.0,T,TE,0.1626352281339237,-15.775707535593666,True,True,main
concrete,30.0,T,TE,0.1705172503616611,-15.364633581767846,True,True,main
concrete,35.0,T,TE,0.1414187695575649,-16.989858914840873,True,True,main
concrete,40.0,T,TE,0.1368422652531231,-17.27559490447368,True,True,main
concrete,45.0,T,TE,0.0921015254059659,-20.714663537234014,True,True,main
concrete,50.0,T,TE,0.0759277281561356,-22.391991890236937,True,True,main
concrete,55.0,T,TE,0.0902429225542763,-20.891736966540357,True,True,main
concrete,60.0,T,TE,0.1288495526790978,-17.79834169660172,True,True,main
concrete,65.0,T,TE,0.1754194528833012,-15.118444956979076,False,False,caution
concrete,70.0,T,TE,0.0908163738347746,-20.836716856670137,False,False,exclude
concrete,10.0,R,TM,0.3652117846503849,-8.749104342028676,True,True,main
concrete,15.0,R,TM,0.3570270080071237,-8.945978591772828,True,True,main
concrete,20.0,R,TM,0.3579818194700598,-8.922780579095923,True,True,main
concrete,25.0,R,TM,0.3633211259559986,-8.794186971489728,True,True,main
concrete,30.0,R,TM,0.3596961221261221,-8.881284885459356,True,True,main
concrete,35.0,R,TM,0.3329903176792275,-9.55136788480554,True,True,main
concrete,40.0,R,TM,0.2991731925074519,-10.481546482707639,True,True,main
concrete,45.0,R,TM,0.2563207908879613,-11.82432331121898,True,True,main
concrete,50.0,R,TM,0.2181758326887198,-13.223867156641472,True,True,main
concrete,55.0,R,TM,0.1945454668526257,-14.219577686701246,True,True,main
concrete,60.0,R,TM,0.1095960790458175,-19.204099661417263,True,True,main
concrete,65.0,R,TM,0.0402790751872433,-27.89841018922433,True,False,main
concrete,70.0,R,TM,0.0717020130299373,-22.88937302736329,True,False,main
concrete,10.0,T,TM,0.1996428814051909,-13.994923413531243,True,True,main
concrete,15.0,T,TM,0.1882368017949503,-14.505909291503055,True,True,main
concrete,20.0,T,TM,0.1997371033157322,-13.990825055261212,True,True,main
concrete,25.0,T,TM,0.1606905634352268,-15.88019252924359,True,True,main
concrete,30.0,T,TM,0.1553662889511055,-16.172864152238,True,True,main
concrete,35.0,T,TM,0.1626763164538281,-15.773513401263433,True,True,main
concrete,40.0,T,TM,0.1503767490472151,-16.456386165991393,True,True,main
concrete,45.0,T,TM,0.1402471630994361,-17.06211829665476,True,True,main
concrete,50.0,T,TM,0.1381810398818869,-17.191030867104452,True,True,main
concrete,55.0,T,TM,0.149999547180633,-16.478201039852937,True,True,main
concrete,60.0,T,TM,0.1814267361633931,-14.825974244898248,True,True,main
concrete,65.0,T,TM,0.2204534265426791,-13.133662929539529,True,False,main
concrete,70.0,T,TM,0.1556808491801914,-16.15529616314018,True,False,main
glass,10.0,R,TE,0.3328017824363862,-9.556287127180727,True,True,main
glass,15.0,R,TE,0.4009488464101425,-7.93822063432454,True,True,main
glass,20.0,R,TE,0.47810443050184,-6.409544635241886,True,True,main
glass,25.0,R,TE,0.54474312325267,-5.276164870180056,True,True,main
glass,30.0,R,TE,0.5771382407821318,-4.774402973697064,True,True,main
glass,35.0,R,TE,0.6566304288927852,-3.653579910232203,True,True,main
glass,40.0,R,TE,0.6518532588210412,-3.7170031791308595,True,True,main
glass,45.0,R,TE,0.7169364881352692,-2.890386316884018,True,True,main
glass,50.0,R,TE,0.7085195743713462,-2.9929629387035552,True,True,main
glass,55.0,R,TE,0.683581065896279,-3.304199500964179,True,True,main
glass,60.0,R,TE,0.6774328685370107,-3.382674710723273,True,True,main
glass,65.0,R,TE,0.6496036376167976,-3.747031036406611,False,False,caution
glass,70.0,R,TE,0.5534347503349838,-5.138671497146511,False,False,exclude
glass,10.0,T,TE,0.600142671751547,-4.43490985270096,True,True,main
glass,15.0,T,TE,0.5854666847188027,-4.649956257927652,True,True,main
glass,20.0,T,TE,0.5703360697627233,-4.877383229228757,True,True,main
glass,25.0,T,TE,0.5508021556117515,-5.180087375257365,True,True,main
glass,30.0,T,TE,0.491873894777608,-6.162924522787029,True,True,main
glass,35.0,T,TE,0.4983427649991825,-6.049436849946628,True,True,main
glass,40.0,T,TE,0.4632290486334325,-6.684084285023436,True,True,main
glass,45.0,T,TE,0.4821136796131045,-6.337010911256699,True,True,main
glass,50.0,T,TE,0.4709725930774318,-6.540087293581394,True,True,main
glass,55.0,T,TE,0.4411628779377847,-7.108020776180657,True,True,main
glass,60.0,T,TE,0.3891857619912167,-8.196861127670589,True,True,main
glass,65.0,T,TE,0.3173022447321882,-9.970537110065228,False,False,caution
glass,70.0,T,TE,0.3797017040877544,-8.411149075152558,False,False,exclude
glass,10.0,R,TM,0.3427386907771292,-9.300737331155197,True,True,main
glass,15.0,R,TM,0.3549882231753216,-8.995721090718426,True,True,main
glass,20.0,R,TM,0.4124885450022005,-7.691762150107097,True,True,main
glass,25.0,R,TM,0.447878798037595,-6.976789919367867,True,True,main
glass,30.0,R,TM,0.5005539908155412,-6.0109814346764,True,True,main
glass,35.0,R,TM,0.4979334507971402,-6.056573943314705,True,True,main
glass,40.0,R,TM,0.4715241663866339,-6.529920881039667,True,True,main
glass,45.0,R,TM,0.4247735424871209,-7.436850832396427,True,True,main
glass,50.0,R,TM,0.3674386755044301,-8.696302661521473,True,True,main
glass,55.0,R,TM,0.2496823257652791,-12.052243978305729,True,True,main
glass,60.0,R,TM,0.1528967235224484,-16.312036422736874,True,True,main
glass,65.0,R,TM,0.0570123072157037,-24.880627665876546,True,False,main
glass,70.0,R,TM,0.0596863431542946,-24.482500570453038,True,False,main
glass,10.0,T,TM,0.5876816774783836,-4.617156986939767,True,True,main
glass,15.0,T,TM,0.5901653712069067,-4.580525538705832,True,True,main
glass,20.0,T,TM,0.5700680754429731,-4.881465587465729,True,True,main
glass,25.0,T,TM,0.6129090382413949,-4.2520794858498885,True,True,main
glass,30.0,T,TM,0.6145277118560378,-4.229170560357782,True,True,main
glass,35.0,T,TM,0.604322653496352,-4.374622511719229,True,True,main
glass,40.0,T,TM,0.6136372754724422,-4.241765339711664,True,True,main
glass,45.0,T,TM,0.6440837030444116,-3.821153789197403,True,True,main
glass,50.0,T,TM,0.678024026758519,-3.3750983201880387,True,True,main
glass,55.0,T,TM,0.6724938426527337,-3.446233754070431,True,True,main
glass,60.0,T,TM,0.6867218995487212,-3.264382054838663,True,True,main
glass,65.0,T,TM,0.6517643281785565,-3.7181882532737154,True,False,main
glass,70.0,T,TM,0.6807391038559204,-3.340386027982349,True,False,main
wood,10.0,R,TE,0.113400779718325,-18.907679186428062,True,True,main
wood,15.0,R,TE,0.110170372855287,-19.158703615201905,True,True,main
wood,20.0,R,TE,0.129373516705269,-17.76309232897099,True,True,main
wood,25.0,R,TE,0.1741114397471961,-15.183453864745491,True,True,main
wood,30.0,R,TE,0.2265300669423684,-12.897482933460665,True,True,main
wood,35.0,R,TE,0.2907357395413363,-10.73003156056413,True,True,main
wood,40.0,R,TE,0.3085528778657093,-10.213407971517995,True,True,main
wood,45.0,R,TE,0.3115577080577515,-10.129229993269465,True,True,main
wood,50.0,R,TE,0.2570722416473022,-11.798896308468214,True,True,main
wood,55.0,R,TE,0.2048546599962453,-13.771083046944508,True,True,main
wood,60.0,R,TE,0.366699787108161,-8.713786843481033,True,True,main
wood,65.0,R,TE,0.5035499586896153,-5.959148706501754,False,False,caution
wood,70.0,R,TE,0.528831885814837,-5.5336473406468825,False,False,exclude
wood,10.0,T,TE,0.6218654689825442,-4.126071161420326,True,True,main
wood,15.0,T,TE,0.6189597232245487,-4.166752207010619,True,True,main
wood,20.0,T,TE,0.6115450229195455,-4.271431279970725,True,True,main
wood,25.0,T,TE,0.59689395835047,-4.4820563386795484,True,True,main
wood,30.0,T,TE,0.5883828862878733,-4.6067993531127795,True,True,main
wood,35.0,T,TE,0.5569949420175117,-5.082974971349765,True,True,main
wood,40.0,T,TE,0.5385968296672349,-5.374724145934577,True,True,main
wood,45.0,T,TE,0.5066862943169333,-5.905216861217549,True,True,main
wood,50.0,T,TE,0.4883514909228931,-6.225349641095233,True,True,main
wood,55.0,T,TE,0.506350289646639,-5.910978745116462,True,True,main
wood,60.0,T,TE,0.4151230846888443,-7.636462303076705,True,True,main
wood,65.0,T,TE,0.3794649367455732,-8.41656695038613,False,False,caution
wood,70.0,T,TE,0.284103058718326,-10.930481810769034,False,False,exclude
wood,10.0,R,TM,0.104924009639587,-19.582502426621524,True,True,main
wood,15.0,R,TM,0.0963957706115268,-20.318840409157115,True,True,main
wood,20.0,R,TM,0.1000193271918137,-19.998321423654534,True,True,main
wood,25.0,R,TM,0.1287870714332088,-17.802554647448677,True,True,main
wood,30.0,R,TM,0.1558221237123833,-16.147417618238823,True,True,main
wood,35.0,R,TM,0.156829203214389,-16.091461280231083,True,True,main
wood,40.0,R,TM,0.1263447745297397,-17.968854305562523,True,True,main
wood,45.0,R,TM,0.0715598288250701,-22.90661413918005,True,True,main
wood,50.0,R,TM,0.0253240739205002,-31.929328549024216,True,True,main
wood,55.0,R,TM,0.0272422379174944,-31.29514437035624,True,True,main
wood,60.0,R,TM,0.0783275633826958,-22.12170766598406,True,True,main
wood,65.0,R,TM,0.1665761774364564,-15.567742165146864,True,False,main
wood,70.0,R,TM,0.2073321097089739,-13.666668662461959,True,False,main
wood,10.0,T,TM,0.6312373181436559,-3.996146679344643,True,True,main
wood,15.0,T,TM,0.6238509820127724,-4.098382738993568,True,True,main
wood,20.0,T,TM,0.6254195915373039,-4.076570368376725,True,True,main
wood,25.0,T,TM,0.5991521001236924,-4.449258281455096,True,True,main
wood,30.0,T,TM,0.5890808806564617,-4.596501451922259,True,True,main
wood,35.0,T,TM,0.5859243606457722,-4.643168904021077,True,True,main
wood,40.0,T,TM,0.5687693624281512,-4.901276110782131,True,True,main
wood,45.0,T,TM,0.5564469533860622,-5.091524621187148,True,True,main
wood,50.0,T,TM,0.5382584872171079,-5.380182270591255,True,True,main
wood,55.0,T,TM,0.5506582912364583,-5.182356344782921,True,True,main
wood,60.0,T,TM,0.5025880260392609,-5.975757250285557,True,True,main
wood,65.0,T,TM,0.5030605293211702,-5.967595131142806,True,False,main
wood,70.0,T,TM,0.4202417377498778,-7.530016326831563,True,False,main
