material,theta_deg,ideal_dom_res_ratio_db,raw_dom_res_ratio_db,eff_dom_res_ratio_db
concrete,10.0,31.37211597783726,12.26374444670846,7.822425277770925
concrete,15.0,26.035159885225102,10.767571354498855,10.25834887339866
concrete,20.0,22.245832438432814,9.43032835193816,13.175333668765623
concrete,25.0,20.800776786138123,8.778952291212315,15.643315414794332
concrete,30.0,20.641394449895575,8.105260924768663,19.777874272387752
concrete,35.0,14.96793830252919,7.08517614808761,22.585100207100442
concrete,40.0,12.77540605967734,6.683652937108415,21.978291144170488
concrete,45.0,9.072279385488667,5.595354166362321,17.017002570975816
concrete,50.0,7.204292996212835,4.891004743235918,13.82343619503472
concrete,55.0,6.388527513172409,3.5233829334578948,9.854445208034159
glass,10.0,33.368018082922134,12.30892278783303,7.780522722564189
glass,15.0,24.231394146003304,10.881644177902006,10.169306483502474
glass,20.0,22.01071317172753,9.536818141959966,11.662400248483264
glass,25.0,20.06807691376265,9.10979118074818,12.496975158990164
glass,30.0,22.854005905952196,8.431468610262838,9.250479831519154
glass,35.0,16.891346574649795,7.4671403143758415,6.421233093987975
glass,40.0,15.827370121529567,7.35626800363003,7.735555425893612
glass,45.0,11.689231519397394,6.174739534498327,9.337963794433028
glass,50.0,9.768624044012583,5.705257017101032,5.196109251677123
glass,55.0,6.6354521222520235,4.361585001628921,8.147241096900345
glass,60.0,3.811480802739568,3.1774598807369965,3.518590171274286
wood,10.0,24.64280795393528,11.991253114360221,8.01929085659718
wood,15.0,22.349774017233464,10.16715892475646,10.852074124315083
wood,20.0,17.85770652034508,8.711354558409486,9.073415889457781
wood,25.0,16.257005170074766,7.66710104501413,10.764042863726068
wood,30.0,14.646418612053893,6.716799443281266,13.952480447191558
wood,35.0,10.446223264120622,5.527437319602534,16.487705100523794
wood,40.0,7.5455970526704625,4.5138584557037085,1.7448239537217782
wood,45.0,4.049147853831243,3.2051393703304076,5.204703525572482
