"stage","subgroup","filename","role","paper_use","source_path","packaged_path"
"stage_0","metadata","stage_0_no_numeric_artifacts.csv","placeholder manifest","documentation index","generated_in_stage_csv_integrated","D:\OneDrive - postech.ac.kr\명선\2026\3.9 CP odd-bounce\4.CP_material_effect\paper_final_analysis_sequence\stage_csv_integrated\stage_0\stage_0_no_numeric_artifacts.csv"
"stage_1","lock_variant_ab","truth_table_cp_lock_variant_comparison.csv","raw/shared/independent CP comparison","Stage 1 lock sensitivity audit","D:\OneDrive - postech.ac.kr\명선\2026\3.9 CP odd-bounce\4.CP_material_effect\analysis_stages\paper_code_review_bundle_20260414\data\stage_1\lock_variant_ab_20260415\truth_table_cp_lock_variant_comparison.csv","D:\OneDrive - postech.ac.kr\명선\2026\3.9 CP odd-bounce\4.CP_material_effect\paper_final_analysis_sequence\stage_csv_integrated\stage_1\lock_variant_ab\truth_table_cp_lock_variant_comparison.csv"
"stage_1","lock_variant_ab","truth_table_cp_lock_variant_summary.csv","lock sensitivity summary","Stage 1 lock sensitivity audit","D:\OneDrive - postech.ac.kr\명선\2026\3.9 CP odd-bounce\4.CP_material_effect\analysis_stages\paper_code_review_bundle_20260414\data\stage_1\lock_variant_ab_20260415\truth_table_cp_lock_variant_summary.csv","D:\OneDrive - postech.ac.kr\명선\2026\3.9 CP odd-bounce\4.CP_material_effect\paper_final_analysis_sequence\stage_csv_integrated\stage_1\lock_variant_ab\truth_table_cp_lock_variant_summary.csv"
"stage_1","lock_variant_ab","truth_table_cp_raw.csv","CP transform from raw linear truth","lock A/B comparison","D:\OneDrive - postech.ac.kr\명선\2026\3.9 CP odd-bounce\4.CP_material_effect\analysis_stages\paper_code_review_bundle_20260414\data\stage_1\lock_variant_ab_20260415\truth_table_cp_raw.csv","D:\OneDrive - postech.ac.kr\명선\2026\3.9 CP odd-bounce\4.CP_material_effect\paper_final_analysis_sequence\stage_csv_integrated\stage_1\lock_variant_ab\truth_table_cp_raw.csv"
"stage_1","lock_variant_ab","truth_table_cp_shared_common_lock.csv","CP transform from shared-common lock","lock A/B comparison","D:\OneDrive - postech.ac.kr\명선\2026\3.9 CP odd-bounce\4.CP_material_effect\analysis_stages\paper_code_review_bundle_20260414\data\stage_1\lock_variant_ab_20260415\truth_table_cp_shared_common_lock.csv","D:\OneDrive - postech.ac.kr\명선\2026\3.9 CP odd-bounce\4.CP_material_effect\paper_final_analysis_sequence\stage_csv_integrated\stage_1\lock_variant_ab\truth_table_cp_shared_common_lock.csv"
"stage_1","lock_variant_ab","truth_table_linear_shared_common_lock.csv","shared-common Stage 1 lock variant","phase-lock audit","D:\OneDrive - postech.ac.kr\명선\2026\3.9 CP odd-bounce\4.CP_material_effect\analysis_stages\paper_code_review_bundle_20260414\data\stage_1\lock_variant_ab_20260415\truth_table_linear_shared_common_lock.csv","D:\OneDrive - postech.ac.kr\명선\2026\3.9 CP odd-bounce\4.CP_material_effect\paper_final_analysis_sequence\stage_csv_integrated\stage_1\lock_variant_ab\truth_table_linear_shared_common_lock.csv"
"stage_1","main_truth","normalized_measurements.csv","normalized ideal TE/TM extraction input","methods/input audit","D:\OneDrive - postech.ac.kr\명선\2026\3.9 CP odd-bounce\4.CP_material_effect\analysis_stages\paper_code_review_bundle_20260414\data\stage_1\normalized_measurements.csv","D:\OneDrive - postech.ac.kr\명선\2026\3.9 CP odd-bounce\4.CP_material_effect\paper_final_analysis_sequence\stage_csv_integrated\stage_1\main_truth\normalized_measurements.csv"
"stage_1","main_truth","qc_report.csv","stage 1 QC pass/fail table","main QC gate","D:\OneDrive - postech.ac.kr\명선\2026\3.9 CP odd-bounce\4.CP_material_effect\analysis_stages\paper_code_review_bundle_20260414\data\stage_1\qc_report.csv","D:\OneDrive - postech.ac.kr\명선\2026\3.9 CP odd-bounce\4.CP_material_effect\paper_final_analysis_sequence\stage_csv_integrated\stage_1\main_truth\qc_report.csv"
"stage_1","main_truth","truth_table_linear_locked.csv","authoritative linear truth","main figure/table source","D:\OneDrive - postech.ac.kr\명선\2026\3.9 CP odd-bounce\4.CP_material_effect\analysis_stages\paper_code_review_bundle_20260414\data\stage_1\truth_table_linear_locked.csv","D:\OneDrive - postech.ac.kr\명선\2026\3.9 CP odd-bounce\4.CP_material_effect\paper_final_analysis_sequence\stage_csv_integrated\stage_1\main_truth\truth_table_linear_locked.csv"
"stage_1","main_truth","truth_table_linear_raw.csv","raw linear truth before PEC lock","audit/reference","D:\OneDrive - postech.ac.kr\명선\2026\3.9 CP odd-bounce\4.CP_material_effect\analysis_stages\paper_code_review_bundle_20260414\data\stage_1\truth_table_linear_raw.csv","D:\OneDrive - postech.ac.kr\명선\2026\3.9 CP odd-bounce\4.CP_material_effect\paper_final_analysis_sequence\stage_csv_integrated\stage_1\main_truth\truth_table_linear_raw.csv"
"stage_1","phase_lock_audit","forced_zero_file_comparison.csv","forced-zero rerun comparison","legacy +90 deg rejection audit","D:\OneDrive - postech.ac.kr\명선\2026\3.9 CP odd-bounce\4.CP_material_effect\analysis_stages\paper_code_review_bundle_20260414\data\stage_1\phase_lock_audit_20260414\forced_zero_file_comparison.csv","D:\OneDrive - postech.ac.kr\명선\2026\3.9 CP odd-bounce\4.CP_material_effect\paper_final_analysis_sequence\stage_csv_integrated\stage_1\phase_lock_audit\forced_zero_file_comparison.csv"
"stage_1","phase_lock_audit","manifest_incident_phase_summary.csv","manifest incident phase audit","phase injection check","D:\OneDrive - postech.ac.kr\명선\2026\3.9 CP odd-bounce\4.CP_material_effect\analysis_stages\paper_code_review_bundle_20260414\data\stage_1\phase_lock_audit_20260414\manifest_incident_phase_summary.csv","D:\OneDrive - postech.ac.kr\명선\2026\3.9 CP odd-bounce\4.CP_material_effect\paper_final_analysis_sequence\stage_csv_integrated\stage_1\phase_lock_audit\manifest_incident_phase_summary.csv"
"stage_1","phase_lock_audit","phase_lock_dphi_rowwise.csv","rowwise raw-vs-locked TE/TM relative phase drift","phase injection check","D:\OneDrive - postech.ac.kr\명선\2026\3.9 CP odd-bounce\4.CP_material_effect\analysis_stages\paper_code_review_bundle_20260414\data\stage_1\phase_lock_audit_20260414\phase_lock_dphi_rowwise.csv","D:\OneDrive - postech.ac.kr\명선\2026\3.9 CP odd-bounce\4.CP_material_effect\paper_final_analysis_sequence\stage_csv_integrated\stage_1\phase_lock_audit\phase_lock_dphi_rowwise.csv"
"stage_1","phase_lock_audit","phase_lock_dphi_theta_summary.csv","theta summary of phase drift","phase injection check","D:\OneDrive - postech.ac.kr\명선\2026\3.9 CP odd-bounce\4.CP_material_effect\analysis_stages\paper_code_review_bundle_20260414\data\stage_1\phase_lock_audit_20260414\phase_lock_dphi_theta_summary.csv","D:\OneDrive - postech.ac.kr\명선\2026\3.9 CP odd-bounce\4.CP_material_effect\paper_final_analysis_sequence\stage_csv_integrated\stage_1\phase_lock_audit\phase_lock_dphi_theta_summary.csv"
"stage_1","sanity_check","sanity_check_fresnel_comparison.csv","Fresnel analytic comparison","main validation figure","D:\OneDrive - postech.ac.kr\명선\2026\3.9 CP odd-bounce\4.CP_material_effect\analysis_stages\paper_code_review_bundle_20260414\data\stage_1\sanity_check\sanity_check_fresnel_comparison.csv","D:\OneDrive - postech.ac.kr\명선\2026\3.9 CP odd-bounce\4.CP_material_effect\paper_final_analysis_sequence\stage_csv_integrated\stage_1\sanity_check\sanity_check_fresnel_comparison.csv"
"stage_2","sameflip_truth","truth_table_cp_locked_sameflip.csv","independent-lock same/flip CP truth","audit-only","D:\OneDrive - postech.ac.kr\명선\2026\3.9 CP odd-bounce\4.CP_material_effect\analysis_stages\paper_code_review_bundle_20260414\data\stage_2\sameflip_alias_20260415\truth_table_cp_locked_sameflip.csv","D:\OneDrive - postech.ac.kr\명선\2026\3.9 CP odd-bounce\4.CP_material_effect\paper_final_analysis_sequence\stage_csv_integrated\stage_2\sameflip_truth\truth_table_cp_locked_sameflip.csv"
"stage_2","sameflip_truth","truth_table_cp_raw_sameflip.csv","raw CP truth with same/flip labels","audit/reference","D:\OneDrive - postech.ac.kr\명선\2026\3.9 CP odd-bounce\4.CP_material_effect\analysis_stages\paper_code_review_bundle_20260414\data\stage_2\sameflip_alias_20260415\truth_table_cp_raw_sameflip.csv","D:\OneDrive - postech.ac.kr\명선\2026\3.9 CP odd-bounce\4.CP_material_effect\paper_final_analysis_sequence\stage_csv_integrated\stage_2\sameflip_truth\truth_table_cp_raw_sameflip.csv"
"stage_2","sameflip_truth","truth_table_cp_shared_common_sameflip.csv","shared-common same/flip CP truth","authoritative ideal CP source","D:\OneDrive - postech.ac.kr\명선\2026\3.9 CP odd-bounce\4.CP_material_effect\analysis_stages\paper_code_review_bundle_20260414\data\stage_2\sameflip_alias_20260415\truth_table_cp_shared_common_sameflip.csv","D:\OneDrive - postech.ac.kr\명선\2026\3.9 CP odd-bounce\4.CP_material_effect\paper_final_analysis_sequence\stage_csv_integrated\stage_2\sameflip_truth\truth_table_cp_shared_common_sameflip.csv"
"stage_3","lp_anchor_lock","lp_anchor_branch_lock_full.csv","full LP-anchor evidence table","supplement/audit","D:\OneDrive - postech.ac.kr\명선\2026\3.9 CP odd-bounce\4.CP_material_effect\analysis_stages\paper_code_review_bundle_20260414\data\stage_3\lp_anchor_branch_lock_raw_primary_20260415\lp_anchor_branch_lock_full.csv","D:\OneDrive - postech.ac.kr\명선\2026\3.9 CP odd-bounce\4.CP_material_effect\paper_final_analysis_sequence\stage_csv_integrated\stage_3\lp_anchor_lock\lp_anchor_branch_lock_full.csv"
"stage_3","lp_anchor_lock","lp_anchor_branch_lock_main.csv","main-range LP-anchor evidence table","paper-facing alias verification","D:\OneDrive - postech.ac.kr\명선\2026\3.9 CP odd-bounce\4.CP_material_effect\analysis_stages\paper_code_review_bundle_20260414\data\stage_3\lp_anchor_branch_lock_raw_primary_20260415\lp_anchor_branch_lock_main.csv","D:\OneDrive - postech.ac.kr\명선\2026\3.9 CP odd-bounce\4.CP_material_effect\paper_final_analysis_sequence\stage_csv_integrated\stage_3\lp_anchor_lock\lp_anchor_branch_lock_main.csv"
"stage_3","lp_anchor_lock","lp_anchor_branch_lock_summary.csv","LP-anchor summary","paper-facing alias verification","D:\OneDrive - postech.ac.kr\명선\2026\3.9 CP odd-bounce\4.CP_material_effect\analysis_stages\paper_code_review_bundle_20260414\data\stage_3\lp_anchor_branch_lock_raw_primary_20260415\lp_anchor_branch_lock_summary.csv","D:\OneDrive - postech.ac.kr\명선\2026\3.9 CP odd-bounce\4.CP_material_effect\paper_final_analysis_sequence\stage_csv_integrated\stage_3\lp_anchor_lock\lp_anchor_branch_lock_summary.csv"
"stage_3","lp_anchor_lock","patch_cp_extracted_with_lp_anchor_alias.csv","authoritative Stage 3 patch CP export with raw-primary alias","main patch CP source","D:\OneDrive - postech.ac.kr\명선\2026\3.9 CP odd-bounce\4.CP_material_effect\analysis_stages\paper_code_review_bundle_20260414\data\stage_3\lp_anchor_branch_lock_raw_primary_20260415\patch_cp_extracted_with_lp_anchor_alias.csv","D:\OneDrive - postech.ac.kr\명선\2026\3.9 CP odd-bounce\4.CP_material_effect\paper_final_analysis_sequence\stage_csv_integrated\stage_3\lp_anchor_lock\patch_cp_extracted_with_lp_anchor_alias.csv"
"stage_3","lp_direct","patch_lp_extracted.csv","LP direct extracted patch response","LP bridge / supplement","D:\OneDrive - postech.ac.kr\명선\2026\3.9 CP odd-bounce\4.CP_material_effect\analysis_stages\paper_code_review_bundle_20260414\data\stage_3\lp\patch_lp_extracted.csv","D:\OneDrive - postech.ac.kr\명선\2026\3.9 CP odd-bounce\4.CP_material_effect\paper_final_analysis_sequence\stage_csv_integrated\stage_3\lp_direct\patch_lp_extracted.csv"
"stage_3","lp_direct","patch_lp_extracted_freq_resolved.csv","frequency-resolved LP direct extraction","supplement/audit","D:\OneDrive - postech.ac.kr\명선\2026\3.9 CP odd-bounce\4.CP_material_effect\analysis_stages\paper_code_review_bundle_20260414\data\stage_3\lp\patch_lp_extracted_freq_resolved.csv","D:\OneDrive - postech.ac.kr\명선\2026\3.9 CP odd-bounce\4.CP_material_effect\paper_final_analysis_sequence\stage_csv_integrated\stage_3\lp_direct\patch_lp_extracted_freq_resolved.csv"
"stage_4","direct_cp_one_point","direct_cp_one_point_comparison.csv","direct CP one-point branch comparison","convention sanity supplement","D:\OneDrive - postech.ac.kr\명선\2026\3.9 CP odd-bounce\4.CP_material_effect\analysis_stages\paper_code_review_bundle_20260414\data\stage_4\direct_cp_one_point_sanity_20260414\direct_cp_one_point_comparison.csv","D:\OneDrive - postech.ac.kr\명선\2026\3.9 CP odd-bounce\4.CP_material_effect\paper_final_analysis_sequence\stage_csv_integrated\stage_4\direct_cp_one_point\direct_cp_one_point_comparison.csv"
"stage_4","direct_cp_one_point","direct_cp_one_point_normalized.csv","direct CP one-point normalized channels","convention sanity supplement","D:\OneDrive - postech.ac.kr\명선\2026\3.9 CP odd-bounce\4.CP_material_effect\analysis_stages\paper_code_review_bundle_20260414\data\stage_4\direct_cp_one_point_sanity_20260414\direct_cp_one_point_normalized.csv","D:\OneDrive - postech.ac.kr\명선\2026\3.9 CP odd-bounce\4.CP_material_effect\paper_final_analysis_sequence\stage_csv_integrated\stage_4\direct_cp_one_point\direct_cp_one_point_normalized.csv"
"stage_4","direct_cp_one_point","direct_cp_one_point_pec_normalized_channels.csv","PEC-normalized direct CP channels","convention sanity supplement","D:\OneDrive - postech.ac.kr\명선\2026\3.9 CP odd-bounce\4.CP_material_effect\analysis_stages\paper_code_review_bundle_20260414\data\stage_4\direct_cp_one_point_sanity_20260414\direct_cp_one_point_pec_normalized_channels.csv","D:\OneDrive - postech.ac.kr\명선\2026\3.9 CP odd-bounce\4.CP_material_effect\paper_final_analysis_sequence\stage_csv_integrated\stage_4\direct_cp_one_point\direct_cp_one_point_pec_normalized_channels.csv"
"stage_4","direct_cp_one_point","direct_cp_reference_channels.csv","direct CP reference channels","convention sanity supplement","D:\OneDrive - postech.ac.kr\명선\2026\3.9 CP odd-bounce\4.CP_material_effect\analysis_stages\paper_code_review_bundle_20260414\data\stage_4\direct_cp_one_point_sanity_20260414\direct_cp_reference_channels.csv","D:\OneDrive - postech.ac.kr\명선\2026\3.9 CP odd-bounce\4.CP_material_effect\paper_final_analysis_sequence\stage_csv_integrated\stage_4\direct_cp_one_point\direct_cp_reference_channels.csv"
"stage_4","direct_cp_one_point","direct_cp_target_reference.csv","direct CP target reference","convention sanity supplement","D:\OneDrive - postech.ac.kr\명선\2026\3.9 CP odd-bounce\4.CP_material_effect\analysis_stages\paper_code_review_bundle_20260414\data\stage_4\direct_cp_one_point_sanity_20260414\direct_cp_target_reference.csv","D:\OneDrive - postech.ac.kr\명선\2026\3.9 CP odd-bounce\4.CP_material_effect\paper_final_analysis_sequence\stage_csv_integrated\stage_4\direct_cp_one_point\direct_cp_target_reference.csv"
"stage_4","eff_mechanism","eff_mechanism_audit_freq_resolved.csv","frequency-resolved eff mechanism audit","root-cause supplement","D:\OneDrive - postech.ac.kr\명선\2026\3.9 CP odd-bounce\4.CP_material_effect\analysis_stages\paper_code_review_bundle_20260414\results\eff_mechanism_audit_freq_resolved.csv","D:\OneDrive - postech.ac.kr\명선\2026\3.9 CP odd-bounce\4.CP_material_effect\paper_final_analysis_sequence\stage_csv_integrated\stage_4\eff_mechanism\eff_mechanism_audit_freq_resolved.csv"
"stage_4","eff_mechanism","eff_mechanism_audit_full.csv","full eff mechanism audit","root-cause supplement","D:\OneDrive - postech.ac.kr\명선\2026\3.9 CP odd-bounce\4.CP_material_effect\analysis_stages\paper_code_review_bundle_20260414\results\eff_mechanism_audit_full.csv","D:\OneDrive - postech.ac.kr\명선\2026\3.9 CP odd-bounce\4.CP_material_effect\paper_final_analysis_sequence\stage_csv_integrated\stage_4\eff_mechanism\eff_mechanism_audit_full.csv"
"stage_4","eff_mechanism","eff_mechanism_summary.csv","eff mechanism summary","root-cause supplement","D:\OneDrive - postech.ac.kr\명선\2026\3.9 CP odd-bounce\4.CP_material_effect\analysis_stages\paper_code_review_bundle_20260414\results\eff_mechanism_summary.csv","D:\OneDrive - postech.ac.kr\명선\2026\3.9 CP odd-bounce\4.CP_material_effect\paper_final_analysis_sequence\stage_csv_integrated\stage_4\eff_mechanism\eff_mechanism_summary.csv"
"stage_4","eff_mechanism","eps_obs_ideal_center_6p5ghz.csv","ideal-centered observed epsilon table","root-cause supplement","D:\OneDrive - postech.ac.kr\명선\2026\3.9 CP odd-bounce\4.CP_material_effect\analysis_stages\paper_code_review_bundle_20260414\results\eps_obs_ideal_center_6p5ghz.csv","D:\OneDrive - postech.ac.kr\명선\2026\3.9 CP odd-bounce\4.CP_material_effect\paper_final_analysis_sequence\stage_csv_integrated\stage_4\eff_mechanism\eps_obs_ideal_center_6p5ghz.csv"
"stage_4","eff_mechanism","eps_obs_ideal_center_summary.csv","ideal-centered epsilon summary","root-cause supplement","D:\OneDrive - postech.ac.kr\명선\2026\3.9 CP odd-bounce\4.CP_material_effect\analysis_stages\paper_code_review_bundle_20260414\results\eps_obs_ideal_center_summary.csv","D:\OneDrive - postech.ac.kr\명선\2026\3.9 CP odd-bounce\4.CP_material_effect\paper_final_analysis_sequence\stage_csv_integrated\stage_4\eff_mechanism\eps_obs_ideal_center_summary.csv"
"stage_4","eff_mechanism","eps_obs_lp_material_spread_freq.csv","LP-spread epsilon frequency table","root-cause supplement","D:\OneDrive - postech.ac.kr\명선\2026\3.9 CP odd-bounce\4.CP_material_effect\analysis_stages\paper_code_review_bundle_20260414\results\eps_obs_lp_material_spread_freq.csv","D:\OneDrive - postech.ac.kr\명선\2026\3.9 CP odd-bounce\4.CP_material_effect\paper_final_analysis_sequence\stage_csv_integrated\stage_4\eff_mechanism\eps_obs_lp_material_spread_freq.csv"
"stage_4","eff_mechanism","eps_obs_lp_material_spread_theta_summary.csv","LP-spread epsilon theta summary","root-cause supplement","D:\OneDrive - postech.ac.kr\명선\2026\3.9 CP odd-bounce\4.CP_material_effect\analysis_stages\paper_code_review_bundle_20260414\results\eps_obs_lp_material_spread_theta_summary.csv","D:\OneDrive - postech.ac.kr\명선\2026\3.9 CP odd-bounce\4.CP_material_effect\paper_final_analysis_sequence\stage_csv_integrated\stage_4\eff_mechanism\eps_obs_lp_material_spread_theta_summary.csv"
"stage_4","eff_negative_audit","stage4f_eff_negative_distribution.csv","distribution of eff negative-gap rows","supplement/audit","D:\OneDrive - postech.ac.kr\명선\2026\3.9 CP odd-bounce\4.CP_material_effect\analysis_stages\paper_code_review_bundle_20260414\data\stage_4\stage4f_raw_primary_dual_20260414\stage4f_eff_negative_distribution.csv","D:\OneDrive - postech.ac.kr\명선\2026\3.9 CP odd-bounce\4.CP_material_effect\paper_final_analysis_sequence\stage_csv_integrated\stage_4\eff_negative_audit\stage4f_eff_negative_distribution.csv"
"stage_4","eff_negative_audit","stage4f_eff_negative_rows.csv","rows where eff beats ideal at same angle","supplement/audit","D:\OneDrive - postech.ac.kr\명선\2026\3.9 CP odd-bounce\4.CP_material_effect\analysis_stages\paper_code_review_bundle_20260414\data\stage_4\stage4f_raw_primary_dual_20260414\stage4f_eff_negative_rows.csv","D:\OneDrive - postech.ac.kr\명선\2026\3.9 CP odd-bounce\4.CP_material_effect\paper_final_analysis_sequence\stage_csv_integrated\stage_4\eff_negative_audit\stage4f_eff_negative_rows.csv"
"stage_4","headline_raw_primary","stage4f_raw_primary_full.csv","full raw-primary Stage 4 table","authoritative headline source","D:\OneDrive - postech.ac.kr\명선\2026\3.9 CP odd-bounce\4.CP_material_effect\analysis_stages\paper_code_review_bundle_20260414\data\stage_4\stage4f_raw_primary_dual_20260414\stage4f_raw_primary_full.csv","D:\OneDrive - postech.ac.kr\명선\2026\3.9 CP odd-bounce\4.CP_material_effect\paper_final_analysis_sequence\stage_csv_integrated\stage_4\headline_raw_primary\stage4f_raw_primary_full.csv"
"stage_4","headline_raw_primary","stage4f_raw_primary_summary.csv","raw-primary summary","authoritative headline source","D:\OneDrive - postech.ac.kr\명선\2026\3.9 CP odd-bounce\4.CP_material_effect\analysis_stages\paper_code_review_bundle_20260414\data\stage_4\stage4f_raw_primary_dual_20260414\stage4f_raw_primary_summary.csv","D:\OneDrive - postech.ac.kr\명선\2026\3.9 CP odd-bounce\4.CP_material_effect\paper_final_analysis_sequence\stage_csv_integrated\stage_4\headline_raw_primary\stage4f_raw_primary_summary.csv"
"stage_4","headline_raw_primary","table1_raw_primary_anglewise.csv","Table I anglewise raw-primary export","table source","D:\OneDrive - postech.ac.kr\명선\2026\3.9 CP odd-bounce\4.CP_material_effect\analysis_stages\paper_code_review_bundle_20260414\data\stage_4\stage4f_raw_primary_dual_20260414\table1_raw_primary_anglewise.csv","D:\OneDrive - postech.ac.kr\명선\2026\3.9 CP odd-bounce\4.CP_material_effect\paper_final_analysis_sequence\stage_csv_integrated\stage_4\headline_raw_primary\table1_raw_primary_anglewise.csv"
"stage_4","headline_raw_primary","table1_raw_primary_anglewise_theta_wide.csv","wide-angle Table I export","audit/table supplement","D:\OneDrive - postech.ac.kr\명선\2026\3.9 CP odd-bounce\4.CP_material_effect\analysis_stages\paper_code_review_bundle_20260414\data\stage_4\stage4f_raw_primary_dual_20260414\table1_raw_primary_anglewise_theta_wide.csv","D:\OneDrive - postech.ac.kr\명선\2026\3.9 CP odd-bounce\4.CP_material_effect\paper_final_analysis_sequence\stage_csv_integrated\stage_4\headline_raw_primary\table1_raw_primary_anglewise_theta_wide.csv"
"stage_4","headline_raw_primary","table1_raw_primary_means.csv","mean suppression table","headline summary","D:\OneDrive - postech.ac.kr\명선\2026\3.9 CP odd-bounce\4.CP_material_effect\analysis_stages\paper_code_review_bundle_20260414\data\stage_4\stage4f_raw_primary_dual_20260414\table1_raw_primary_means.csv","D:\OneDrive - postech.ac.kr\명선\2026\3.9 CP odd-bounce\4.CP_material_effect\paper_final_analysis_sequence\stage_csv_integrated\stage_4\headline_raw_primary\table1_raw_primary_means.csv"
"stage_4","metal_floor_crosscheck","metal_floor_same_angle_audit.csv","same-angle metal-floor audit","supplement/cross-check","D:\OneDrive - postech.ac.kr\명선\2026\3.9 CP odd-bounce\4.CP_material_effect\analysis_stages\paper_code_review_bundle_20260414\results\metal_floor_same_angle_audit.csv","D:\OneDrive - postech.ac.kr\명선\2026\3.9 CP odd-bounce\4.CP_material_effect\paper_final_analysis_sequence\stage_csv_integrated\stage_4\metal_floor_crosscheck\metal_floor_same_angle_audit.csv"
"stage_4","metal_floor_crosscheck","metal_floor_same_angle_audit_summary.csv","metal-floor audit summary","supplement/cross-check","D:\OneDrive - postech.ac.kr\명선\2026\3.9 CP odd-bounce\4.CP_material_effect\analysis_stages\paper_code_review_bundle_20260414\results\metal_floor_same_angle_audit_summary.csv","D:\OneDrive - postech.ac.kr\명선\2026\3.9 CP odd-bounce\4.CP_material_effect\paper_final_analysis_sequence\stage_csv_integrated\stage_4\metal_floor_crosscheck\metal_floor_same_angle_audit_summary.csv"
"stage_4","metal_floor_crosscheck","patch_cp_metal_floor_extracted.csv","metal-floor normalized CP extraction","supplement/cross-check","D:\OneDrive - postech.ac.kr\명선\2026\3.9 CP odd-bounce\4.CP_material_effect\analysis_stages\paper_code_review_bundle_20260414\results\patch_cp_metal_floor_extracted.csv","D:\OneDrive - postech.ac.kr\명선\2026\3.9 CP odd-bounce\4.CP_material_effect\paper_final_analysis_sequence\stage_csv_integrated\stage_4\metal_floor_crosscheck\patch_cp_metal_floor_extracted.csv"
"stage_4","pec_based_correction","pec_based_cp_comparison_full.csv","PEC-based correction full comparison","supplement/cross-check","D:\OneDrive - postech.ac.kr\명선\2026\3.9 CP odd-bounce\4.CP_material_effect\analysis_stages\paper_code_review_bundle_20260414\data\stage_4\stage4h_pec_based_cp_correction_20260414\pec_based_cp_comparison_full.csv","D:\OneDrive - postech.ac.kr\명선\2026\3.9 CP odd-bounce\4.CP_material_effect\paper_final_analysis_sequence\stage_csv_integrated\stage_4\pec_based_correction\pec_based_cp_comparison_full.csv"
"stage_4","pec_based_correction","pec_based_cp_comparison_long.csv","PEC-based correction long-form rows","supplement/cross-check","D:\OneDrive - postech.ac.kr\명선\2026\3.9 CP odd-bounce\4.CP_material_effect\analysis_stages\paper_code_review_bundle_20260414\data\stage_4\stage4h_pec_based_cp_correction_20260414\pec_based_cp_comparison_long.csv","D:\OneDrive - postech.ac.kr\명선\2026\3.9 CP odd-bounce\4.CP_material_effect\paper_final_analysis_sequence\stage_csv_integrated\stage_4\pec_based_correction\pec_based_cp_comparison_long.csv"
"stage_4","pec_based_correction","pec_based_cp_comparison_summary.csv","PEC-based correction summary","supplement/cross-check","D:\OneDrive - postech.ac.kr\명선\2026\3.9 CP odd-bounce\4.CP_material_effect\analysis_stages\paper_code_review_bundle_20260414\data\stage_4\stage4h_pec_based_cp_correction_20260414\pec_based_cp_comparison_summary.csv","D:\OneDrive - postech.ac.kr\명선\2026\3.9 CP odd-bounce\4.CP_material_effect\paper_final_analysis_sequence\stage_csv_integrated\stage_4\pec_based_correction\pec_based_cp_comparison_summary.csv"
"stage_5","metadata","stage_5_no_numeric_artifacts.csv","placeholder manifest","documentation index","generated_in_stage_csv_integrated","D:\OneDrive - postech.ac.kr\명선\2026\3.9 CP odd-bounce\4.CP_material_effect\paper_final_analysis_sequence\stage_csv_integrated\stage_5\stage_5_no_numeric_artifacts.csv"
"stage_6","uwb_sensitivity","uwb_dispersion_sensitivity_full.csv","UWB sensitivity full sweep","supplement","D:\OneDrive - postech.ac.kr\명선\2026\3.9 CP odd-bounce\4.CP_material_effect\analysis_stages\stage6_uwb_dispersion_sensitivity_20260414\results\uwb_dispersion_sensitivity_full.csv","D:\OneDrive - postech.ac.kr\명선\2026\3.9 CP odd-bounce\4.CP_material_effect\paper_final_analysis_sequence\stage_csv_integrated\stage_6\uwb_sensitivity\uwb_dispersion_sensitivity_full.csv"
"stage_6","uwb_sensitivity","uwb_dispersion_sensitivity_summary.csv","UWB sensitivity summary","supplement","D:\OneDrive - postech.ac.kr\명선\2026\3.9 CP odd-bounce\4.CP_material_effect\analysis_stages\stage6_uwb_dispersion_sensitivity_20260414\results\uwb_dispersion_sensitivity_summary.csv","D:\OneDrive - postech.ac.kr\명선\2026\3.9 CP odd-bounce\4.CP_material_effect\paper_final_analysis_sequence\stage_csv_integrated\stage_6\uwb_sensitivity\uwb_dispersion_sensitivity_summary.csv"
"stage_7","figure_mapping","fig1_linear_truth_vs_fresnel.csv","Fig. 1 export","figure source","D:\OneDrive - postech.ac.kr\명선\2026\3.9 CP odd-bounce\4.CP_material_effect\analysis_stages\stage7_figure_table_mapping_20260414\results\csv\fig1_linear_truth_vs_fresnel.csv","D:\OneDrive - postech.ac.kr\명선\2026\3.9 CP odd-bounce\4.CP_material_effect\paper_final_analysis_sequence\stage_csv_integrated\stage_7\figure_mapping\fig1_linear_truth_vs_fresnel.csv"
"stage_7","figure_mapping","fig2_ideal_cp_oblique.csv","Fig. 2 export","figure source","D:\OneDrive - postech.ac.kr\명선\2026\3.9 CP odd-bounce\4.CP_material_effect\analysis_stages\stage7_figure_table_mapping_20260414\results\csv\fig2_ideal_cp_oblique.csv","D:\OneDrive - postech.ac.kr\명선\2026\3.9 CP odd-bounce\4.CP_material_effect\paper_final_analysis_sequence\stage_csv_integrated\stage_7\figure_mapping\fig2_ideal_cp_oblique.csv"
"stage_7","figure_mapping","fig3_practical_branch_overlay.csv","Fig. 3 export","figure source","D:\OneDrive - postech.ac.kr\명선\2026\3.9 CP odd-bounce\4.CP_material_effect\analysis_stages\stage7_figure_table_mapping_20260414\results\csv\fig3_practical_branch_overlay.csv","D:\OneDrive - postech.ac.kr\명선\2026\3.9 CP odd-bounce\4.CP_material_effect\paper_final_analysis_sequence\stage_csv_integrated\stage_7\figure_mapping\fig3_practical_branch_overlay.csv"
"stage_7","figure_mapping","fig4_headline_suppression.csv","Fig. 4 export","figure source","D:\OneDrive - postech.ac.kr\명선\2026\3.9 CP odd-bounce\4.CP_material_effect\analysis_stages\stage7_figure_table_mapping_20260414\results\csv\fig4_headline_suppression.csv","D:\OneDrive - postech.ac.kr\명선\2026\3.9 CP odd-bounce\4.CP_material_effect\paper_final_analysis_sequence\stage_csv_integrated\stage_7\figure_mapping\fig4_headline_suppression.csv"
"stage_7","figure_mapping","paper_element_map_20260414.csv","paper element to source map","manuscript binding","D:\OneDrive - postech.ac.kr\명선\2026\3.9 CP odd-bounce\4.CP_material_effect\analysis_stages\stage7_figure_table_mapping_20260414\results\paper_element_map_20260414.csv","D:\OneDrive - postech.ac.kr\명선\2026\3.9 CP odd-bounce\4.CP_material_effect\paper_final_analysis_sequence\stage_csv_integrated\stage_7\figure_mapping\paper_element_map_20260414.csv"
"stage_7","figure_mapping","table1_maintext_means.csv","main text Table I export","table source","D:\OneDrive - postech.ac.kr\명선\2026\3.9 CP odd-bounce\4.CP_material_effect\analysis_stages\stage7_figure_table_mapping_20260414\results\csv\table1_maintext_means.csv","D:\OneDrive - postech.ac.kr\명선\2026\3.9 CP odd-bounce\4.CP_material_effect\paper_final_analysis_sequence\stage_csv_integrated\stage_7\figure_mapping\table1_maintext_means.csv"
