material,theta_deg,freq_start_ghz,freq_stop_ghz,freq_center_ghz,n_freq,r_hat_yy_sys_real,r_hat_yy_sys_imag,r_hat_yy_sys_mag,r_hat_zz_sys_real,r_hat_zz_sys_imag,r_hat_zz_sys_mag,r_hat_yz_sys_real,r_hat_yz_sys_imag,r_hat_yz_sys_mag,r_hat_zy_sys_real,r_hat_zy_sys_imag,r_hat_zy_sys_mag,gamma_x_from_lp_real,gamma_x_from_lp_imag,gamma_x_from_lp_mag,gamma_c_from_lp_real,gamma_c_from_lp_imag,gamma_c_from_lp_mag,leakage_yz_db,leakage_zy_db,leakage_max_db,use_for_main_claim_candidate,note
concrete,10.0,6.24,6.74,6.489999999999999,501,0.5526726169484879,0.05034556814380006,0.5559533966423928,-0.4187112452865907,0.06141132880974415,0.423829631968267,0.1088108220844591,0.08243849337015385,0.136750080501396,-0.1017239374525913,-0.043543732299948054,0.11083906998042016,0.06698068583094856,0.0558784484767721,0.08741474118508799,-0.4856919311175393,0.005532880332972045,0.48653507852893024,-17.281448186720354,-19.106142538356583,-17.281448186720354,True,Candidate main-claim LP patch row after Stage 4 merge.
concrete,15.0,6.24,6.74,6.489999999999999,501,0.497849017214663,0.15382054262699651,0.5218308971250555,-0.41410734850469955,-0.01849692946951254,0.41502631924755407,0.08504221735101002,0.09077144900407434,0.12455773872728722,-0.07686121951460372,-0.05661879537420652,0.09558836300728063,0.041870834354981706,0.06766180657874198,0.07970101892859095,-0.4559781828596813,-0.08615873604825453,0.4646767698658864,-18.09258569460083,-20.391899516265237,-18.09258569460083,True,Candidate main-claim LP patch row after Stage 4 merge.
concrete,20.0,6.24,6.74,6.489999999999999,501,0.4063116517087785,0.09909593722050218,0.418476690892729,-0.3605180474167027,0.0010840827235142011,0.3606774156309841,0.07437901067599473,0.06172408278983437,0.09671311590729016,-0.06033488668507231,-0.03926925685927702,0.07202581328243687,0.02289680214603787,0.05009000997200819,0.055150660781370354,-0.3834148495627406,-0.04900592724849399,0.3867337916414993,-20.290292487337616,-22.85023658331671,-20.290292487337616,True,Candidate main-claim LP patch row after Stage 4 merge.
concrete,25.0,6.24,6.74,6.489999999999999,501,0.4493609846198337,0.03007936579568439,0.4511330324747081,-0.4032108179418977,0.06048438561782021,0.4081557272148974,0.08906541118354432,0.046677759489786426,0.10077766280906286,-0.06630158549856588,-0.030307940078156098,0.07303086654572531,0.023075083338967996,0.04528187570675231,0.05094812707743145,-0.4262859012808657,0.015202509911067913,0.42715450797631394,-19.93271435657605,-22.7298709243765,-19.93271435657605,True,Candidate main-claim LP patch row after Stage 4 merge.
concrete,30.0,6.24,6.74,6.489999999999999,501,0.4431976960330685,0.09218654690504917,0.4544941943178621,-0.4529795699908767,0.016622939643050227,0.4547569837206422,0.0785197633421179,0.04777316230500586,0.09224453779163783,-0.056915580266640224,-0.034779258386124855,0.06690925005207624,-0.004890936978904038,0.05440474327404969,0.05507785523079022,-0.44808863301197266,-0.03778180363099947,0.4512782020174834,-20.701186818214627,-23.490276757087898,-20.701186818214627,True,Candidate main-claim LP patch row after Stage 4 merge.
concrete,35.0,6.24,6.74,6.489999999999999,501,0.3591084539738582,0.05360548082687536,0.36316476993035823,-0.4255157475180225,0.017637674951016112,0.42590706523450095,0.06728106574212753,0.025153838659511717,0.07185192289498733,-0.04620074859863751,-0.02149979859915831,0.05096703585725461,-0.03320364677208217,0.03562157788894574,0.04874128078878558,-0.39231210074594036,-0.017983902937929622,0.3927622413409775,-22.871232096452395,-25.85421246782596,-22.871232096452395,True,Candidate main-claim LP patch row after Stage 4 merge.
concrete,40.0,6.24,6.74,6.489999999999999,501,0.3708660070007227,0.031142734483654975,0.37399264468233234,-0.48726139654541517,0.042764159263045866,0.49069159128120754,0.06767387317469441,0.013049586383127827,0.06926550953101634,-0.0455629334830317,-0.015049835111944162,0.04822365255377716,-0.058197694772346265,0.03695344687335042,0.06900241156988494,-0.42906370177306896,0.005810712389695447,0.43076814633888105,-23.18965933348077,-26.334797967983153,-23.18965933348077,True,Candidate main-claim LP patch row after Stage 4 merge.
concrete,45.0,6.24,6.74,6.489999999999999,501,0.29353185269503845,0.04123656510499485,0.2964963525367886,-0.4919582259755544,0.006822452042081764,0.49221691609328755,0.05435244193283052,1.703835938487913e-05,0.054359708641023644,-0.03462660012132968,-0.005813453898658812,0.03511332241319209,-0.099213186640258,0.024029508573538312,0.1022157099856451,-0.3927450393352965,-0.017207056531456544,0.3932539738397187,-25.294457593586593,-29.09056151525003,-25.294457593586593,True,Candidate main-claim LP patch row after Stage 4 merge.
concrete,50.0,6.24,6.74,6.489999999999999,501,0.2670761298388266,0.008316647965272672,0.26828672978884316,-0.5455568133091486,0.03297301161591302,0.5475845451957507,0.05096091808183032,-0.01586311158716001,0.053516509708087745,-0.03166746355812794,0.005590626139411507,0.03226790169141506,-0.13924034173516098,0.020644829790592845,0.14085190496934555,-0.4063164715739876,0.01232818182532017,0.407521864498714,-25.43024437115242,-29.82458549729438,-25.43024437115242,True,Candidate main-claim LP patch row after Stage 4 merge.
concrete,55.0,6.24,6.74,6.489999999999999,501,0.1828430764552569,0.0038398122049837975,0.18301863996082043,-0.5572886137547053,0.010312345157421049,0.5574450236097248,0.04052729814538273,-0.030384945223536016,0.05065420176381593,-0.02366500374420883,0.018936136905674996,0.030313499371188872,-0.18722276864972417,0.007076078681202424,0.18739060001865152,-0.37006584510498103,0.003236266476218627,0.3701424714228001,-25.907690482025142,-30.367278521163456,-25.907690482025142,True,Candidate main-claim LP patch row after Stage 4 merge.
concrete,60.0,6.24,6.74,6.489999999999999,501,0.1219300975402625,-0.0074647311424494035,0.12247427886635999,-0.620971263060766,0.008826562821051804,0.6216833307332589,0.0337314624828861,-0.045909703205183956,0.0569826120919465,-0.018996066916510988,0.033687832889567094,0.038692605888520526,-0.2495205827602518,0.0006809158393012004,0.24971633445805314,-0.37145068030051426,0.008145646981750604,0.3720046252980843,-24.88515293025051,-28.247440404337496,-24.88515293025051,False,Outside the material-specific range or leakage threshold.
concrete,65.0,6.24,6.74,6.489999999999999,501,0.027214385613414882,-0.026120890569914273,0.03781955955657319,-0.6565403839389536,0.022922858939271432,0.6570251312776517,0.02488351107879125,-0.0619004193199594,0.06671873010427817,-0.013080873443304095,0.05139577002521025,0.05306526438291737,-0.3146629991627693,-0.0015990158153214211,0.3147013662731852,-0.3418773847761842,0.024521874754592853,0.3428087191026654,-23.515044569334755,-25.50379335354905,-23.515044569334755,False,Outside the material-specific range or leakage threshold.
concrete,70.0,6.24,6.74,6.489999999999999,501,-0.08305451920280205,-0.03419269907653095,0.08982935426218494,-0.6986507110083143,0.006662069032642571,0.6987424870854912,0.019566712194016234,-0.07721593545599208,0.07967895737266183,-0.009323086295039485,0.06856914594565759,0.06922455233085134,-0.39085261510555813,-0.013765315021944191,0.3911277520669971,-0.3077980959027561,0.020427384054586755,0.3085032762988537,-21.973127148881485,-23.194796882357657,-21.973127148881485,False,Outside the material-specific range or leakage threshold.
glass,10.0,6.24,6.74,6.489999999999999,501,0.5806191578669849,0.04915239841366104,0.6143880847151505,-0.43862856865352534,0.06714641607409029,0.466539732700105,0.11481672162363506,0.08584438239087801,0.15117133977033143,-0.10706829169329918,-0.04517625234259802,0.12255797288326244,0.07099529460672982,0.05814940724387566,0.09694134174611573,-0.5096238632602551,0.008997008830214611,0.5368126907099182,-16.41061075862982,-18.23316861821342,-16.41061075862982,True,Candidate main-claim LP patch row after Stage 4 merge.
glass,15.0,6.24,6.74,6.489999999999999,501,0.5263538175006621,0.16002592985715322,0.5728274774915094,-0.43517109536835313,-0.01714232497804608,0.4519367674068222,0.08993854343773466,0.09571150463537298,0.1365030834429745,-0.08142576838057727,-0.05944651400402293,0.10491407895421662,0.0455913610661545,0.07144180243955355,0.08958016819683585,-0.4807624564345076,-0.08858412741759963,0.5081019141939485,-17.2971507662895,-19.5833245541752,-17.2971507662895,True,Candidate main-claim LP patch row after Stage 4 merge.
glass,20.0,6.24,6.74,6.489999999999999,501,0.43761948738091766,0.0928375713695811,0.46214532475261977,-0.38167775021466804,0.014301048796596142,0.39412364113034826,0.08119812823909571,0.06368948640179456,0.1066068941319631,-0.06562011915635857,-0.04053171689792359,0.07961455078707606,0.02797086858312481,0.05356931008308862,0.0627394980052062,-0.40964861879779285,-0.039268261286492474,0.42487480433613645,-19.444294182613845,-21.98015101986418,-19.444294182613845,True,Candidate main-claim LP patch row after Stage 4 merge.
glass,25.0,6.24,6.74,6.489999999999999,501,0.5063179849763395,0.026403595239430564,0.5340098484216171,-0.43956942366567175,0.07755369831034643,0.465882661553165,0.09929134912842642,0.052536798704831994,0.11960271500134556,-0.0747057070578412,-0.03372558091594289,0.0864252261346107,0.03337428065533388,0.0519786467748885,0.06518733099214469,-0.4729437043210056,0.025575051535457922,0.49684651159474663,-18.445179233587673,-21.267189508748977,-18.445179233587673,True,Candidate main-claim LP patch row after Stage 4 merge.
glass,30.0,6.24,6.74,6.489999999999999,501,0.5053549468586922,0.09460857766016624,0.5446967916938631,-0.5002922954799158,0.028858436374456144,0.5225173517170443,0.08937500924375087,0.054420691985702055,0.11171026517415175,-0.06522860737590619,-0.03939817782919046,0.08047893297459043,0.002531325689388167,0.0617335070173112,0.06597608075220346,-0.502823621169304,-0.03287507064285505,0.5295737278158614,-19.03813834544906,-21.88635580637911,-19.03813834544906,True,Candidate main-claim LP patch row after Stage 4 merge.
glass,35.0,6.24,6.74,6.489999999999999,501,0.4304494374343345,0.06753966689519371,0.45408032330533454,-0.489816672092614,0.024352206358344862,0.5056339790300901,0.07849592824401161,0.03255179457227856,0.0892908915935113,-0.054600215689871244,-0.02791076148755643,0.0641692914942469,-0.02968361732913972,0.04594593662676929,0.05581050721316244,-0.46013305476347416,-0.021593730268424427,0.47733003651367945,-20.98385680933516,-23.853455116260545,-20.98385680933516,True,Candidate main-claim LP patch row after Stage 4 merge.
glass,40.0,6.24,6.74,6.489999999999999,501,0.45057039118325676,0.06310023587092593,0.4965382959485618,-0.5602823396700599,0.033962880175486765,0.5912658512557419,0.07701656895844872,0.024597190424007043,0.08830928560239792,-0.052726058182531316,-0.02360045406667465,0.0635236256492296,-0.05485597424340157,0.04853155802320634,0.07571822121775505,-0.5054263654266583,-0.014568677847719584,0.5404553102437072,-21.07987257083608,-23.941294445083535,-21.07987257083608,True,Candidate main-claim LP patch row after Stage 4 merge.
glass,45.0,6.24,6.74,6.489999999999999,501,0.36406994221056455,0.08768283851337763,0.3896597320914502,-0.5675861892952306,-0.030730878314545542,0.5854334622558671,0.0629159488272458,0.0124066904160864,0.0669777468250965,-0.04037272019513229,-0.015477447240181045,0.04518211557928335,-0.10175812354233298,0.028475980099416057,0.10755523710251928,-0.4658280657528976,-0.059206858413961595,0.48548342213705453,-23.481389329976952,-26.900668756096135,-23.481389329976952,True,Candidate main-claim LP patch row after Stage 4 merge.
glass,50.0,6.24,6.74,6.489999999999999,501,0.32521925212788794,0.058088963956948486,0.35049326971222533,-0.6045797413569443,-0.01254190212592282,0.6226558673222417,0.055838725837753296,-0.005313699122946593,0.0587810293862906,-0.03640401829038859,-0.0031227298942002667,0.03847754498057704,-0.13968024461452813,0.022773530915512836,0.1435651523678322,-0.46489949674241604,-0.03531543304143565,0.4843323803094894,-24.615256254730102,-28.295852909088634,-24.615256254730102,True,Candidate main-claim LP patch row after Stage 4 merge.
glass,55.0,6.24,6.74,6.489999999999999,501,0.22299460940368548,0.05730171171616843,0.2384983703077977,-0.5891794487659652,-0.0501842163575041,0.601754180158913,0.04300344776313851,-0.01887110387206322,0.04792385649140677,-0.024900565169710388,0.01079289086363371,0.027588833725293384,-0.1830924196811398,0.0035587476793321575,0.1849975605805742,-0.40608702908482536,-0.05374296403683627,0.41862882602921614,-26.38896482007652,-31.185333165026805,-26.38896482007652,True,Candidate main-claim LP patch row after Stage 4 merge.
glass,60.0,6.24,6.74,6.489999999999999,501,0.16037533646323957,0.03722403509080234,0.17095288478489043,-0.6416736813773231,-0.04654137455385766,0.6527245571615481,0.036222152622486785,-0.03576259256614158,0.05131194636548828,-0.020232488817553067,0.02468549832270033,0.03224691383670111,-0.24064917245704176,-0.004658669731527662,0.24330216547592612,-0.4010245089202813,-0.04188270482233,0.41041344087594556,-25.795630227352547,-29.830236856434873,-25.795630227352547,True,Candidate main-claim LP patch row after Stage 4 merge.
glass,65.0,6.24,6.74,6.489999999999999,501,0.06401140454435825,0.003193854921950768,0.07010233162248579,-0.6619650272363332,-0.014769769616949015,0.6736968199309399,0.02744104542273989,-0.053729688831254556,0.060998474447809266,-0.014993756996165812,0.04331564091177467,0.04632720437982325,-0.2989768113459875,-0.005787957347499126,0.3030138728427885,-0.36298821589034574,-0.008981812269449893,0.3708925920567361,-24.293620528369303,-26.683278131075554,-24.293620528369303,False,Outside the material-specific range or leakage threshold.
glass,70.0,6.24,6.74,6.489999999999999,501,-0.040687593026634376,-0.013914866437535657,0.044568013656714256,-0.6898350616751451,-0.020465133101047712,0.7025598965658504,0.02216635451681389,-0.06828834420844196,0.07313788111896834,-0.011071515423100189,0.061957542946921164,0.06402560502227193,-0.3652613273508898,-0.017189999769291683,0.3724498373944379,-0.32457373432425535,-0.0032751333317560284,0.33025843876872696,-22.71715251563616,-23.87292617781771,-22.71715251563616,False,Outside the material-specific range or leakage threshold.
metal,10.0,6.24,6.74,6.489999999999999,501,1.4196144535998116,0.2203524518147505,1.4395029402618527,-1.0639257058473717,0.08783902905659838,1.0695015078352443,0.2656559139989193,0.23385316822567898,0.35460752988671634,-0.2555536730091754,-0.13160733639190006,0.287999502937374,0.17784437387622004,0.15409574043567442,0.23585180357201235,-1.2417700797235915,-0.06625671137907604,1.245943157297421,-9.005040932878572,-10.812165235908573,-9.005040932878572,False,Calibration/reference only; keep out of material main claims.
metal,15.0,6.24,6.74,6.489999999999999,501,1.2808760319910906,0.4886160588463259,1.3734658283607033,-1.0197825001019234,-0.11314768362561738,1.0278009198836922,0.202058349809466,0.25967580878007585,0.32958601790564007,-0.19060888664245115,-0.16730347681361082,0.25403851086424734,0.13054676594458353,0.18773418761035426,0.2291655472086755,-1.1503292660465068,-0.30088187123597165,1.1911653597912486,-9.640624414937049,-11.902008833895895,-9.640624414937049,False,Calibration/reference only; keep out of material main claims.
metal,20.0,6.24,6.74,6.489999999999999,501,1.0781049452678568,0.34314353018193644,1.131817042343199,-0.8673269071478674,-0.05800968949228414,0.8694056433567098,0.18025820762746422,0.19299679164264874,0.2641668864513874,-0.15309404790987202,-0.12595115323896514,0.1983009100951134,0.10538901905999469,0.14256692034482618,0.17747091088453848,-0.9727159262078622,-0.20057660983711034,0.9934473216913435,-11.562432450004277,-14.053505852214798,-11.562432450004277,False,Calibration/reference only; keep out of material main claims.
metal,25.0,6.24,6.74,6.489999999999999,501,1.2439725526069216,0.1783188664374311,1.2580296964543225,-0.9452445502055745,0.07358965870743492,0.9487435691377015,0.22471477909926157,0.1732611053977418,0.2840948775497028,-0.1759040282611498,-0.11382897603449828,0.20975701794603435,0.14936400120067356,0.12595426257243303,0.19568948023973132,-1.0946085514062478,-0.05236460386499812,1.0968448297076678,-10.930731937435255,-13.565669996945944,-10.930731937435255,False,Calibration/reference only; keep out of material main claims.
metal,30.0,6.24,6.74,6.489999999999999,501,1.2704542034258826,0.36067820183117366,1.324363227702619,-1.0137579127077365,-0.03595240383264853,1.016878311960774,0.19608031316372365,0.19449344093045812,0.2768254808583405,-0.15200455016627445,-0.13822830783588755,0.20594953202461755,0.12834814535907293,0.16236289899926257,0.20809117706109098,-1.1421060580668096,-0.19831530283191107,1.1622049257042253,-11.155878740457858,-13.724783810918176,-11.155878740457858,False,Calibration/reference only; keep out of material main claims.
metal,35.0,6.24,6.74,6.489999999999999,501,1.0988705511137309,0.2547314998628291,1.1285598304027418,-0.9075518797470948,-0.027830985753760112,0.9080594056421897,0.17221671657423374,0.1460531236870435,0.22588688786087158,-0.12925651276096886,-0.11013235411319906,0.1698666129233272,0.09565933568331808,0.11345025705453449,0.14896047048630848,-1.0032112154304131,-0.1412812428082946,1.0133727354238702,-12.922179559985166,-15.397839455936788,-12.922179559985166,False,Calibration/reference only; keep out of material main claims.
metal,40.0,6.24,6.74,6.489999999999999,501,1.2420031886409808,0.2077853302662301,1.2628953003245351,-0.988602387475064,0.022356483179228847,0.9905543602307174,0.1832444568786294,0.1463214061128604,0.23516835514219495,-0.1370241707813324,-0.11493702149998765,0.17934620400748602,0.12670040058295828,0.11507090672272949,0.17231770159954024,-1.1153027880580224,-0.09271442354350065,1.1217536077578492,-12.572422368902945,-14.926156220970075,-12.572422368902945,False,Calibration/reference only; keep out of material main claims.
metal,45.0,6.24,6.74,6.489999999999999,501,1.1047423041895374,0.24604711197475673,1.1320607839383332,-0.9436196112838195,-0.045901698891323436,0.9448879289071903,0.14804826350979935,0.12576943876022367,0.19429410963822025,-0.10984953254714783,-0.10419381259627859,0.15143419754609783,0.08056134645285896,0.10007270654171666,0.1288078756428603,-1.0241809577366785,-0.14597440543304013,1.034666055714245,-14.23080731177114,-16.39552078886051,-14.23080731177114,False,Calibration/reference only; keep out of material main claims.
metal,50.0,6.24,6.74,6.489999999999999,501,1.1953727815043533,0.16501984633653155,1.2097200894670042,-0.9855685650135334,0.007352423212111386,0.9868700625131499,0.14997233504928886,0.1181498720506096,0.19139512662871067,-0.11397313653725026,-0.10159613781651494,0.15309399179351796,0.10490210824541,0.08618613477432145,0.13694764108684085,-1.0904706732589435,-0.0788337115622101,1.0953915610223146,-14.361382491601923,-16.300837058944314,-14.361382491601923,False,Calibration/reference only; keep out of material main claims.
metal,55.0,6.24,6.74,6.489999999999999,501,1.0872295692118912,0.1634845082507785,1.0997611707435797,-0.9465831724144224,-0.031881211470248944,0.9471554606599292,0.1232977014382168,0.09817818304079752,0.15763547196295302,-0.09372413146644636,-0.08721244380483505,0.12807033493423678,0.07032319839873438,0.06580164839026478,0.09710226752694429,-1.0169063708131567,-0.09768285986051371,1.0216994683873022,-16.046920972417283,-17.851029093840985,-16.046920972417283,False,Calibration/reference only; keep out of material main claims.
metal,60.0,6.24,6.74,6.489999999999999,501,1.1363554921781118,0.16487548975207172,1.1502886485644863,-0.9860359952429941,-0.027421788216215517,0.9877546333309163,0.10820857418023187,0.09345883262843435,0.14313178205931484,-0.0851863585311627,-0.08703104067726537,0.1220032132605625,0.07515974846755882,0.06872685076792809,0.10290029153109907,-1.061195743710553,-0.09614863898414361,1.0671811637433106,-16.88527843026434,-18.272574618807653,-16.88527843026434,False,Calibration/reference only; keep out of material main claims.
metal,65.0,6.24,6.74,6.489999999999999,501,1.104348827649389,0.08838137225100744,1.108663652321671,-0.966876894553455,-0.004677409507784114,0.9671575297787531,0.09379999163350705,0.07587069266244226,0.1207741824919561,-0.077868049063908,-0.07088005156206457,0.10547243732506785,0.06873596654796689,0.04185198137161166,0.08082848988938222,-1.0356128611014221,-0.046529390879395775,1.0371611741390203,-18.36051787052523,-19.53722035833431,-18.36051787052523,False,Calibration/reference only; keep out of material main claims.
metal,70.0,6.24,6.74,6.489999999999999,501,1.0505587791621267,0.08965927983389631,1.0544695926173648,-0.954820088281533,-0.024196215166209137,0.9551378578581524,0.07181956474288403,0.06058490922454488,0.0939668682607776,-0.059441049845295454,-0.05655589691561752,0.08214361559978342,0.04786934544029685,0.032731532333843585,0.05847329526420289,-1.00268943372183,-0.05692774750005272,1.0043359098445712,-20.540504942456188,-21.70852370666783,-20.540504942456188,False,Calibration/reference only; keep out of material main claims.
wood,10.0,6.24,6.74,6.489999999999999,501,0.1852200581098336,0.03483506891781416,0.1931025345593896,-0.14624469437491036,0.00808736128858704,0.15045432832872754,0.03427898044351222,0.03110069108202855,0.0474166485312132,-0.03292983927368648,-0.01766835048995895,0.03832285264194906,0.01948768186746162,0.021461215103200603,0.029642611634767384,-0.16573237624237197,-0.013373853814613562,0.17054004405392528,-26.481382915144096,-28.33084341538416,-26.481382915144096,True,Candidate main-claim LP patch row after Stage 4 merge.
wood,15.0,6.24,6.74,6.489999999999999,501,0.16371791527601035,0.04909151741876157,0.17547864530113058,-0.14331612557550932,-0.005091156718020846,0.14721358123217435,0.028741245789759368,0.02872996083454311,0.04172586706654312,-0.025515349391587942,-0.017726156537703833,0.031911011534182805,0.010200894850250513,0.022000180350370362,0.02503342875612283,-0.15351702042575982,-0.027091337068391206,0.16001682811327905,-27.591892597682474,-29.92118858128108,-27.591892597682474,True,Candidate main-claim LP patch row after Stage 4 merge.
wood,20.0,6.24,6.74,6.489999999999999,501,0.13287341302295386,0.012736979007728123,0.13960440632440047,-0.1233459261263667,0.016609792736749746,0.12956352719051775,0.027066876352977283,0.014734845427033948,0.032226248612775586,-0.021049481609797544,-0.00900306331835163,0.023843074072333943,0.004763743448293596,0.014673385872238934,0.017048480537016835,-0.12810966957466027,0.001936406864510811,0.13359649003813653,-29.835804936351863,-32.45275504022649,-29.835804936351863,True,Candidate main-claim LP patch row after Stage 4 merge.
wood,25.0,6.24,6.74,6.489999999999999,501,0.1603650539872817,-0.02952801076337425,0.16523172560208338,-0.1551684262560884,0.0700024287611218,0.17220242030073202,0.03506301524358165,0.004736286354288232,0.0360246164053913,-0.02521241335947689,-0.002640454561345691,0.025776912779344237,0.0025983138655966587,0.020237208998873775,0.02150572580724883,-0.15776674012168504,0.04976521976224803,0.1673552268404759,-28.86801269822328,-31.77538195934317,-28.86801269822328,True,Candidate main-claim LP patch row after Stage 4 merge.
wood,30.0,6.24,6.74,6.489999999999999,501,0.19158742908954315,-0.005707061842753627,0.19619771504116204,-0.22312970400074786,0.05686189104596849,0.2344791848829406,0.03917605363225844,0.00726459425319546,0.04096696307275264,-0.02692425246545253,-0.005660777757686081,0.02816556389547718,-0.01577113745560236,0.025577414601607434,0.030509837813953403,-0.2073585665451455,0.03128447644436106,0.21402549218112618,-27.75132459188214,-31.005630988879666,-27.75132459188214,True,Candidate main-claim LP patch row after Stage 4 merge.
wood,35.0,6.24,6.74,6.489999999999999,501,0.1607822960795884,0.0023164977611340497,0.16238873411354618,-0.241417840128123,0.0461983690186371,0.24776757821105994,0.032307882683214904,-0.0015089387749383074,0.03265471389161029,-0.020935238524020235,-0.001945707450689458,0.02116469843583922,-0.04031777202426729,0.024257433389885574,0.04741026670020354,-0.2011000681038557,0.021940935628751525,0.20404002711936373,-29.721082340247442,-33.48775830338742,-29.721082340247442,True,Candidate main-claim LP patch row after Stage 4 merge.
wood,40.0,6.24,6.74,6.489999999999999,501,0.14640008953404357,0.020476916264103195,0.15228657439466084,-0.29740599435814347,0.013337665900251098,0.30455436554651044,0.030364181801248374,-0.007210088519867458,0.031473449900600234,-0.018197236766900562,0.0017806321738487619,0.01842637244008185,-0.07550295241204998,0.016907291082177145,0.07900285540110427,-0.22190304194609353,-0.00356962518192605,0.22743940386017433,-30.041113002761538,-34.691203099547685,-30.041113002761538,True,Candidate main-claim LP patch row after Stage 4 merge.
wood,45.0,6.24,6.74,6.489999999999999,501,0.08489412899408735,0.029543372338084354,0.09071355101649864,-0.27658976979655303,-0.04133922463118853,0.28076330653891357,0.023228727756432255,-0.013112670796951447,0.02679638490732962,-0.011755751532600275,0.007888727310471345,0.014499177754144154,-0.09584782040123282,-0.005897926146552089,0.09637007945379916,-0.1807419493953202,-0.035441298484636445,0.18503557887567915,-31.438475851288906,-36.77313251662908,-31.438475851288906,True,Candidate main-claim LP patch row after Stage 4 merge.
wood,50.0,6.24,6.74,6.489999999999999,501,0.0377164381055607,0.006019563071626431,0.03916366937202503,-0.2614959437446534,-0.027362905893216414,0.2648397615377833,0.01761082862280324,-0.02206852876271629,0.028871616057072065,-0.007516964618767646,0.015665085330674792,0.01773734585370145,-0.11188975281954636,-0.010671671410794989,0.11301543904652657,-0.14960619092510705,-0.01669123448242142,0.15186914407873311,-30.79057812562357,-35.02222731503358,-30.79057812562357,False,Outside the material-specific range or leakage threshold.
wood,55.0,6.24,6.74,6.489999999999999,501,-0.006839047903902232,-0.005584365197520514,0.009848904253890256,-0.2528461460760324,0.0158736740654212,0.2593759571455367,0.006796091564696999,-0.030992358713798403,0.03271314719409257,0.00035636567932836985,0.023184257552783208,0.02367872831876769,-0.12984259698996733,0.005144654433950343,0.13277866289039006,-0.12300354908606509,0.010729019631470858,0.1267200381531923,-29.705553444447293,-32.51283250770875,-29.705553444447293,False,Outside the material-specific range or leakage threshold.
wood,60.0,6.24,6.74,6.489999999999999,501,-0.06592083466889245,-0.001391747726579454,0.0666622982550669,-0.34487230427667004,0.08156564807221352,0.3551596982219706,-0.003858035282310736,-0.04950563382089406,0.0507604852477512,0.008984674296938548,0.03795072188658906,0.04025599680201958,-0.20539656947278126,0.04008695017281703,0.20987142604428072,-0.1394757348038888,0.041478697899396476,0.14576604261917153,-25.889484697892833,-27.903388301433427,-25.889484697892833,False,Outside the material-specific range or leakage threshold.
wood,65.0,6.24,6.74,6.489999999999999,501,-0.156980223517918,0.009084365061026526,0.1589233477604866,-0.4628024809260971,0.10598563413020692,0.4787770373259822,-0.010038265493145158,-0.07140094718473096,0.07341729524885693,0.01510059686325018,0.05871070174973743,0.06178340855248902,-0.3098913522220076,0.05753499959561672,0.3180189058663541,-0.15291112870408957,0.048450634534590205,0.16157530307501897,-22.684032385780863,-24.182562712305973,-22.684032385780863,False,Outside the material-specific range or leakage threshold.
wood,70.0,6.24,6.74,6.489999999999999,501,-0.27608465624851164,-0.013885778378193946,0.27746475414831107,-0.5732601581052008,0.047196665979593606,0.576798826029437,-0.002680337257219738,-0.09305448683504894,0.09369811945430878,0.011421826141036928,0.08170209886198655,0.08321936334508923,-0.4246724071768562,0.01665544380069983,0.42630485829314985,-0.1485877509283446,0.030541222178893775,0.1520085681727912,-20.56538250856512,-21.595512220458225,-20.56538250856512,False,Outside the material-specific range or leakage threshold.
