material,theta_deg,variable_id,variable_label,n_freq,freq_min_ghz,freq_max_ghz,freq_center_ghz,incoherent_mag,incoherent_db,coherent_mag,coherent_db,coherent_mean_real,coherent_mean_imag,coherent_minus_incoherent_db,incoherent_minus_coherent_db,coherent_gap_ge_1db
concrete,20.0,gamma_c_from_lp,LP-derived Gamma_C,501,6.24,6.74,6.489999999999999,0.38673379164149924,-8.251757578333507,0.3865339930338646,-8.25624613644692,-0.3834148495627406,-0.049005927248493945,-0.004488558113413532,0.004488558113413532,False
concrete,20.0,gamma_hat_c_cp_eff,CP residual eff-corrected,501,6.24,6.74,6.489999999999999,0.078581156843791,-22.09363163897072,0.07848092528720636,-22.104717705640905,0.07762197444726365,-0.011579495534971052,-0.011086066670184636,0.011086066670184636,False
concrete,20.0,gamma_hat_c_cp_raw,CP residual raw,501,6.24,6.74,6.489999999999999,0.12093964344797611,-18.348626322143254,0.12089295830161208,-18.351979898386976,-0.11220822459331424,-0.04499357399153425,-0.0033535762437217898,0.0033535762437217898,False
concrete,20.0,gamma_hat_x_cp_sys,CP dominant/system,501,6.24,6.74,6.489999999999999,0.3581666142002739,-8.918297970205098,0.35799233826497273,-8.92252536013094,0.3579818408694818,-0.00274150763625565,-0.004227389925842928,0.004227389925842928,False
concrete,20.0,gamma_x_from_lp,LP-derived Gamma_X,501,6.24,6.74,6.489999999999999,0.05515066078137029,-25.168985594853442,0.05507515453914476,-25.180885511177614,0.022896802146037815,0.050090009972008145,-0.011899916324171755,0.011899916324171755,False
concrete,25.0,gamma_c_from_lp,LP-derived Gamma_C,501,6.24,6.74,6.489999999999999,0.42715450797631394,-7.388300118975697,0.42655689648443856,-7.400460641338672,-0.4262859012808657,0.015202509911067892,-0.012160522362974824,0.012160522362974824,False
concrete,25.0,gamma_hat_c_cp_eff,CP residual eff-corrected,501,6.24,6.74,6.489999999999999,0.06564048003582378,-23.65656503131031,0.06536226384400791,-23.693458285591756,0.05799270327774039,-0.030150819248465924,-0.036893254281444854,0.036893254281444854,False
concrete,25.0,gamma_hat_c_cp_raw,CP residual raw,501,6.24,6.74,6.489999999999999,0.144673805272731,-16.79220190772829,0.14455708363497502,-16.799212440543705,-0.14138512425551153,-0.030116392020006804,-0.007010532815414194,0.007010532815414194,False
concrete,25.0,gamma_hat_x_cp_sys,CP dominant/system,501,6.24,6.74,6.489999999999999,0.397500353463618,-8.013249616515974,0.3970020729858653,-8.024144510381431,0.39229552703258797,-0.060949695858948806,-0.010894893865456723,0.010894893865456723,False
concrete,25.0,gamma_x_from_lp,LP-derived Gamma_X,501,6.24,6.74,6.489999999999999,0.050948127077431384,-25.857435532419885,0.0508223153606964,-25.878911065339768,0.023075083338967947,0.04528187570675227,-0.021475532919883022,0.021475532919883022,False
concrete,30.0,gamma_c_from_lp,LP-derived Gamma_C,501,6.24,6.74,6.489999999999999,0.4512782020174833,-6.911112871903969,0.4496786493932636,-6.941954642273095,-0.4480886330119726,-0.03778180363099945,-0.030841770369126387,0.030841770369126387,False
concrete,30.0,gamma_hat_c_cp_eff,CP residual eff-corrected,501,6.24,6.74,6.489999999999999,0.043991661639421996,-27.132592673532567,0.04376750662652278,-27.176963876596,0.0378540438444308,-0.02196966091970075,-0.04437120306343445,0.04437120306343445,False
concrete,30.0,gamma_hat_c_cp_raw,CP residual raw,501,6.24,6.74,6.489999999999999,0.16865570397138266,-15.45997932591348,0.16815586338817975,-15.48575969541562,-0.16147350728182247,-0.046932939796388254,-0.025780369502140132,0.025780369502140132,False
concrete,30.0,gamma_hat_x_cp_sys,CP dominant/system,501,6.24,6.74,6.489999999999999,0.42880918565614884,-7.354718401144814,0.42724815623723544,-7.3863960554785,0.42721622324424224,-0.005223562485793572,-0.03167765433368608,0.03167765433368608,False
concrete,30.0,gamma_x_from_lp,LP-derived Gamma_X,501,6.24,6.74,6.489999999999999,0.05507785523079017,-25.18045959617752,0.05462414626561097,-25.252306753302417,-0.004890936978904028,0.05440474327404965,-0.0718471571248962,0.0718471571248962,False
concrete,35.0,gamma_c_from_lp,LP-derived Gamma_C,501,6.24,6.74,6.489999999999999,0.3927622413409775,-8.11740540576036,0.39272408273057774,-8.118249319826786,-0.3923121007459403,-0.017983902937929574,-0.0008439140664258105,0.0008439140664258105,False
concrete,35.0,gamma_hat_c_cp_eff,CP residual eff-corrected,501,6.24,6.74,6.489999999999999,0.02798924606306215,-31.06017599642289,0.027886423589092386,-31.09214360146082,0.005292639887803827,-0.027379565073395822,-0.031967605037930724,0.031967605037930724,False
concrete,35.0,gamma_hat_c_cp_raw,CP residual raw,501,6.24,6.74,6.489999999999999,0.16671988541363864,-15.56025193741004,0.16671013994983477,-15.560759678265136,-0.16007362257033406,-0.04656936889526994,-0.0005077408550953066,0.0005077408550953066,False
concrete,35.0,gamma_hat_x_cp_sys,CP dominant/system,501,6.24,6.74,6.489999999999999,0.3769174207147921,-8.475075789322434,0.37688189399320365,-8.475894524965003,0.3768400914116257,-0.005613156400987225,-0.0008187356425697345,0.0008187356425697345,False
concrete,35.0,gamma_x_from_lp,LP-derived Gamma_X,501,6.24,6.74,6.489999999999999,0.04874128078878551,-26.24206125838341,0.04869680657151375,-26.24999035839457,-0.03320364677208213,0.03562157788894569,-0.007929100011160983,0.007929100011160983,False
concrete,40.0,gamma_c_from_lp,LP-derived Gamma_C,501,6.24,6.74,6.489999999999999,0.430768146338881,-7.315128372138535,0.42910304654906,-7.348768040982604,-0.4290637017730689,0.00581071238969544,-0.03363966884406899,0.03363966884406899,False
concrete,40.0,gamma_hat_c_cp_eff,CP residual eff-corrected,501,6.24,6.74,6.489999999999999,0.03341087187809525,-29.522243820428017,0.03336282109599491,-29.534744667507113,-0.015560740218420212,-0.02951171284995506,-0.012500847079095934,0.012500847079095934,False
concrete,40.0,gamma_hat_c_cp_raw,CP residual raw,501,6.24,6.74,6.489999999999999,0.19436574142627452,-14.227605613365927,0.19386395134302703,-14.250058794010318,-0.18882305186028417,-0.04392136970200253,-0.022453180644390613,0.022453180644390613,False
concrete,40.0,gamma_hat_x_cp_sys,CP dominant/system,501,6.24,6.74,6.489999999999999,0.41956800828468116,-7.543952676257513,0.4179836195353459,-7.576814751332002,0.4174239319597299,-0.021623302873233868,-0.03286207507448857,0.03286207507448857,False
concrete,40.0,gamma_x_from_lp,LP-derived Gamma_X,501,6.24,6.74,6.489999999999999,0.06900241156988488,-23.222714616213768,0.06893858797971354,-23.230752323666994,-0.05819769477234622,0.03695344687335038,-0.008037707453226517,0.008037707453226517,False
concrete,45.0,gamma_c_from_lp,LP-derived Gamma_C,501,6.24,6.74,6.489999999999999,0.39325397383971866,-8.106537602551638,0.3931217988320671,-8.109457472619056,-0.3927450393352964,-0.017207056531456506,-0.0029198700674175626,0.0029198700674175626,False
concrete,45.0,gamma_hat_c_cp_eff,CP residual eff-corrected,501,6.24,6.74,6.489999999999999,0.05497085364667477,-25.19735037578026,0.05491465393363771,-25.206234978644474,-0.04591591041067915,-0.03012222415110938,-0.008884602864213775,0.008884602864213775,False
concrete,45.0,gamma_hat_c_cp_raw,CP residual raw,501,6.24,6.74,6.489999999999999,0.20474575271662426,-13.775701971166761,0.20463715547821237,-13.780310193108068,-0.19584021791516523,-0.0593546497686126,-0.004608221941307278,0.004608221941307278,False
concrete,45.0,gamma_hat_x_cp_sys,CP dominant/system,501,6.24,6.74,6.489999999999999,0.38992637273407466,-8.18034780480444,0.3897852373957999,-8.183492264806697,0.3894208150499203,0.016851115617545022,-0.003144460002257432,0.003144460002257432,False
concrete,45.0,gamma_x_from_lp,LP-derived Gamma_X,501,6.24,6.74,6.489999999999999,0.10221570998564503,-19.809647008538953,0.10208170103206747,-19.821042034471315,-0.09921318664025794,0.02402950857353826,-0.011395025932362302,0.011395025932362302,False
concrete,50.0,gamma_c_from_lp,LP-derived Gamma_C,501,6.24,6.74,6.489999999999999,0.40752186449871397,-7.796981707736283,0.4065034552613953,-7.818715171406626,-0.4063164715739876,0.012328181825320158,-0.021733463670343234,0.021733463670343234,False
concrete,50.0,gamma_hat_c_cp_eff,CP residual eff-corrected,501,6.24,6.74,6.489999999999999,0.0832079271582963,-21.596705936419344,0.08317211616225799,-21.600444970957543,-0.07754082535311138,-0.030083572102834064,-0.0037390345381993484,0.0037390345381993484,False
concrete,50.0,gamma_hat_c_cp_raw,CP residual raw,501,6.24,6.74,6.489999999999999,0.23269458433825313,-12.664274484620544,0.23235440570972582,-12.6769817675729,-0.22552422262555635,-0.05592311563082255,-0.012707282952357346,0.012707282952357346,False
concrete,50.0,gamma_hat_x_cp_sys,CP dominant/system,501,6.24,6.74,6.489999999999999,0.40863589507705217,-7.773269741384626,0.4076408783300698,-7.79444542643295,0.4076408715136555,-7.4547287911344e-05,-0.021175685048324233,0.021175685048324233,False
concrete,50.0,gamma_x_from_lp,LP-derived Gamma_X,501,6.24,6.74,6.489999999999999,0.1408519049693455,-17.024745499360346,0.14076250126936132,-17.03026049206088,-0.13924034173516092,0.020644829790592796,-0.005514992700533128,0.005514992700533128,False
concrete,55.0,gamma_c_from_lp,LP-derived Gamma_C,501,6.24,6.74,6.489999999999999,0.3701424714228001,-8.632621592002506,0.3700799955873984,-8.634087795034212,-0.370065845104981,0.003236266476218626,-0.0014662030317058594,0.0014662030317058594,False
concrete,55.0,gamma_hat_c_cp_eff,CP residual eff-corrected,501,6.24,6.74,6.489999999999999,0.12092078173756954,-18.349981076524283,0.12088255048158128,-18.352727709252278,-0.11643161641448804,-0.032500303229994074,-0.00274663272799458,0.00274663272799458,False
concrete,55.0,gamma_hat_c_cp_raw,CP residual raw,501,6.24,6.74,6.489999999999999,0.2506421226727904,-12.018918801948018,0.25061214962092027,-12.019957566644342,-0.24150766925503833,-0.06693650146681965,-0.0010387646963234687,0.0010387646963234687,False
concrete,55.0,gamma_hat_x_cp_sys,CP dominant/system,501,6.24,6.74,6.489999999999999,0.37603061637081414,-8.495535868490121,0.3759608975499396,-8.497146445137162,0.375171758387623,0.024346420576651984,-0.0016105766470406735,0.0016105766470406735,False
concrete,55.0,gamma_x_from_lp,LP-derived Gamma_X,501,6.24,6.74,6.489999999999999,0.18739060001865146,-14.545043963993482,0.18735644101650387,-14.546627439197463,-0.18722276864972412,0.007076078681202372,-0.0015834752039811661,0.0015834752039811661,False
glass,20.0,gamma_c_from_lp,LP-derived Gamma_C,501,6.24,6.74,6.489999999999999,0.4248748043361364,-7.434780448213258,0.41152641133638507,-7.712045739796416,-0.4096486187977928,-0.03926826128649248,-0.2772652915831584,0.2772652915831584,False
glass,20.0,gamma_hat_c_cp_eff,CP residual eff-corrected,501,6.24,6.74,6.489999999999999,0.08779888276439497,-21.1302202086081,0.0846463935705813,-21.447830812710173,0.0834466861275458,-0.014200792894645074,-0.31761060410207165,0.31761060410207165,False
glass,20.0,gamma_hat_c_cp_raw,CP residual raw,501,6.24,6.74,6.489999999999999,0.13120141713147937,-17.64122948075324,0.1271756395032141,-17.911921396791403,-0.11972815557622198,-0.042881371775719275,-0.2706919160381638,0.2706919160381638,False
glass,20.0,gamma_hat_x_cp_sys,CP dominant/system,501,6.24,6.74,6.489999999999999,0.3933502522935988,-8.104411338793273,0.3810983062427989,-8.379259628127413,0.3807676670300562,-0.015871444975752515,-0.2748482893341393,0.2748482893341393,False
glass,20.0,gamma_x_from_lp,LP-derived Gamma_X,501,6.24,6.74,6.489999999999999,0.06273949800520615,-24.04917921051527,0.060432114575551046,-24.374644182405927,0.02797086858312476,0.053569310083088566,-0.32546497189065704,0.32546497189065704,False
glass,25.0,gamma_c_from_lp,LP-derived Gamma_C,501,6.24,6.74,6.489999999999999,0.49684651159474663,-6.075555101096968,0.47363470176700107,-6.491129713801881,-0.4729437043210056,0.025575051535457916,-0.4155746127049129,0.4155746127049129,False
glass,25.0,gamma_hat_c_cp_eff,CP residual eff-corrected,501,6.24,6.74,6.489999999999999,0.08207245415982792,-21.716051599078526,0.07609739206873768,-22.37260453333073,0.06833695621070494,-0.03347944885327977,-0.6565529342522041,0.6565529342522041,False
glass,25.0,gamma_hat_c_cp_raw,CP residual raw,501,6.24,6.74,6.489999999999999,0.16150186268901753,-15.836449286979953,0.15531249050598234,-16.17587232268676,-0.1527838774469661,-0.02791158360683435,-0.3394230357068082,0.3394230357068082,False
glass,25.0,gamma_hat_x_cp_sys,CP dominant/system,501,6.24,6.74,6.489999999999999,0.4609640903891519,-6.726658106231773,0.44043640387676286,-7.122335839900396,0.4333884915664227,-0.07847701088647369,-0.3956777336686228,0.3956777336686228,False
glass,25.0,gamma_x_from_lp,LP-derived Gamma_X,501,6.24,6.74,6.489999999999999,0.06518733099214462,-23.71673600402002,0.06177072388931193,-24.18434618296231,0.03337428065533383,0.051978646774888455,-0.46761017894229084,0.46761017894229084,False
glass,30.0,gamma_c_from_lp,LP-derived Gamma_C,501,6.24,6.74,6.489999999999999,0.5295737278158614,-5.521471368180433,0.5038971762925294,-5.953161506193179,-0.502823621169304,-0.03287507064285505,-0.4316901380127458,0.4316901380127458,False
glass,30.0,gamma_hat_c_cp_eff,CP residual eff-corrected,501,6.24,6.74,6.489999999999999,0.05879536957720227,-24.61313750781553,0.05264465306265383,-25.57291464087349,0.04637826877972772,-0.024910152168995683,-0.9597771330579583,0.9597771330579583,False
glass,30.0,gamma_hat_c_cp_raw,CP residual raw,501,6.24,6.74,6.489999999999999,0.18962376252333743,-14.442144807668102,0.18317005476115772,-14.742910494911921,-0.17691021533022824,-0.04747678035648358,-0.30076568724381936,0.30076568724381936,False
glass,30.0,gamma_hat_x_cp_sys,CP dominant/system,501,6.24,6.74,6.489999999999999,0.500571581462582,-6.010676197405264,0.47731656933044,-6.423869789780554,0.47700571427163885,-0.017223701970956268,-0.41319359237528985,0.41319359237528985,False
glass,30.0,gamma_x_from_lp,LP-derived Gamma_X,501,6.24,6.74,6.489999999999999,0.0659760807522034,-23.612269737694778,0.061785382562562184,-24.1822851983239,0.0025313256893881647,0.06173350701731116,-0.5700154606291221,0.5700154606291221,False
glass,35.0,gamma_c_from_lp,LP-derived Gamma_C,501,6.24,6.74,6.489999999999999,0.4773300365136794,-6.423624726389255,0.46063946560501284,-6.73277712594928,-0.46013305476347416,-0.021593730268424427,-0.30915239956002516,0.30915239956002516,False
glass,35.0,gamma_hat_c_cp_eff,CP residual eff-corrected,501,6.24,6.74,6.489999999999999,0.03535859899988448,-29.030099024012593,0.031496824890616365,-30.034664481024265,0.01258413517766901,-0.02887368213477983,-1.0045654570116724,1.0045654570116724,True
glass,35.0,gamma_hat_c_cp_raw,CP residual raw,501,6.24,6.74,6.489999999999999,0.19316217215036693,-14.281558390178688,0.18797777794833745,-14.5178697684327,-0.18123219027929294,-0.04990529239434053,-0.23631137825401183,0.23631137825401183,False
glass,35.0,gamma_hat_x_cp_sys,CP dominant/system,501,6.24,6.74,6.489999999999999,0.4563300789687054,-6.814418075802845,0.44135297868441997,-7.104278760400349,0.44124293198508874,-0.009855291310380244,-0.289860684597504,0.289860684597504,False
glass,35.0,gamma_x_from_lp,LP-derived Gamma_X,501,6.24,6.74,6.489999999999999,0.05581050721316237,-25.065680610811178,0.05470051398528075,-25.240171857271978,-0.029683617329139673,0.04594593662676923,-0.17449124646079994,0.17449124646079994,False
glass,40.0,gamma_c_from_lp,LP-derived Gamma_C,501,6.24,6.74,6.489999999999999,0.5404553102437072,-5.3448042328061875,0.5056362894834909,-5.923235286409827,-0.5054263654266583,-0.014568677847719584,-0.5784310536036399,0.5784310536036399,False
glass,40.0,gamma_hat_c_cp_eff,CP residual eff-corrected,501,6.24,6.74,6.489999999999999,0.034793243487723016,-29.170101673303037,0.03095111953145635,-30.186472750298634,-0.006112503802554073,-0.030341540790049883,-1.016371076995597,1.016371076995597,True
glass,40.0,gamma_hat_c_cp_raw,CP residual raw,501,6.24,6.74,6.489999999999999,0.22451130482014472,-12.975235721507271,0.215910556627609,-13.314522459194443,-0.20922673522303326,-0.05330611345009759,-0.3392867376871713,0.3392867376871713,False
glass,40.0,gamma_hat_x_cp_sys,CP dominant/system,501,6.24,6.74,6.489999999999999,0.5236626680337939,-5.6189677178772435,0.49142467765786496,-6.170860770649983,0.49130416294183327,-0.010882705874966666,-0.5518930527727397,0.5518930527727397,False
glass,40.0,gamma_x_from_lp,LP-derived Gamma_X,501,6.24,6.74,6.489999999999999,0.07571822121775501,-22.415991941810738,0.07324267904953075,-22.704715571637113,-0.054855974243401516,0.0485315580232063,-0.2887236298263751,0.2887236298263751,False
glass,45.0,gamma_c_from_lp,LP-derived Gamma_C,501,6.24,6.74,6.489999999999999,0.48548342213705453,-6.276511908212077,0.4695755944747733,-6.565889660267098,-0.46582806575289754,-0.05920685841396159,-0.2893777520550209,0.2893777520550209,False
glass,45.0,gamma_hat_c_cp_eff,CP residual eff-corrected,501,6.24,6.74,6.489999999999999,0.05211615700660881,-25.660552324406684,0.0513265014556354,-25.79316674684946,-0.03900081543214295,-0.0333668420337206,-0.13261442244277788,0.13261442244277788,False
glass,45.0,gamma_hat_c_cp_raw,CP residual raw,501,6.24,6.74,6.489999999999999,0.23521520299752977,-12.570692226360663,0.22907203113120314,-12.800558667271766,-0.21460105201722204,-0.08012729821775143,-0.22986644091110264,0.22986644091110264,False
glass,45.0,gamma_hat_x_cp_sys,CP dominant/system,501,6.24,6.74,6.489999999999999,0.4788531684774409,-6.395952691862334,0.46371648700851686,-6.674949257864242,0.46086628382056255,0.051334674060957104,-0.2789965660019078,0.2789965660019078,False
glass,45.0,gamma_x_from_lp,LP-derived Gamma_X,501,6.24,6.74,6.489999999999999,0.10755523710251924,-19.36736876004446,0.10566738924322407,-19.521180453835314,-0.10175812354233292,0.028475980099416015,-0.15381169379085335,0.15381169379085335,False
glass,50.0,gamma_c_from_lp,LP-derived Gamma_C,501,6.24,6.74,6.489999999999999,0.48433238030948933,-6.297129899695191,0.4662389107338166,-6.627829690877325,-0.46489949674241604,-0.03531543304143563,-0.3306997911821341,0.3306997911821341,False
glass,50.0,gamma_hat_c_cp_eff,CP residual eff-corrected,501,6.24,6.74,6.489999999999999,0.07538666731444871,-22.454109110127934,0.07506000647393904,-22.491828049299155,-0.06809119830120725,-0.03158470018495414,-0.03771893917122071,0.03771893917122071,False
glass,50.0,gamma_hat_c_cp_raw,CP residual raw,501,6.24,6.74,6.489999999999999,0.25161397044544503,-11.985304981631923,0.2464609911117912,-12.165036187818485,-0.23449641338747274,-0.07585810601523034,-0.17973120618656147,0.17973120618656147,False
glass,50.0,gamma_hat_x_cp_sys,CP dominant/system,501,6.24,6.74,6.489999999999999,0.4852858203478523,-6.280047964530891,0.467263088963648,-6.608770486620109,0.46549654953647157,0.04059256923981622,-0.32872252208921804,0.32872252208921804,False
glass,50.0,gamma_x_from_lp,LP-derived Gamma_X,501,6.24,6.74,6.489999999999999,0.14356515236783216,-16.85901927582518,0.14152457188041312,-16.98336300411986,-0.13968024461452808,0.022773530915512815,-0.12434372829467932,0.12434372829467932,False
glass,55.0,gamma_c_from_lp,LP-derived Gamma_C,501,6.24,6.74,6.489999999999999,0.41862882602921614,-7.563417404590869,0.4096278571757595,-7.752210327444885,-0.40608702908482536,-0.05374296403683625,-0.1887929228540166,0.1887929228540166,False
glass,55.0,gamma_hat_c_cp_eff,CP residual eff-corrected,501,6.24,6.74,6.489999999999999,0.11121452881246961,-19.076769476137073,0.1102241775558206,-19.15446266006706,-0.10440035125315546,-0.03535443361270024,-0.0776931839299877,0.0776931839299877,False
glass,55.0,gamma_hat_c_cp_raw,CP residual raw,501,6.24,6.74,6.489999999999999,0.2578333983137328,-11.773216544626024,0.2541329574316711,-11.898780189542705,-0.23788464961171196,-0.08941170802574215,-0.12556364491668148,0.12556364491668148,False
glass,55.0,gamma_hat_x_cp_sys,CP dominant/system,501,6.24,6.74,6.489999999999999,0.4260086553128029,-7.411631542997103,0.4173584855327982,-7.589815044112235,0.4105464494242981,0.0750980579731142,-0.17818350111513226,0.17818350111513226,False
glass,55.0,gamma_x_from_lp,LP-derived Gamma_X,501,6.24,6.74,6.489999999999999,0.1849975605805742,-14.656679965278164,0.18312700191326176,-14.744952292847977,-0.1830924196811398,0.0035587476793321558,-0.08827232756981296,0.08827232756981296,False
glass,60.0,gamma_c_from_lp,LP-derived Gamma_C,501,6.24,6.74,6.489999999999999,0.41041344087594556,-7.73556849385709,0.40320567669365376,-7.889467242591176,-0.4010245089202813,-0.04188270482232999,-0.15389874873408615,0.15389874873408615,False
glass,60.0,gamma_hat_c_cp_eff,CP residual eff-corrected,501,6.24,6.74,6.489999999999999,0.1599021534993352,-15.922913746140942,0.15837273324985573,-16.006391760291525,-0.15460823725648384,-0.034325145439936026,-0.08347801415058242,0.08347801415058242,False
glass,60.0,gamma_hat_c_cp_raw,CP residual raw,501,6.24,6.74,6.489999999999999,0.2940884545709018,-10.63044049690861,0.29042472423816035,-10.739328286771086,-0.2760202791441164,-0.09032898731866501,-0.10888778986247516,0.10888778986247516,False
glass,60.0,gamma_hat_x_cp_sys,CP dominant/system,501,6.24,6.74,6.489999999999999,0.42398546573758006,-7.452980616171613,0.416555452423431,-7.606543530835416,0.408780430634525,0.0801062074619788,-0.15356291466380334,0.15356291466380334,False
glass,60.0,gamma_x_from_lp,LP-derived Gamma_X,501,6.24,6.74,6.489999999999999,0.2433021654759261,-12.277080513528292,0.24069426126920113,-12.370685284555908,-0.24064917245704173,-0.004658669731527661,-0.093604771027616,0.093604771027616,False
wood,20.0,gamma_c_from_lp,LP-derived Gamma_C,501,6.24,6.74,6.489999999999999,0.13359649003813645,-17.484099037373156,0.12812430335449068,-17.84736965933969,-0.12810966957466025,0.0019364068645108038,-0.36327062196653515,0.36327062196653515,False
wood,20.0,gamma_hat_c_cp_eff,CP residual eff-corrected,501,6.24,6.74,6.489999999999999,0.02423775731209089,-32.310151346916214,0.022966402384603422,-32.77814060709889,0.021609625408221034,-0.007776871363722412,-0.4679892601826765,0.4679892601826765,False
wood,20.0,gamma_hat_c_cp_raw,CP residual raw,501,6.24,6.74,6.489999999999999,0.045677724143879474,-26.805910851976765,0.043942072936331865,-27.14238918792089,-0.04255045039412008,-0.010971095897832439,-0.33647833594412546,0.33647833594412546,False
wood,20.0,gamma_hat_x_cp_sys,CP dominant/system,501,6.24,6.74,6.489999999999999,0.12452948307126471,-18.094556293567273,0.11931224575698379,-18.466299594027834,0.11827194976557827,-0.015721255872971084,-0.3717433004605617,0.3717433004605617,False
wood,20.0,gamma_x_from_lp,LP-derived Gamma_X,501,6.24,6.74,6.489999999999999,0.017048480537016776,-35.36628643758811,0.015427297384726191,-36.2342029741402,0.004763743448293574,0.014673385872238884,-0.8679165365520944,0.8679165365520944,False
wood,25.0,gamma_c_from_lp,LP-derived Gamma_C,501,6.24,6.74,6.489999999999999,0.16735522684047588,-15.52721438407712,0.16542950579206883,-15.627740553486921,-0.157766740121685,0.04976521976224799,-0.10052616940980208,0.10052616940980208,False
wood,25.0,gamma_hat_c_cp_eff,CP residual eff-corrected,501,6.24,6.74,6.489999999999999,0.0187657694200551,-34.53267248536041,0.01806499520287034,-34.86324298844253,0.011918432190219829,-0.01357553040609685,-0.33057050308212155,0.33057050308212155,False
wood,25.0,gamma_hat_c_cp_raw,CP residual raw,501,6.24,6.74,6.489999999999999,0.06579488811410045,-23.636156945374136,0.06491561261366967,-23.7530168015808,-0.06467278526083593,0.005609599594786683,-0.11685985620666273,0.11685985620666273,False
wood,25.0,gamma_hat_x_cp_sys,CP dominant/system,501,6.24,6.74,6.489999999999999,0.1590549556806169,-15.969055900359999,0.15722050690076234,-16.069816156645714,0.14484644189080215,-0.06113751762794373,-0.1007602562857155,0.1007602562857155,False
wood,25.0,gamma_x_from_lp,LP-derived Gamma_X,501,6.24,6.74,6.489999999999999,0.021505725807248764,-33.3489179129173,0.0204033297039539,-33.80597904947037,0.002598313865596644,0.020237208998873726,-0.45706113655307234,0.45706113655307234,False
wood,30.0,gamma_c_from_lp,LP-derived Gamma_C,501,6.24,6.74,6.489999999999999,0.21402549218112613,-13.390689911124722,0.20970525407355745,-13.567813766795334,-0.20735856654514542,0.03128447644436104,-0.17712385567061162,0.17712385567061162,False
wood,30.0,gamma_hat_c_cp_eff,CP residual eff-corrected,501,6.24,6.74,6.489999999999999,0.014900314799573024,-36.536091122662896,0.013970727003164618,-37.09561987306701,0.0017001142753152346,-0.013866896712957169,-0.5595287504041124,0.5595287504041124,False
wood,30.0,gamma_hat_c_cp_raw,CP residual raw,501,6.24,6.74,6.489999999999999,0.095327292074514,-20.415654872757237,0.0935446023047096,-20.579625340598575,-0.09329350487128708,-0.006849421083377209,-0.16397046784133806,0.16397046784133806,False
wood,30.0,gamma_hat_x_cp_sys,CP dominant/system,501,6.24,6.74,6.489999999999999,0.20656523362211934,-13.698855429475971,0.20258612894768702,-13.867805881164177,0.1981120554332527,-0.04234091560205897,-0.16895045168820566,0.16895045168820566,False
wood,30.0,gamma_x_from_lp,LP-derived Gamma_X,501,6.24,6.74,6.489999999999999,0.030509837813953347,-30.311202020008178,0.03004884214651241,-30.443445154801125,-0.015771137455602314,0.02557741460160738,-0.13224313479294736,0.13224313479294736,False
wood,35.0,gamma_c_from_lp,LP-derived Gamma_C,501,6.24,6.74,6.489999999999999,0.20404002711936367,-13.805692548358161,0.20229345527633963,-13.88036335134113,-0.2011000681038557,0.0219409356287515,-0.07467080298296835,0.07467080298296835,False
wood,35.0,gamma_hat_c_cp_eff,CP residual eff-corrected,501,6.24,6.74,6.489999999999999,0.02175051466152238,-33.250609245897415,0.021138661595535537,-33.49845027441718,-0.016769195852966427,-0.01287000716765234,-0.24784102851976542,0.24784102851976542,False
wood,35.0,gamma_hat_c_cp_raw,CP residual raw,501,6.24,6.74,6.489999999999999,0.10678324423024185,-19.42993777559538,0.10599612818652035,-19.49419996601398,-0.10518921517837095,-0.013054049206726233,-0.06426219041859937,0.06426219041859937,False
wood,35.0,gamma_hat_x_cp_sys,CP dominant/system,501,6.24,6.74,6.489999999999999,0.20177854088088654,-13.902500455992845,0.2001728904941106,-13.971894791482129,0.19852660492753557,-0.02561978190214366,-0.06939433548928342,0.06939433548928342,False
wood,35.0,gamma_x_from_lp,LP-derived Gamma_X,501,6.24,6.74,6.489999999999999,0.04741026670020348,-26.482552032156658,0.047052585642720204,-26.54833012294437,-0.04031777202426725,0.02425743338988552,-0.06577809078771324,0.06577809078771324,False
wood,40.0,gamma_c_from_lp,LP-derived Gamma_C,501,6.24,6.74,6.489999999999999,0.22743940386017428,-12.86268583284684,0.22193175133105486,-13.0756111936284,-0.2219030419460935,-0.0035696251819260357,-0.21292536078156132,0.21292536078156132,False
wood,40.0,gamma_hat_c_cp_eff,CP residual eff-corrected,501,6.24,6.74,6.489999999999999,0.04280954637139368,-27.36918748229739,0.04194962395031252,-27.54543855941656,-0.03791140485146926,-0.01795818286354794,-0.17625107711916854,0.17625107711916854,False
wood,40.0,gamma_hat_c_cp_raw,CP residual raw,501,6.24,6.74,6.489999999999999,0.13763009203818352,-17.225731993911594,0.13480228902051636,-17.40605466335242,-0.13042247541478114,-0.03408276737372767,-0.18032266944082664,0.18032266944082664,False
wood,40.0,gamma_hat_x_cp_sys,CP dominant/system,501,6.24,6.74,6.489999999999999,0.23142289551710546,-12.71187353820789,0.2257619930433961,-12.92698339178671,0.22560043220283738,0.008539466776057953,-0.21510985357882006,0.21510985357882006,False
wood,40.0,gamma_x_from_lp,LP-derived Gamma_X,501,6.24,6.74,6.489999999999999,0.07900285540110423,-22.04714423430947,0.07737281379576255,-22.228232179753196,-0.07550295241204993,0.016907291082177114,-0.18108794544372486,0.18108794544372486,False
wood,45.0,gamma_c_from_lp,LP-derived Gamma_C,501,6.24,6.74,6.489999999999999,0.1850355788756791,-14.654895137480546,0.18418397842781428,-14.694963007540556,-0.18074194939532015,-0.03544129848463639,-0.040067870060010335,0.040067870060010335,False
wood,45.0,gamma_hat_c_cp_eff,CP residual eff-corrected,501,6.24,6.74,6.489999999999999,0.05829673159948864,-24.687115864715636,0.05797600134965357,-24.735034831592206,-0.051684376004845704,-0.02626674721934108,-0.04791896687656916,0.04791896687656916,False
wood,45.0,gamma_hat_c_cp_raw,CP residual raw,501,6.24,6.74,6.489999999999999,0.13394956119105206,-17.46117409540688,0.133482665350558,-17.491502600805973,-0.12086192774440625,-0.05665700637163046,-0.03032850539909404,0.03032850539909404,False
wood,45.0,gamma_hat_x_cp_sys,CP dominant/system,501,6.24,6.74,6.489999999999999,0.19373061794640123,-14.256034725076463,0.19281234779626147,-14.297303142266951,0.18610157596552346,0.05042623212034586,-0.041268417190488904,0.041268417190488904,False
wood,45.0,gamma_x_from_lp,LP-derived Gamma_X,501,6.24,6.74,6.489999999999999,0.0963700794537991,-20.32115565910354,0.09602911125537483,-20.3519418098266,-0.09584782040123277,-0.005897926146552057,-0.03078615072305979,0.03078615072305979,False
