material,variable_id,variable_label,n_angle_rows,rows_with_gap_ge_1db,row_frac_with_gap_ge_1db,mean_incoherent_db,mean_coherent_db,mean_incoherent_minus_coherent_db,median_incoherent_minus_coherent_db,max_incoherent_minus_coherent_db,worst_material,worst_theta_deg,worst_incoherent_db,worst_coherent_db,pass_criterion_met
concrete,gamma_c_from_lp,LP-derived Gamma_C,8,0,0.0,-7.814980656175312,-7.828492402490996,0.013511746315684525,0.008324540238194178,0.03363966884406899,concrete,40.0,-7.315128372138535,-7.348768040982604,False
glass,gamma_c_from_lp,LP-derived Gamma_C,9,0,0.0,-6.519207064782369,-6.849749588147897,0.33054252336552664,0.30915239956002516,0.5784310536036399,glass,40.0,-5.3448042328061875,-5.923235286409827,False
overall,gamma_c_from_lp,LP-derived Gamma_C,23,0,0.0,-9.08339068190019,-9.259545523712655,0.17615484181246543,0.15389874873408615,0.5784310536036399,glass,40.0,-5.3448042328061875,-5.923235286409827,False
wood,gamma_c_from_lp,LP-derived Gamma_C,6,0,0.0,-14.62087947521009,-14.78231025535534,0.16143078014524814,0.13882501254020685,0.36327062196653515,wood,20.0,-17.484099037373156,-17.84736965933969,False
concrete,gamma_hat_c_cp_eff,CP residual eff-corrected,8,0,0.0,-24.82615581867355,-24.845179474456362,0.019023655782812288,0.011793456874640285,0.04437120306343445,concrete,30.0,-27.132592673532567,-27.176963876596,False
glass,gamma_hat_c_cp_eff,CP residual eff-corrected,9,2,0.2222222222222222,-23.19710607440338,-23.67337071497161,0.47626464056823026,0.31761060410207165,1.016371076995597,glass,40.0,-29.170101673303037,-30.186472750298634,True
overall,gamma_hat_c_cp_eff,CP residual eff-corrected,23,2,0.08695652173913043,-25.9160447289943,-26.18859562454043,0.2725508955461297,0.08347801415058242,1.016371076995597,glass,40.0,-29.170101673303037,-30.186472750298634,True
wood,gamma_hat_c_cp_eff,CP residual eff-corrected,6,0,0.0,-31.447637924641658,-31.75265452233906,0.30501659769740225,0.2892057658009435,0.5595287504041124,wood,30.0,-36.536091122662896,-37.09561987306701,False
concrete,gamma_hat_c_cp_raw,CP residual raw,8,0,0.0,-14.85594504553704,-14.865627504243383,0.009682458706343766,0.005809377378360736,0.025780369502140132,concrete,30.0,-15.45997932591348,-15.48575969541562,False
glass,gamma_hat_c_cp_raw,CP residual raw,9,0,0.0,-13.570696881846054,-13.807422197046808,0.23672531520075502,0.23631137825401183,0.3394230357068082,glass,25.0,-15.836449286979953,-16.17587232268676,False
overall,gamma_hat_c_cp_raw,CP residual raw,23,0,0.0,-15.911234731997077,-16.046026450767,0.13479171876992138,0.11685985620666273,0.3394230357068082,glass,25.0,-15.836449286979953,-16.17587232268676,False
wood,gamma_hat_c_cp_raw,CP residual raw,6,0,0.0,-20.829094422503662,-20.977798093378773,0.14870367087510772,0.1404151620240004,0.33647833594412546,wood,20.0,-26.805910851976765,-27.14238918792089,False
concrete,gamma_hat_x_cp_sys,CP dominant/system,8,0,0.0,-8.094305983515628,-8.107607417333085,0.013301433817458297,0.0075611418956498255,0.03286207507448857,concrete,40.0,-7.543952676257513,-7.576814751332002,False
glass,gamma_hat_x_cp_sys,CP dominant/system,9,0,0.0,-6.757304916852482,-7.075631456476745,0.3183265396242619,0.289860684597504,0.5518930527727397,glass,40.0,-5.6189677178772435,-6.170860770649983,False
overall,gamma_hat_x_cp_sys,CP dominant/system,23,0,0.0,-9.313176889672947,-9.484419365405603,0.17124247573265647,0.15356291466380334,0.5518930527727397,glass,40.0,-5.6189677178772435,-6.170860770649983,False
wood,gamma_hat_x_cp_sys,CP dominant/system,6,0,0.0,-14.772146057113405,-14.933350492895585,0.16120443578217922,0.13485535398696058,0.3717433004605617,wood,20.0,-18.094556293567273,-18.466299594027834,False
concrete,gamma_x_from_lp,LP-derived Gamma_X,8,0,0.0,-22.1313866337426,-22.148846997201378,0.017460363458776884,0.00971636669279441,0.0718471571248962,concrete,30.0,-25.18045959617752,-25.252306753302417,False
glass,gamma_x_from_lp,LP-derived Gamma_X,9,0,0.0,-20.224445113280897,-20.478482669773364,0.2540375564924674,0.17449124646079994,0.5700154606291221,glass,30.0,-23.612269737694778,-24.1822851983239,False
overall,gamma_x_from_lp,LP-derived Gamma_X,23,0,0.0,-22.91079814719792,-23.091706578109008,0.18090843091108844,0.093604771027616,0.8679165365520944,wood,20.0,-35.36628643758811,-36.2342029741402,False
wood,gamma_x_from_lp,LP-derived Gamma_X,6,0,0.0,-27.979543049347214,-28.268688548489312,0.289145499142102,0.1566655401183361,0.8679165365520944,wood,20.0,-35.36628643758811,-36.2342029741402,False
