material,theta_deg,freq_start_ghz,freq_stop_ghz,freq_center_ghz,n_freq,series_id,series_label,method_family,normalization_scope,directly_comparable_to_ideal,residual_mag,residual_minus_ideal_db,below_ideal_flag
concrete,20.0,6.24,6.74,6.489999999999999,501,ideal_gamma_x,Ideal residual (Gamma_X),ideal,absolute_interface_truth,True,0.0298214555483079,0.0,False
concrete,20.0,6.24,6.74,6.489999999999999,501,lp_gamma_c,LP-derived co-term (Gamma_C),lp_gamma_c,patch_stage_absolute_like,False,0.3867337916414993,22.25766568146574,False
concrete,20.0,6.24,6.74,6.489999999999999,501,lp_gamma_x,LP-derived residual (Gamma_X),lp_gamma_x,patch_stage_absolute_like,True,0.0551506607813703,5.340437664945803,False
concrete,20.0,6.24,6.74,6.489999999999999,501,patch_eff,Patch residual corrected,patch_eff,patch_stage_absolute_like,True,0.078581156843791,8.415791620828525,False
concrete,20.0,6.24,6.74,6.489999999999999,501,patch_metal_floor,Patch residual metal-floor,patch_metal_floor,metal_normalized_diagnostic,False,0.4527763422342832,23.62709779365433,False
concrete,20.0,6.24,6.74,6.489999999999999,501,patch_raw,Patch residual raw,patch_raw,patch_stage_absolute_like,True,0.1209396434479761,12.160796937655986,False
concrete,25.0,6.24,6.74,6.489999999999999,501,ideal_gamma_x,Ideal residual (Gamma_X),ideal,absolute_interface_truth,True,0.0350617383153366,0.0,False
concrete,25.0,6.24,6.74,6.489999999999999,501,lp_gamma_c,LP-derived co-term (Gamma_C),lp_gamma_c,patch_stage_absolute_like,False,0.4271545079763139,21.71503100009371,False
concrete,25.0,6.24,6.74,6.489999999999999,501,lp_gamma_x,LP-derived residual (Gamma_X),lp_gamma_x,patch_stage_absolute_like,True,0.0509481270774314,3.245895586649526,False
concrete,25.0,6.24,6.74,6.489999999999999,501,patch_eff,Patch residual corrected,patch_eff,patch_stage_absolute_like,True,0.0656404800358238,5.446766087759103,False
concrete,25.0,6.24,6.74,6.489999999999999,501,patch_metal_floor,Patch residual metal-floor,patch_metal_floor,metal_normalized_diagnostic,False,0.4902146988080995,22.911057702741175,False
concrete,25.0,6.24,6.74,6.489999999999999,501,patch_raw,Patch residual raw,patch_raw,patch_stage_absolute_like,True,0.144673805272731,12.311129211341122,False
concrete,30.0,6.24,6.74,6.489999999999999,501,ideal_gamma_x,Ideal residual (Gamma_X),ideal,absolute_interface_truth,True,0.0367010964136493,0.0,False
concrete,30.0,6.24,6.74,6.489999999999999,501,lp_gamma_c,LP-derived co-term (Gamma_C),lp_gamma_c,patch_stage_absolute_like,False,0.4512782020174834,21.79530635570538,False
concrete,30.0,6.24,6.74,6.489999999999999,501,lp_gamma_x,LP-derived residual (Gamma_X),lp_gamma_x,patch_stage_absolute_like,True,0.0550778552307902,3.525959631431828,False
concrete,30.0,6.24,6.74,6.489999999999999,501,patch_eff,Patch residual corrected,patch_eff,patch_stage_absolute_like,True,0.043991661639422,1.573826554076779,False
concrete,30.0,6.24,6.74,6.489999999999999,501,patch_metal_floor,Patch residual metal-floor,patch_metal_floor,metal_normalized_diagnostic,False,0.5348824234699548,23.27158576709776,False
concrete,30.0,6.24,6.74,6.489999999999999,501,patch_raw,Patch residual raw,patch_raw,patch_stage_absolute_like,True,0.1686557039713827,13.246439901695869,False
concrete,35.0,6.24,6.74,6.489999999999999,501,ideal_gamma_x,Ideal residual (Gamma_X),ideal,absolute_interface_truth,True,0.0718692012340339,0.0,False
concrete,35.0,6.24,6.74,6.489999999999999,501,lp_gamma_c,LP-derived co-term (Gamma_C),lp_gamma_c,patch_stage_absolute_like,False,0.3927622413409775,14.75173823295529,False
concrete,35.0,6.24,6.74,6.489999999999999,501,lp_gamma_x,LP-derived residual (Gamma_X),lp_gamma_x,patch_stage_absolute_like,True,0.0487412807887855,-3.372917619667759,True
concrete,35.0,6.24,6.74,6.489999999999999,501,patch_eff,Patch residual corrected,patch_eff,patch_stage_absolute_like,True,0.0279892460630622,-8.191032357707224,True
concrete,35.0,6.24,6.74,6.489999999999999,501,patch_metal_floor,Patch residual metal-floor,patch_metal_floor,metal_normalized_diagnostic,False,0.5921074764774514,18.317154536842782,False
concrete,35.0,6.24,6.74,6.489999999999999,501,patch_raw,Patch residual raw,patch_raw,patch_stage_absolute_like,True,0.1667198854136386,7.3088917013056065,False
concrete,40.0,6.24,6.74,6.489999999999999,501,ideal_gamma_x,Ideal residual (Gamma_X),ideal,absolute_interface_truth,True,0.0890121395064678,0.0,False
concrete,40.0,6.24,6.74,6.489999999999999,501,lp_gamma_c,LP-derived co-term (Gamma_C),lp_gamma_c,patch_stage_absolute_like,False,0.430768146338881,13.695886829536505,False
concrete,40.0,6.24,6.74,6.489999999999999,501,lp_gamma_x,LP-derived residual (Gamma_X),lp_gamma_x,patch_stage_absolute_like,True,0.0690024115698849,-2.2116994145387237,True
concrete,40.0,6.24,6.74,6.489999999999999,501,patch_eff,Patch residual corrected,patch_eff,patch_stage_absolute_like,True,0.0334108718780953,-8.511228618752959,True
concrete,40.0,6.24,6.74,6.489999999999999,501,patch_metal_floor,Patch residual metal-floor,patch_metal_floor,metal_normalized_diagnostic,False,0.6895201086603805,17.781953924541792,False
concrete,40.0,6.24,6.74,6.489999999999999,501,patch_raw,Patch residual raw,patch_raw,patch_stage_absolute_like,True,0.1943657414262745,6.783409588309114,False
concrete,45.0,6.24,6.74,6.489999999999999,501,ideal_gamma_x,Ideal residual (Gamma_X),ideal,absolute_interface_truth,True,0.1390440168720759,0.0,False
concrete,45.0,6.24,6.74,6.489999999999999,501,lp_gamma_c,LP-derived co-term (Gamma_C),lp_gamma_c,patch_stage_absolute_like,False,0.3932539738397187,9.030416283225044,False
concrete,45.0,6.24,6.74,6.489999999999999,501,lp_gamma_x,LP-derived residual (Gamma_X),lp_gamma_x,patch_stage_absolute_like,True,0.1022157099856451,-2.6726931227622663,True
concrete,45.0,6.24,6.74,6.489999999999999,501,patch_eff,Patch residual corrected,patch_eff,patch_stage_absolute_like,True,0.0549708536466748,-8.060396490003571,True
concrete,45.0,6.24,6.74,6.489999999999999,501,patch_metal_floor,Patch residual metal-floor,patch_metal_floor,metal_normalized_diagnostic,False,0.777939309574043,14.9558682280074,False
concrete,45.0,6.24,6.74,6.489999999999999,501,patch_raw,Patch residual raw,patch_raw,patch_stage_absolute_like,True,0.2047457527166243,3.361251914609923,False
concrete,50.0,6.24,6.74,6.489999999999999,501,ideal_gamma_x,Ideal residual (Gamma_X),ideal,absolute_interface_truth,True,0.1679339473427754,0.0,False
concrete,50.0,6.24,6.74,6.489999999999999,501,lp_gamma_c,LP-derived co-term (Gamma_C),lp_gamma_c,patch_stage_absolute_like,False,0.407521864498714,7.70024836552405,False
concrete,50.0,6.24,6.74,6.489999999999999,501,lp_gamma_x,LP-derived residual (Gamma_X),lp_gamma_x,patch_stage_absolute_like,True,0.1408519049693455,-1.5275154261000146,True
concrete,50.0,6.24,6.74,6.489999999999999,501,patch_eff,Patch residual corrected,patch_eff,patch_stage_absolute_like,True,0.0832079271582963,-6.0994758631590145,True
concrete,50.0,6.24,6.74,6.489999999999999,501,patch_metal_floor,Patch residual metal-floor,patch_metal_floor,metal_normalized_diagnostic,False,0.969950014550186,15.232217151072218,False
concrete,50.0,6.24,6.74,6.489999999999999,501,patch_raw,Patch residual raw,patch_raw,patch_stage_absolute_like,True,0.2326945843382531,2.8329555886397877,False
concrete,55.0,6.24,6.74,6.489999999999999,501,ideal_gamma_x,Ideal residual (Gamma_X),ideal,absolute_interface_truth,True,0.1754560624150127,0.0,False
concrete,55.0,6.24,6.74,6.489999999999999,501,lp_gamma_c,LP-derived co-term (Gamma_C),lp_gamma_c,patch_stage_absolute_like,False,0.3701424714228001,6.484010834096319,False
concrete,55.0,6.24,6.74,6.489999999999999,501,lp_gamma_x,LP-derived residual (Gamma_X),lp_gamma_x,patch_stage_absolute_like,True,0.1873906000186515,0.5715884621053442,False
concrete,55.0,6.24,6.74,6.489999999999999,501,patch_eff,Patch residual corrected,patch_eff,patch_stage_absolute_like,True,0.1209207817375696,-3.233348650425455,True
concrete,55.0,6.24,6.74,6.489999999999999,501,patch_metal_floor,Patch residual metal-floor,patch_metal_floor,metal_normalized_diagnostic,False,1.145869295876628,16.299334075116644,False
concrete,55.0,6.24,6.74,6.489999999999999,501,patch_raw,Patch residual raw,patch_raw,patch_stage_absolute_like,True,0.2506421226727904,3.0977136241508085,False
glass,20.0,6.24,6.74,6.489999999999999,501,ideal_gamma_x,Ideal residual (Gamma_X),ideal,absolute_interface_truth,True,0.0345795811283431,0.0,False
glass,20.0,6.24,6.74,6.489999999999999,501,lp_gamma_c,LP-derived co-term (Gamma_C),lp_gamma_c,patch_stage_absolute_like,False,0.4248748043361364,21.78882498688118,False
glass,20.0,6.24,6.74,6.489999999999999,501,lp_gamma_x,LP-derived residual (Gamma_X),lp_gamma_x,patch_stage_absolute_like,True,0.0627394980052062,5.174426224579177,False
glass,20.0,6.24,6.74,6.489999999999999,501,patch_eff,Patch residual corrected,patch_eff,patch_stage_absolute_like,True,0.087798882764395,8.093385226486342,False
glass,20.0,6.24,6.74,6.489999999999999,501,patch_metal_floor,Patch residual metal-floor,patch_metal_floor,metal_normalized_diagnostic,False,0.4914500541008083,23.053193179348213,False
glass,20.0,6.24,6.74,6.489999999999999,501,patch_raw,Patch residual raw,patch_raw,patch_stage_absolute_like,True,0.1312014171314794,11.582375954341204,False
glass,25.0,6.24,6.74,6.489999999999999,501,ideal_gamma_x,Ideal residual (Gamma_X),ideal,absolute_interface_truth,True,0.0484347263718421,0.0,False
glass,25.0,6.24,6.74,6.489999999999999,501,lp_gamma_c,LP-derived co-term (Gamma_C),lp_gamma_c,patch_stage_absolute_like,False,0.4968465115947466,20.22130788755446,False
glass,25.0,6.24,6.74,6.489999999999999,501,lp_gamma_x,LP-derived residual (Gamma_X),lp_gamma_x,patch_stage_absolute_like,True,0.0651873309921446,2.5801269846314057,False
glass,25.0,6.24,6.74,6.489999999999999,501,patch_eff,Patch residual corrected,patch_eff,patch_stage_absolute_like,True,0.0820724541598279,4.580811389572897,False
glass,25.0,6.24,6.74,6.489999999999999,501,patch_metal_floor,Patch residual metal-floor,patch_metal_floor,metal_normalized_diagnostic,False,0.5411997020105359,20.964013964634844,False
glass,25.0,6.24,6.74,6.489999999999999,501,patch_raw,Patch residual raw,patch_raw,patch_stage_absolute_like,True,0.1615018626890175,10.460413701671476,False
glass,30.0,6.24,6.74,6.489999999999999,501,ideal_gamma_x,Ideal residual (Gamma_X),ideal,absolute_interface_truth,True,0.0383551467879026,0.0,False
glass,30.0,6.24,6.74,6.489999999999999,501,lp_gamma_c,LP-derived co-term (Gamma_C),lp_gamma_c,patch_stage_absolute_like,False,0.5295737278158614,22.802055648591892,False
glass,30.0,6.24,6.74,6.489999999999999,501,lp_gamma_x,LP-derived residual (Gamma_X),lp_gamma_x,patch_stage_absolute_like,True,0.0659760807522034,4.711257279077549,False
glass,30.0,6.24,6.74,6.489999999999999,501,patch_eff,Patch residual corrected,patch_eff,patch_stage_absolute_like,True,0.0587953695772023,3.7103895089568013,False
glass,30.0,6.24,6.74,6.489999999999999,501,patch_metal_floor,Patch residual metal-floor,patch_metal_floor,metal_normalized_diagnostic,False,0.6011071126589301,23.902564353394688,False
glass,30.0,6.24,6.74,6.489999999999999,501,patch_raw,Patch residual raw,patch_raw,patch_stage_absolute_like,True,0.1896237625233374,13.881382209104222,False
glass,35.0,6.24,6.74,6.489999999999999,501,ideal_gamma_x,Ideal residual (Gamma_X),ideal,absolute_interface_truth,True,0.0818005559337042,0.0,False
glass,35.0,6.24,6.74,6.489999999999999,501,lp_gamma_c,LP-derived co-term (Gamma_C),lp_gamma_c,patch_stage_absolute_like,False,0.4773300365136794,15.3212501688592,False
glass,35.0,6.24,6.74,6.489999999999999,501,lp_gamma_x,LP-derived residual (Gamma_X),lp_gamma_x,patch_stage_absolute_like,True,0.0558105072131624,-3.3208057155627153,True
glass,35.0,6.24,6.74,6.489999999999999,501,patch_eff,Patch residual corrected,patch_eff,patch_stage_absolute_like,True,0.0353585989998845,-7.285224128764134,True
glass,35.0,6.24,6.74,6.489999999999999,501,patch_metal_floor,Patch residual metal-floor,patch_metal_floor,metal_normalized_diagnostic,False,0.6884123175593364,18.501847543820617,False
glass,35.0,6.24,6.74,6.489999999999999,501,patch_raw,Patch residual raw,patch_raw,patch_stage_absolute_like,True,0.193162172150367,7.463316505069768,False
glass,40.0,6.24,6.74,6.489999999999999,501,ideal_gamma_x,Ideal residual (Gamma_X),ideal,absolute_interface_truth,True,0.0902949016959289,0.0,False
glass,40.0,6.24,6.74,6.489999999999999,501,lp_gamma_c,LP-derived co-term (Gamma_C),lp_gamma_c,patch_stage_absolute_like,False,0.5404553102437072,15.541931176833545,False
glass,40.0,6.24,6.74,6.489999999999999,501,lp_gamma_x,LP-derived residual (Gamma_X),lp_gamma_x,patch_stage_absolute_like,True,0.075718221217755,-1.529256532171005,True
glass,40.0,6.24,6.74,6.489999999999999,501,patch_eff,Patch residual corrected,patch_eff,patch_stage_absolute_like,True,0.034793243487723,-8.283366263663304,True
glass,40.0,6.24,6.74,6.489999999999999,501,patch_metal_floor,Patch residual metal-floor,patch_metal_floor,metal_normalized_diagnostic,False,0.7953588546333327,18.897997817321016,False
glass,40.0,6.24,6.74,6.489999999999999,501,patch_raw,Patch residual raw,patch_raw,patch_stage_absolute_like,True,0.2245113048201447,7.911499688132459,False
glass,45.0,6.24,6.74,6.489999999999999,501,ideal_gamma_x,Ideal residual (Gamma_X),ideal,absolute_interface_truth,True,0.1473713979419592,0.0,False
glass,45.0,6.24,6.74,6.489999999999999,501,lp_gamma_c,LP-derived co-term (Gamma_C),lp_gamma_c,patch_stage_absolute_like,False,0.4854834221370545,10.355224028018274,False
glass,45.0,6.24,6.74,6.489999999999999,501,lp_gamma_x,LP-derived residual (Gamma_X),lp_gamma_x,patch_stage_absolute_like,True,0.1075552371025192,-2.735632823814113,True
glass,45.0,6.24,6.74,6.489999999999999,501,patch_eff,Patch residual corrected,patch_eff,patch_stage_absolute_like,True,0.0521161570066088,-9.028816388176335,True
glass,45.0,6.24,6.74,6.489999999999999,501,patch_metal_floor,Patch residual metal-floor,patch_metal_floor,metal_normalized_diagnostic,False,0.8915540196174735,15.634689183957104,False
glass,45.0,6.24,6.74,6.489999999999999,501,patch_raw,Patch residual raw,patch_raw,patch_stage_absolute_like,True,0.2352152029975298,4.061043709869688,False
glass,50.0,6.24,6.74,6.489999999999999,501,ideal_gamma_x,Ideal residual (Gamma_X),ideal,absolute_interface_truth,True,0.1724087748506612,0.0,False
glass,50.0,6.24,6.74,6.489999999999999,501,lp_gamma_c,LP-derived co-term (Gamma_C),lp_gamma_c,patch_stage_absolute_like,False,0.4843323803094894,8.97168278558409,False
glass,50.0,6.24,6.74,6.489999999999999,501,lp_gamma_x,LP-derived residual (Gamma_X),lp_gamma_x,patch_stage_absolute_like,True,0.1435651523678322,-1.5902065905458969,True
glass,50.0,6.24,6.74,6.489999999999999,501,patch_eff,Patch residual corrected,patch_eff,patch_stage_absolute_like,True,0.0753866673144487,-7.185296424848655,True
glass,50.0,6.24,6.74,6.489999999999999,501,patch_metal_floor,Patch residual metal-floor,patch_metal_floor,metal_normalized_diagnostic,False,1.0525515484462264,15.713680175101501,False
glass,50.0,6.24,6.74,6.489999999999999,501,patch_raw,Patch residual raw,patch_raw,patch_stage_absolute_like,True,0.2516139704454451,3.283507703647357,False
glass,55.0,6.24,6.74,6.489999999999999,501,ideal_gamma_x,Ideal residual (Gamma_X),ideal,absolute_interface_truth,True,0.2176624475392341,0.0,False
glass,55.0,6.24,6.74,6.489999999999999,501,lp_gamma_c,LP-derived co-term (Gamma_C),lp_gamma_c,patch_stage_absolute_like,False,0.4186288260292161,5.680912428299784,False
glass,55.0,6.24,6.74,6.489999999999999,501,lp_gamma_x,LP-derived residual (Gamma_X),lp_gamma_x,patch_stage_absolute_like,True,0.1849975605805742,-1.4123501323875078,True
glass,55.0,6.24,6.74,6.489999999999999,501,patch_eff,Patch residual corrected,patch_eff,patch_stage_absolute_like,True,0.1112145288124696,-5.83243964324642,True
glass,55.0,6.24,6.74,6.489999999999999,501,patch_metal_floor,Patch residual metal-floor,patch_metal_floor,metal_normalized_diagnostic,False,1.173392199214072,14.633193766342416,False
glass,55.0,6.24,6.74,6.489999999999999,501,patch_raw,Patch residual raw,patch_raw,patch_stage_absolute_like,True,0.2578333983137328,1.4711132882646312,False
glass,60.0,6.24,6.74,6.489999999999999,501,ideal_gamma_x,Ideal residual (Gamma_X),ideal,absolute_interface_truth,True,0.264492507268833,0.0,False
glass,60.0,6.24,6.74,6.489999999999999,501,lp_gamma_c,LP-derived co-term (Gamma_C),lp_gamma_c,patch_stage_absolute_like,False,0.4104134408759455,3.8161640352701465,False
glass,60.0,6.24,6.74,6.489999999999999,501,lp_gamma_x,LP-derived residual (Gamma_X),lp_gamma_x,patch_stage_absolute_like,True,0.2433021654759261,-0.7253479844010545,True
glass,60.0,6.24,6.74,6.489999999999999,501,patch_eff,Patch residual corrected,patch_eff,patch_stage_absolute_like,True,0.1599021534993352,-4.371181217013707,True
glass,60.0,6.24,6.74,6.489999999999999,501,patch_metal_floor,Patch residual metal-floor,patch_metal_floor,metal_normalized_diagnostic,False,1.5408897537407886,15.30716387514001,False
glass,60.0,6.24,6.74,6.489999999999999,501,patch_raw,Patch residual raw,patch_raw,patch_stage_absolute_like,True,0.2940884545709019,0.9212920322186271,False
wood,20.0,6.24,6.74,6.489999999999999,501,ideal_gamma_x,Ideal residual (Gamma_X),ideal,absolute_interface_truth,True,0.0146823452746066,0.0,False
wood,20.0,6.24,6.74,6.489999999999999,501,lp_gamma_c,LP-derived co-term (Gamma_C),lp_gamma_c,patch_stage_absolute_like,False,0.1335964900381365,19.179992305429117,False
wood,20.0,6.24,6.74,6.489999999999999,501,lp_gamma_x,LP-derived residual (Gamma_X),lp_gamma_x,patch_stage_absolute_like,True,0.0170484805370168,1.297804905214171,False
wood,20.0,6.24,6.74,6.489999999999999,501,patch_eff,Patch residual corrected,patch_eff,patch_stage_absolute_like,True,0.0242377573120909,4.353939995886061,False
wood,20.0,6.24,6.74,6.489999999999999,501,patch_metal_floor,Patch residual metal-floor,patch_metal_floor,metal_normalized_diagnostic,False,0.170743162952203,21.310957788810192,False
wood,20.0,6.24,6.74,6.489999999999999,501,patch_raw,Patch residual raw,patch_raw,patch_stage_absolute_like,True,0.0456777241438795,9.85818049082551,False
wood,25.0,6.24,6.74,6.489999999999999,501,ideal_gamma_x,Ideal residual (Gamma_X),ideal,absolute_interface_truth,True,0.0228383757231157,0.0,False
wood,25.0,6.24,6.74,6.489999999999999,501,lp_gamma_c,LP-derived co-term (Gamma_C),lp_gamma_c,patch_stage_absolute_like,False,0.1673552268404759,17.299481347364413,False
wood,25.0,6.24,6.74,6.489999999999999,501,lp_gamma_x,LP-derived residual (Gamma_X),lp_gamma_x,patch_stage_absolute_like,True,0.0215057258072488,-0.5222221814757531,True
wood,25.0,6.24,6.74,6.489999999999999,501,patch_eff,Patch residual corrected,patch_eff,patch_stage_absolute_like,True,0.0187657694200551,-1.7059767539188733,True
wood,25.0,6.24,6.74,6.489999999999999,501,patch_metal_floor,Patch residual metal-floor,patch_metal_floor,metal_normalized_diagnostic,False,0.2203539230826974,19.689111469431385,False
wood,25.0,6.24,6.74,6.489999999999999,501,patch_raw,Patch residual raw,patch_raw,patch_stage_absolute_like,True,0.0657948881141005,9.190538786067401,False
wood,30.0,6.24,6.74,6.489999999999999,501,ideal_gamma_x,Ideal residual (Gamma_X),ideal,absolute_interface_truth,True,0.0353580732790502,0.0,False
wood,30.0,6.24,6.74,6.489999999999999,501,lp_gamma_c,LP-derived co-term (Gamma_C),lp_gamma_c,patch_stage_absolute_like,False,0.2140254921811261,15.639538257911239,False
wood,30.0,6.24,6.74,6.489999999999999,501,lp_gamma_x,LP-derived residual (Gamma_X),lp_gamma_x,patch_stage_absolute_like,True,0.0305098378139534,-1.2809738509722028,True
wood,30.0,6.24,6.74,6.489999999999999,501,patch_eff,Patch residual corrected,patch_eff,patch_stage_absolute_like,True,0.014900314799573,-7.505862953626945,True
wood,30.0,6.24,6.74,6.489999999999999,501,patch_metal_floor,Patch residual metal-floor,patch_metal_floor,metal_normalized_diagnostic,False,0.3023063440761009,18.639173392998092,False
wood,30.0,6.24,6.74,6.489999999999999,501,patch_raw,Patch residual raw,patch_raw,patch_stage_absolute_like,True,0.095327292074514,8.614573296278728,False
wood,35.0,6.24,6.74,6.489999999999999,501,ideal_gamma_x,Ideal residual (Gamma_X),ideal,absolute_interface_truth,True,0.0671206300927292,0.0,False
wood,35.0,6.24,6.74,6.489999999999999,501,lp_gamma_c,LP-derived co-term (Gamma_C),lp_gamma_c,patch_stage_absolute_like,False,0.2040400271193637,9.65718695634012,False
wood,35.0,6.24,6.74,6.489999999999999,501,lp_gamma_x,LP-derived residual (Gamma_X),lp_gamma_x,patch_stage_absolute_like,True,0.0474102667002035,-3.019672527458374,True
wood,35.0,6.24,6.74,6.489999999999999,501,patch_eff,Patch residual corrected,patch_eff,patch_stage_absolute_like,True,0.0217505146615224,-9.787729741199126,True
wood,35.0,6.24,6.74,6.489999999999999,501,patch_metal_floor,Patch residual metal-floor,patch_metal_floor,metal_normalized_diagnostic,False,0.3799920815187333,15.058370437637098,False
wood,35.0,6.24,6.74,6.489999999999999,501,patch_raw,Patch residual raw,patch_raw,patch_stage_absolute_like,True,0.1067832442302419,4.032941729102904,False
wood,40.0,6.24,6.74,6.489999999999999,501,ideal_gamma_x,Ideal residual (Gamma_X),ideal,absolute_interface_truth,True,0.0911287578124849,0.0,False
wood,40.0,6.24,6.74,6.489999999999999,501,lp_gamma_c,LP-derived co-term (Gamma_C),lp_gamma_c,patch_stage_absolute_like,False,0.2274394038601743,7.944205159326204,False
wood,40.0,6.24,6.74,6.489999999999999,501,lp_gamma_x,LP-derived residual (Gamma_X),lp_gamma_x,patch_stage_absolute_like,True,0.0790028554011042,-1.2402532421364323,True
wood,40.0,6.24,6.74,6.489999999999999,501,patch_eff,Patch residual corrected,patch_eff,patch_stage_absolute_like,True,0.0428095463713937,-6.562296490124345,True
wood,40.0,6.24,6.74,6.489999999999999,501,patch_metal_floor,Patch residual metal-floor,patch_metal_floor,metal_normalized_diagnostic,False,0.4893107651219109,14.598586404106475,False
wood,40.0,6.24,6.74,6.489999999999999,501,patch_raw,Patch residual raw,patch_raw,patch_stage_absolute_like,True,0.1376300920381835,3.5811589982614462,False
wood,45.0,6.24,6.74,6.489999999999999,501,ideal_gamma_x,Ideal residual (Gamma_X),ideal,absolute_interface_truth,True,0.1200574253173564,0.0,False
wood,45.0,6.24,6.74,6.489999999999999,501,lp_gamma_c,LP-derived co-term (Gamma_C),lp_gamma_c,patch_stage_absolute_like,False,0.1850355788756791,3.757324352729467,False
wood,45.0,6.24,6.74,6.489999999999999,501,lp_gamma_x,LP-derived residual (Gamma_X),lp_gamma_x,patch_stage_absolute_like,True,0.0963700794537991,-1.9089361688935258,True
wood,45.0,6.24,6.74,6.489999999999999,501,patch_eff,Patch residual corrected,patch_eff,patch_stage_absolute_like,True,0.0582967315994886,-6.274896374505631,True
wood,45.0,6.24,6.74,6.489999999999999,501,patch_metal_floor,Patch residual metal-floor,patch_metal_floor,metal_normalized_diagnostic,False,0.5069482332854967,12.511491767753107,False
wood,45.0,6.24,6.74,6.489999999999999,501,patch_raw,Patch residual raw,patch_raw,patch_stage_absolute_like,True,0.1339495611910521,0.9510453948031404,False
