material,theta_deg,gamma_d_principal_phase_deg,gamma_d_direct_phase_deg,gamma_d_anchor_phase_deg,gamma_d_candidate_anchor_delta_deg,gamma_d_phase_flip_applied,gamma_d_pec_principal_phase_deg,gamma_d_pec_phase_deg,gamma_d_pec_anchor_phase_deg,gamma_d_pec_candidate_anchor_delta_deg,gamma_d_pec_phase_flip_applied
concrete,10.0,-14.418974059957554,-14.418974059957554,-103.92529050284011,89.50631644288256,False,-10.264382872201175,-10.264382872201175,-99.77424773158828,89.5098648593871,False
concrete,15.0,2.3911067680310185,2.3911067680310185,-85.92670004997815,88.31780681800917,False,6.7579060041362515,6.7579060041362515,-81.55080701138965,88.3087130155259,False
concrete,20.0,-0.10397613243682995,-0.10397613243682995,-86.93345595555776,86.82947982312093,False,3.666624517589405,3.666624517589405,-83.10664498705243,86.77326950464185,False
concrete,25.0,-9.978944519727936,-9.978944519727936,-95.00028334159536,85.02133882186742,False,-5.675773264846334,-5.675773264846334,-90.6155553250993,84.93978206025297,False
concrete,30.0,-1.2861947101871503,-1.2861947101871503,-84.76703826883609,83.48084355864894,False,2.2652214729577107,2.2652214729577107,-81.01288463090424,83.27810610386196,False
concrete,35.0,-1.795324558695751,-1.795324558695751,-83.6138547249959,81.81853016630015,False,0.6198774985175258,0.6198774985175258,-80.95394524108852,81.57382273960604,False
concrete,40.0,-4.532853809573167,-4.532853809573167,-85.42840606232627,80.8955522527531,False,-3.4742832437778377,-3.4742832437778377,-83.76026570692055,80.28598246314272,False
concrete,45.0,3.80164690232405,3.80164690232405,-75.74048808820726,79.54213499053131,False,3.403423714568246,3.403423714568246,-75.18976185049533,78.59318556506359,False
concrete,50.0,-0.675421009107718,-0.675421009107718,-79.7205340066322,79.0451129975245,False,-3.0705688834201705,-3.0705688834201705,-80.68852083164003,77.61795194821987,False
concrete,55.0,4.981841000459249,4.981841000459249,-73.27667012143371,78.25851112189297,False,1.1894631532782052,1.1894631532782052,-74.71152764445331,75.90099079773152,False
concrete,60.0,5.245308359369386,5.245308359369386,-73.23256650025874,78.47787485962813,False,0.3750524589016505,0.3750524589016505,-74.74167317872846,75.11672563763013,False
concrete,65.0,5.907165885805527,5.907165885805527,-72.99172116679539,78.89888705260091,False,-2.539552786589952,-2.539552786589952,-76.27401739976344,73.73446461317349,False
concrete,70.0,12.238707105889965,12.238707105889965,-68.0381668493009,80.27687395519085,False,0.5622812373287582,0.5622812373287582,-72.11046973145045,72.67275096877921,False
glass,10.0,-38.90653344014957,-38.90653344014957,-128.35804698347536,89.4515135433258,False,-10.264382872201175,-10.264382872201175,-99.77424773158828,89.5098648593871,False
glass,15.0,-17.247720440133367,-17.247720440133367,-105.49709773707418,88.24937729694082,False,6.7579060041362515,6.7579060041362515,-81.55080701138965,88.3087130155259,False
glass,20.0,-18.49336034489707,-18.49336034489707,-105.46592402596299,86.97256368106592,False,3.666624517589405,3.666624517589405,-83.10664498705243,86.77326950464185,False
glass,25.0,-27.179814317642762,-27.179814317642762,-112.31165411340342,85.13183979576065,False,-5.675773264846334,-5.675773264846334,-90.6155553250993,84.93978206025297,False
glass,30.0,-11.89798943715433,-11.89798943715433,-95.05783413980637,83.15984470265204,False,2.2652214729577107,2.2652214729577107,-81.01288463090424,83.27810610386196,False
glass,35.0,-9.764722378243363,-9.764722378243363,-91.46063476596854,81.69591238772519,False,0.6198774985175258,0.6198774985175258,-80.95394524108852,81.57382273960604,False
glass,40.0,-4.015593715566849,-4.015593715566849,-84.45661273650045,80.4410190209336,False,-3.4742832437778377,-3.4742832437778377,-83.76026570692055,80.28598246314272,False
glass,45.0,8.374777578730509,8.374777578730509,-71.21783899125029,79.59261656998079,False,3.403423714568246,3.403423714568246,-75.18976185049533,78.59318556506359,False
glass,50.0,12.141694084088662,12.141694084088662,-67.07362414962255,79.21531823371122,False,-3.0705688834201705,-3.0705688834201705,-80.68852083164003,77.61795194821987,False
glass,55.0,18.400008525089127,18.400008525089127,-60.04006071022836,78.4400692353175,False,1.1894631532782052,1.1894631532782052,-74.71152764445331,75.90099079773152,False
glass,60.0,24.72200903462443,24.72200903462443,-53.49852858519109,78.22053761981552,False,0.3750524589016505,0.3750524589016505,-74.74167317872846,75.11672563763013,False
glass,65.0,27.23564228797165,27.23564228797165,-52.04634673118724,79.28198901915889,False,-2.539552786589952,-2.539552786589952,-76.27401739976344,73.73446461317349,False
glass,70.0,26.11409419768687,26.11409419768687,-54.21996513551109,80.33405933319796,False,0.5622812373287582,0.5622812373287582,-72.11046973145045,72.67275096877921,False
wood,10.0,2.2420170850412875,2.2420170850412875,-87.23295946482358,89.47497654986486,False,-10.264382872201175,-10.264382872201175,-99.77424773158828,89.5098648593871,False
wood,15.0,3.9669770337473422,3.9669770337473422,-84.39242450016376,88.3594015339111,False,6.7579060041362515,6.7579060041362515,-81.55080701138965,88.3087130155259,False
wood,20.0,-7.0979087531275225,-7.0979087531275225,-94.13337655336625,87.03546780023873,False,3.666624517589405,3.666624517589405,-83.10664498705243,86.77326950464185,False
wood,25.0,-29.89447252074105,-29.89447252074105,-115.02584975915967,85.13137723841862,False,-5.675773264846334,-5.675773264846334,-90.6155553250993,84.93978206025297,False
wood,30.0,-15.27197194604195,-15.27197194604195,-98.94430423890097,83.67233229285902,False,2.2652214729577107,2.2652214729577107,-81.01288463090424,83.27810610386196,False
wood,35.0,-11.460263008353813,-11.460263008353813,-93.53730799861916,82.07704499026535,False,0.6198774985175258,0.6198774985175258,-80.95394524108852,81.57382273960604,False
wood,40.0,3.2562615174695297,3.2562615174695297,-78.52833473957229,81.78459625704181,False,-3.4742832437778377,-3.4742832437778377,-83.76026570692055,80.28598246314272,False
wood,45.0,17.110955419409535,17.110955419409535,-63.10447214844737,80.21542756785692,False,3.403423714568246,3.403423714568246,-75.18976185049533,78.59318556506359,False
wood,50.0,22.852411202675935,22.852411202675935,-57.62324375124872,80.47565495392466,False,-3.0705688834201705,-3.0705688834201705,-80.68852083164003,77.61795194821987,False
wood,55.0,16.373698902515514,16.373698902515514,-64.06919366252947,80.44289256504499,False,1.1894631532782052,1.1894631532782052,-74.71152764445331,75.90099079773152,False
wood,60.0,-2.3696871866194287,-2.3696871866194287,-84.97203970847576,82.60235252185633,False,0.3750524589016505,0.3750524589016505,-74.74167317872846,75.11672563763013,False
wood,65.0,1.7157853692552043,1.7157853692552043,-83.7094002333809,85.4251856026361,False,-2.539552786589952,-2.539552786589952,-76.27401739976344,73.73446461317349,False
wood,70.0,18.910513220578395,18.910513220578395,-70.82429313376265,89.73480635434106,False,0.5622812373287582,0.5622812373287582,-72.11046973145045,72.67275096877921,False
