material,theta_deg,B_mag,gamma_x_ideal_mag,gamma_c_patch_raw_mag,gamma_c_patch_eff_mag,gamma_hat_c_metal_floor_mag,lp_residual_mag,B_cp_proxy_mag,B_lp_sys_mag,G_ideal_db,G_patch_raw_db,G_patch_eff_db,G_patch_metal_floor_db,G_lp_gamma_x_db,G_cp_raw_sys_db,G_cp_eff_sys_db,G_lp_sys_db,Delta_ideal_minus_raw_db,Delta_ideal_minus_eff_db,Delta_G_ideal_minus_metal_floor_db,lp_minus_ideal_residual_db,Delta_ideal_minus_lp_db,Delta_G_cp_raw_numerator_mismatch_db,Delta_G_cp_eff_numerator_mismatch_db,Delta_G_lp_numerator_mismatch_db,Delta_G_cp_raw_residual_mismatch_db,Delta_G_cp_eff_residual_mismatch_db,Delta_G_lp_residual_mismatch_db,Delta_G_ideal_minus_cp_raw_sys_db,Delta_G_ideal_minus_cp_eff_sys_db,Delta_G_ideal_minus_lp_sys_db,delta_raw_negative,delta_eff_negative,delta_metal_floor_negative,delta_cp_raw_sys_negative,delta_cp_eff_sys_negative,delta_lp_sys_negative,lp_below_ideal_flag,both_lp_and_cp_eff_below_ideal_flag,headline_use_primary,headline_note
concrete,20.0,0.4175901108139075,0.0298214555483079,0.1209396434479761,0.078581156843791,0.4527763422342832,0.0551506607813703,0.436093220128481,0.418476690892729,22.92442736668508,10.763630429029092,14.508635745856552,-0.7026704269692512,17.583989701739277,11.140213018525005,14.88521833535247,17.602411051781367,12.160796937655988,8.415791620828527,23.62709779365433,5.340437664945803,5.340437664945803,-0.37658258949591955,-0.37658258949591955,-0.018421350042100017,12.160796937655988,8.415791620828527,5.340437664945803,11.784214348160075,8.03920903133261,5.322016314903713,False,False,False,False,False,False,False,False,True,Raw patch residual remains the locked headline series; LP-vs-CP-vs-ideal columns are audit-only.
concrete,25.0,0.4331430797024195,0.0350617383153366,0.144673805272731,0.0656404800358238,0.4902146988080995,0.0509481270774314,0.4601142087590051,0.4511330324747081,21.83595872100936,9.52482950966824,16.389192633250257,-1.0750989817318135,18.590063134359834,10.049514805597555,16.913877929179574,18.94352808839616,12.311129211341118,5.4467660877591015,22.91105770274117,3.245895586649526,3.245895586649526,-0.5246852959293179,-0.5246852959293179,-0.3534649540363307,12.311129211341118,5.4467660877591015,3.245895586649526,11.786443915411803,4.922080791829785,2.8924306326131983,False,False,False,False,False,False,False,False,True,Raw patch residual remains the locked headline series; LP-vs-CP-vs-ideal columns are audit-only.
concrete,30.0,0.4330983018538038,0.0367010964136493,0.1686557039713827,0.043991661639422,0.5348824234699548,0.0550778552307902,0.4676608552184376,0.4547569837206422,21.43814884554638,8.191708943850509,19.8643222914696,-1.833436921551384,17.912189214114548,8.858599716424733,20.53121306404381,18.33604714145634,13.24643990169587,1.5738265540767813,23.271585767097765,3.525959631431828,3.525959631431828,-0.6668907725742234,-0.6668907725742234,-0.42385792734179484,13.24643990169587,1.5738265540767813,3.525959631431828,12.579549129121647,0.9069357815025683,3.102101704090039,False,False,False,False,False,False,False,False,True,Raw patch residual remains the locked headline series; LP-vs-CP-vs-ideal columns are audit-only.
concrete,35.0,0.4755852233488534,0.0718692012340339,0.1667198854136386,0.0279892460630622,0.5921074764774514,0.0487412807887855,0.3836213970681092,0.4259070652345009,16.413710687263993,9.104818985958389,24.60474304497122,-1.9034438495787889,19.78662830693175,7.238308389627016,22.73823244863984,18.82835814846634,7.3088917013056065,-8.191032357707225,18.317154536842786,-3.372917619667759,-3.372917619667759,1.8665105963313677,1.8665105963313677,0.9582701584653992,7.3088917013056065,-8.191032357707225,-3.372917619667759,9.175402297636978,-6.324521761375848,-2.414647461202346,False,True,False,False,True,True,True,True,True,Raw patch residual remains the locked headline series; LP-vs-CP-vs-ideal columns are audit-only.
concrete,40.0,0.4771709815540915,0.0890121395064678,0.1943657414262745,0.0334108718780953,0.6895201086603805,0.0690024115698849,0.4344469018155779,0.4906915912812075,14.584495698199111,7.801086109890001,23.095724316952072,-3.197458226342679,16.796195112737838,6.986339702815664,22.28097790987773,17.038886931672245,6.783409588309111,-8.511228618752959,17.781953924541792,-2.2116994145387237,-2.2116994145387237,0.8147464070743353,0.8147464070743353,-0.24269181893441427,6.783409588309111,-8.511228618752959,-2.2116994145387237,7.598155995383447,-7.696482211678619,-2.4543912334731335,False,True,False,False,True,True,True,True,True,Raw patch residual remains the locked headline series; LP-vs-CP-vs-ideal columns are audit-only.
concrete,45.0,0.534407699310507,0.1390440168720759,0.2047457527166243,0.0549708536466748,0.777939309574043,0.1022157099856451,0.4380581647402695,0.4922169160932875,11.694408015245497,8.333156100635572,19.754804505249066,-3.261460212761908,14.367101138007758,6.606337557898575,18.027985962512066,13.652777710288618,3.361251914609925,-8.060396490003571,14.955868228007404,-2.6726931227622663,-2.6726931227622663,1.7268185427369964,1.7268185427369964,0.714323427719144,3.361251914609925,-8.060396490003571,-2.6726931227622663,5.088070457346921,-6.333577947266569,-1.958369695043121,False,True,False,False,True,True,True,True,True,Raw patch residual remains the locked headline series; LP-vs-CP-vs-ideal columns are audit-only.
concrete,50.0,0.5538722925967425,0.1679339473427754,0.2326945843382531,0.0832079271582963,0.969950014550186,0.1408519049693455,0.4870490844906929,0.5475845451957507,10.365422876345054,7.532467287705266,16.464898739504072,-4.866794274727165,11.892938302445069,6.415729111346736,15.348160563145536,11.793769145030328,2.832955588639788,-6.099475863159018,15.23221715107222,-1.5275154261000146,-1.5275154261000146,1.116738176358527,1.116738176358527,0.09916915741473892,2.832955588639788,-6.099475863159018,-1.5275154261000146,3.949693764998318,-4.982737686800482,-1.4283462686852744,False,True,False,False,True,True,True,True,True,Raw patch residual remains the locked headline series; LP-vs-CP-vs-ideal columns are audit-only.
concrete,55.0,0.5422841214347708,0.1754560624150127,0.2506421226727904,0.1209207817375696,1.145869295876628,0.1873906000186515,0.4949432718095701,0.5574450236097248,9.80117018789593,6.703456563745124,13.034518838321386,-6.498163887220715,9.229581725790586,5.910027299734754,12.241089574311015,9.469084820092856,3.097713624150807,-3.233348650425455,16.299334075116647,0.5715884621053442,0.5715884621053442,0.793429264010368,0.793429264010368,-0.23950309430227076,3.097713624150807,-3.233348650425455,0.5715884621053442,3.891142888161177,-2.4399193864150845,0.3320853678030744,False,True,False,False,True,False,False,False,True,Raw patch residual remains the locked headline series; LP-vs-CP-vs-ideal columns are audit-only.
glass,20.0,0.47810443050184,0.0345795811283431,0.1312014171314794,0.087798882764395,0.4914500541008083,0.0627394980052062,0.4950504604259312,0.4621453247526197,22.814060799852555,11.23168484551135,14.720675573366211,-0.2391323794956631,17.639634575273377,11.534218856096048,13.65980096261934,17.34475048847039,11.582375954341206,8.093385226486342,23.05319317934822,5.174426224579177,5.174426224579177,-0.3025340105846973,-0.3025340105846973,0.2948840868029872,11.582375954341206,8.093385226486342,5.174426224579177,11.279841943756507,9.154259837233216,5.469310311382166,False,False,False,False,False,False,False,False,True,Raw patch residual remains the locked headline series; LP-vs-CP-vs-ideal columns are audit-only.
glass,25.0,0.54474312325267,0.0484347263718421,0.1615018626890175,0.0820724541598279,0.5411997020105359,0.0651873309921446,0.5669908669653836,0.5340098484216171,21.020698118471373,10.560284416799895,16.439886728898475,0.0566841538365271,18.440571133839967,10.907970554485978,14.295154532727963,18.267721334693142,10.460413701671476,4.580811389572897,20.964013964634844,2.5801269846314057,2.5801269846314057,-0.3476861376860829,-0.3476861376860829,0.17284979914681434,10.460413701671476,4.580811389572897,2.5801269846314057,10.112727563985395,6.725543585743409,2.75297678377823,False,False,False,False,False,False,False,False,True,Raw patch residual remains the locked headline series; LP-vs-CP-vs-ideal columns are audit-only.
glass,30.0,0.5771382407821318,0.0383551467879026,0.1896237625233374,0.0587953695772023,0.6011071126589301,0.0659760807522034,0.6670204650655002,0.5446967916938631,23.549124043075263,9.66774183397104,19.838734534118466,-0.353440310319425,18.837866763997713,10.924927984609916,11.743939205866232,18.33536608274783,13.881382209104224,3.710389508956801,23.902564353394688,4.711257279077549,4.711257279077549,-1.25718615063888,-1.25718615063888,0.5025006812498781,13.881382209104224,3.710389508956801,4.711257279077549,12.624196058465348,11.805184837209032,5.213757960327435,False,False,False,False,False,False,False,False,True,Raw patch residual remains the locked headline series; LP-vs-CP-vs-ideal columns are audit-only.
glass,35.0,0.6566304288927852,0.0818005559337042,0.193162172150367,0.0353585989998845,0.6884123175593364,0.0558105072131624,0.658913105215652,0.5056339790300901,18.09129498501625,10.627978479946483,25.376519113780382,-0.4105525588043637,21.412100700578968,10.658121297731077,9.612214077343207,19.14240563502476,7.463316505069768,-7.285224128764135,18.501847543820617,-3.3208057155627153,-3.3208057155627153,-0.03014281778459202,-0.03014281778459202,2.269695065554199,7.463316505069768,-7.285224128764135,-3.3208057155627153,7.433173687285175,8.479080907673044,-1.051110650008507,False,True,False,False,False,True,True,True,True,Raw patch residual remains the locked headline series; LP-vs-CP-vs-ideal columns are audit-only.
glass,40.0,0.6518532588210412,0.0902949016959289,0.2245113048201447,0.034793243487723,0.7953588546333327,0.075718221217755,0.7145540712572652,0.5912658512557419,17.169732230508874,9.258232542376415,25.45309849417218,-1.7282655868121406,18.698988762679882,10.055937681741892,10.43522510400548,17.85164788000491,7.911499688132459,-8.283366263663307,18.897997817321013,-1.529256532171005,-1.529256532171005,-0.797705139365482,-0.797705139365482,0.8473408826749608,7.911499688132459,-8.283366263663307,-1.529256532171005,7.1137945487669825,6.734507126503393,-0.6819156494960374,False,True,False,False,False,True,True,True,True,Raw patch residual remains the locked headline series; LP-vs-CP-vs-ideal columns are audit-only.
glass,45.0,0.7169364881352692,0.1473713979419592,0.2352152029975298,0.0521161570066088,0.8915540196174735,0.1075552371025192,0.5767933217418947,0.5854334622558671,13.741349619346332,9.680305909476644,22.77016600752267,-1.893339564610773,16.476982443160445,7.791096693756138,10.954320953690836,14.7169196050113,4.061043709869688,-9.028816388176336,15.634689183957104,-2.735632823814113,-2.735632823814113,1.8892092157205047,1.8892092157205047,1.7600628381491414,4.061043709869688,-9.028816388176336,-2.735632823814113,5.950252925590194,2.7870286656554963,-0.9755699856649684,False,True,False,False,False,True,True,True,True,Raw patch residual remains the locked headline series; LP-vs-CP-vs-ideal columns are audit-only.
glass,50.0,0.7085195743713462,0.1724087748506612,0.2516139704454451,0.0753866673144487,1.0525515484462264,0.1435651523678322,0.6903436986767016,0.6226558673222417,12.275849746575725,8.992342042928366,19.46114617142437,-3.4378304285257784,13.866056337121622,8.766612282615183,8.257464517191272,12.743980972535123,3.283507703647359,-7.185296424848653,15.713680175101503,-1.5902065905458969,-1.5902065905458969,0.22572976031318448,0.22572976031318448,1.1220753645864965,3.283507703647359,-7.185296424848653,-1.5902065905458969,3.5092374639605417,4.018385229384453,-0.4681312259593984,False,True,False,False,False,True,True,True,True,Raw patch residual remains the locked headline series; LP-vs-CP-vs-ideal columns are audit-only.
glass,55.0,0.683581065896279,0.2176624475392341,0.2578333983137328,0.1112145288124696,1.173392199214072,0.1849975605805742,0.4440886659744277,0.601754180158913,9.940130331926476,8.469017043661845,15.772569975172894,-4.693063434415939,11.352480464313983,4.722610329757872,8.508266425029298,10.245062282022383,1.4711132882646307,-5.832439643246417,14.633193766342416,-1.4123501323875078,-1.4123501323875078,3.7464067139039714,3.7464067139039714,1.1074181822915983,1.4711132882646307,-5.832439643246417,-1.4123501323875078,5.2175200021686035,1.4318639068971777,-0.30493195009590757,False,True,False,False,False,True,True,True,True,Raw patch residual remains the locked headline series; LP-vs-CP-vs-ideal columns are audit-only.
glass,60.0,0.6774328685370107,0.264492507268833,0.2940884545709019,0.1599021534993352,1.5408897537407886,0.2433021654759261,0.5230545400861943,0.6527245571615481,8.169057818403964,7.247765786185337,12.54023903541767,-7.138106056736043,8.894405802805018,5.001380018939119,5.34251030947641,8.571679558902582,0.9212920322186272,-4.3711812170137065,15.307163875140006,-0.7253479844010545,-0.7253479844010545,2.2463857672462177,2.2463857672462177,0.3227262439024351,0.9212920322186272,-4.3711812170137065,-0.7253479844010545,3.167677799464845,2.826547508927554,-0.40262174049861876,False,True,False,False,False,True,True,True,True,Raw patch residual remains the locked headline series; LP-vs-CP-vs-ideal columns are audit-only.
wood,20.0,0.129373516705269,0.0146823452746066,0.0456777241438795,0.0242377573120909,0.170743162952203,0.0170484805370168,0.1675359429998433,0.1396044063244004,18.90099901383128,9.04281852300577,14.54705901794522,-2.409958774978914,17.60319410861711,11.288070741752191,11.65013207280049,18.26426895980259,9.85818049082551,4.3539399958860585,21.310957788810192,1.297804905214171,1.297804905214171,-2.2452522187464243,-2.2452522187464243,-0.6610748511854941,9.85818049082551,4.3539399958860585,1.297804905214171,7.61292827207909,7.250866941030791,0.6367300540286926,False,False,False,False,False,False,False,False,True,Raw patch residual remains the locked headline series; LP-vs-CP-vs-ideal columns are audit-only.
wood,25.0,0.1741114397471961,0.0228383757231157,0.0657948881141005,0.0187657694200551,0.2203539230826974,0.0215057258072488,0.2029810264727201,0.172202420300732,17.643241866696037,8.452703080628638,19.34921862061492,-2.0458696027353485,18.165464048171792,9.785265833361835,12.882207652073776,18.069702936090625,9.1905387860674,-1.7059767539188757,19.689111469431385,-0.5222221814757531,-0.5222221814757531,-1.3325627527332013,-1.3325627527332013,0.09576111208115536,9.1905387860674,-1.7059767539188757,-0.5222221814757531,7.857976033334202,4.761034214622262,-0.4264610693945876,False,True,False,False,False,True,True,True,True,Raw patch residual remains the locked headline series; LP-vs-CP-vs-ideal columns are audit-only.
wood,30.0,0.2265300669423684,0.0353580732790502,0.095327292074514,0.014900314799573,0.3023063440761009,0.0305098378139534,0.2394306807176555,0.2344791848829406,16.1327452355753,7.518171939296571,23.638608189202245,-2.5064281574227945,17.413719086547502,7.999250877927945,15.234931881838222,17.713287934018652,8.614573296278728,-7.505862953626945,18.639173392998096,-1.2809738509722028,-1.2809738509722028,-0.48107893863137896,-0.48107893863137896,-0.2995688474711542,8.614573296278728,-7.505862953626945,-1.2809738509722028,8.133494357647354,0.897813353737078,-1.5805426984433524,False,True,False,False,False,True,True,True,True,Raw patch residual remains the locked headline series; LP-vs-CP-vs-ideal columns are audit-only.
wood,35.0,0.2907357395413363,0.0671206300927292,0.1067832442302419,0.0217505146615224,0.3799920815187333,0.0474102667002035,0.2084539542708459,0.2477675782110599,12.73284794413415,8.699906215031245,22.520577685333272,-2.325522493502951,15.752520471592522,5.81014053353634,16.770408314457583,14.363441549531126,4.032941729102905,-9.787729741199122,15.058370437637102,-3.019672527458374,-3.019672527458374,2.8897656814949055,2.8897656814949055,1.3890789220613895,4.032941729102905,-9.787729741199122,-3.019672527458374,6.92270741059781,-4.037560370323433,-1.6305936053969763,False,True,False,False,True,True,True,True,True,Raw patch residual remains the locked headline series; LP-vs-CP-vs-ideal columns are audit-only.
wood,40.0,0.3085528778657093,0.0911287578124849,0.1376300920381835,0.0428095463713937,0.4893107651219109,0.0790028554011042,0.4015011239321883,0.3045543655465104,10.593483020655048,7.0123240223936,17.15577951077939,-4.005103383451429,11.833736262791476,9.299467300868812,6.530432798886884,11.720440817324668,3.581158998261448,-6.562296490124343,14.598586404106475,-1.2402532421364323,-1.2402532421364323,-2.287143278475215,-2.287143278475215,0.11329544546680584,3.581158998261448,-6.562296490124343,-1.2402532421364323,1.2940157197862359,4.063050221768164,-1.12695779666962,False,True,False,False,False,True,True,True,True,Raw patch residual remains the locked headline series; LP-vs-CP-vs-ideal columns are audit-only.
wood,45.0,0.3115577080577515,0.1200574253173564,0.1339495611910521,0.0582967315994886,0.5069482332854967,0.0963700794537991,0.219435931569166,0.2807633065389135,8.282989496940548,7.331944102137408,14.557885871446178,-4.228502270812561,10.191925665834074,4.287328948925778,6.286893104167848,9.287962627905364,0.95104539480314,-6.27489637450563,12.511491767753109,-1.9089361688935258,-1.9089361688935258,3.044615153211629,3.044615153211629,0.9039630379287061,0.95104539480314,-6.27489637450563,-1.9089361688935258,3.9956605480147696,1.9960963927727002,-1.0049731309648156,False,True,False,False,False,True,True,True,True,Raw patch residual remains the locked headline series; LP-vs-CP-vs-ideal columns are audit-only.
