material,theta_deg,Gamma_same_mag,Gamma_flip_mag,cp_same_branch_source,cp_flip_branch_source,cp_use_for_main_claim,gamma_hat_x_cp_sys_mag,gamma_hat_c_cp_raw_mag,gamma_hat_c_cp_eff_mag,use_for_main_claim_candidate,gamma_x_from_lp_mag,gamma_c_from_lp_mag,lp_use_for_main_claim_candidate,ideal_residual_branch_label,ideal_dominant_branch_label,ideal_residual_branch_mag,ideal_dominant_branch_mag,lp_small_branch_label,patch_eff_small_branch_label,lp_error_aligned,lp_error_swapped,patch_eff_error_aligned,patch_eff_error_swapped,lp_mapping_vote,patch_eff_mapping_vote,lp_anchor_lock_pass,patch_eff_alias_lock_pass,use_for_main_claim,cp_residual_branch_name,cp_dominant_branch_name,cp_residual_branch_mag,cp_dominant_branch_mag,branch_lock_method,cp_residual_branch_supplementary_name,cp_residual_branch_supplementary_mag,branch_lock_note
concrete,10.0,0.0099248888094617,0.3675627133795902,Gamma_X,Gamma_C,True,0.4450075052959906,0.1084376540195892,0.1808198363156121,True,0.0874147411850879,0.4865350785289302,True,Gamma_X,Gamma_C,0.0099248888094617,0.3675627133795902,gamma_x_from_lp,gamma_hat_c_cp_eff,0.1964622175249662,0.7567581619139707,0.621825493550507,0.2483397394225508,aligned,swapped,True,True,True,gamma_hat_c_cp_raw,gamma_hat_x_cp_sys,0.1084376540195892,0.4450075052959906,lp_anchor_branch_lock_20260414,gamma_hat_c_cp_eff,0.1808198363156121,LP-anchor swap evidence still identifies the RR-derived patch branch as the ideal residual-side channel; raw is now exported as the primary residual alias and eff is retained only as a supplementary corrected estimate.
concrete,15.0,0.0187314760751662,0.3752580316291834,Gamma_X,Gamma_C,True,0.4277322992243884,0.1238207637576058,0.1312969394002077,True,0.0797010189285909,0.4646767698658864,True,Gamma_X,Gamma_C,0.0187314760751662,0.3752580316291834,gamma_x_from_lp,gamma_hat_c_cp_eff,0.1503882810901277,0.7415023064913128,0.6529619153781979,0.16503973092024646,aligned,swapped,True,True,True,gamma_hat_c_cp_raw,gamma_hat_x_cp_sys,0.1238207637576058,0.4277322992243884,lp_anchor_branch_lock_20260414,gamma_hat_c_cp_eff,0.1312969394002077,LP-anchor swap evidence still identifies the RR-derived patch branch as the ideal residual-side channel; raw is now exported as the primary residual alias and eff is retained only as a supplementary corrected estimate.
concrete,20.0,0.0299425322093546,0.3877753043003445,Gamma_X,Gamma_C,True,0.3581666142002739,0.1209396434479761,0.078581156843791,True,0.0551506607813703,0.3867337916414993,True,Gamma_X,Gamma_C,0.0299425322093546,0.3877753043003445,gamma_x_from_lp,gamma_hat_c_cp_eff,0.02624964123086092,0.6894159029511189,0.6374182294474728,0.07824731473450701,aligned,swapped,True,True,True,gamma_hat_c_cp_raw,gamma_hat_x_cp_sys,0.1209396434479761,0.3581666142002739,lp_anchor_branch_lock_20260414,gamma_hat_c_cp_eff,0.078581156843791,LP-anchor swap evidence still identifies the RR-derived patch branch as the ideal residual-side channel; raw is now exported as the primary residual alias and eff is retained only as a supplementary corrected estimate.
concrete,25.0,0.0363045862797611,0.3981074742391441,Gamma_X,Gamma_C,True,0.397500353463618,0.144673805272731,0.0656404800358238,True,0.0509481270774314,0.4271545079763139,True,Gamma_X,Gamma_C,0.0363045862797611,0.3981074742391441,gamma_x_from_lp,gamma_hat_c_cp_eff,0.043690574534840064,0.7380092688582655,0.6936627613871773,0.029943014531588805,aligned,swapped,True,True,True,gamma_hat_c_cp_raw,gamma_hat_x_cp_sys,0.144673805272731,0.397500353463618,lp_anchor_branch_lock_20260414,gamma_hat_c_cp_eff,0.0656404800358238,LP-anchor swap evidence still identifies the RR-derived patch branch as the ideal residual-side channel; raw is now exported as the primary residual alias and eff is retained only as a supplementary corrected estimate.
concrete,30.0,0.0368170583840347,0.3963864577436469,Gamma_X,Gamma_C,True,0.4288091856561488,0.1686557039713827,0.043991661639422,True,0.0550778552307902,0.4512782020174834,True,Gamma_X,Gamma_C,0.0368170583840347,0.3963864577436469,gamma_x_from_lp,gamma_hat_c_cp_eff,0.07315254112059202,0.7557697461463053,0.7443869233763389,0.039597331167889195,aligned,swapped,True,True,True,gamma_hat_c_cp_raw,gamma_hat_x_cp_sys,0.1686557039713827,0.4288091856561488,lp_anchor_branch_lock_20260414,gamma_hat_c_cp_eff,0.043991661639422,LP-anchor swap evidence still identifies the RR-derived patch branch as the ideal residual-side channel; raw is now exported as the primary residual alias and eff is retained only as a supplementary corrected estimate.
concrete,35.0,0.0721330676845982,0.4041395163979329,Gamma_X,Gamma_C,True,0.3769174207147922,0.1667198854136386,0.0279892460630622,True,0.0487412807887855,0.3927622413409775,True,Gamma_X,Gamma_C,0.0721330676845982,0.4041395163979329,gamma_x_from_lp,gamma_hat_c_cp_eff,0.03476906195276811,0.6760274092655267,0.6809346233650646,0.07136591730467672,aligned,swapped,True,True,True,gamma_hat_c_cp_raw,gamma_hat_x_cp_sys,0.1667198854136386,0.3769174207147922,lp_anchor_branch_lock_20260414,gamma_hat_c_cp_eff,0.0279892460630622,LP-anchor swap evidence still identifies the RR-derived patch branch as the ideal residual-side channel; raw is now exported as the primary residual alias and eff is retained only as a supplementary corrected estimate.
concrete,40.0,0.0891683021913119,0.3881332068510975,Gamma_X,Gamma_C,True,0.4195680082846811,0.1943657414262745,0.0334108718780953,True,0.0690024115698849,0.430768146338881,True,Gamma_X,Gamma_C,0.0891683021913119,0.3881332068510975,gamma_x_from_lp,gamma_hat_c_cp_eff,0.06280083010921052,0.6607306394287817,0.6851220410663714,0.08719223174680023,aligned,swapped,True,True,True,gamma_hat_c_cp_raw,gamma_hat_x_cp_sys,0.1943657414262745,0.4195680082846811,lp_anchor_branch_lock_20260414,gamma_hat_c_cp_eff,0.0334108718780953,LP-anchor swap evidence still identifies the RR-derived patch branch as the ideal residual-side channel; raw is now exported as the primary residual alias and eff is retained only as a supplementary corrected estimate.
concrete,45.0,0.1391098164658888,0.3953409002680046,Gamma_X,Gamma_C,True,0.3899263727340747,0.2047457527166243,0.0549708536466748,True,0.1022157099856451,0.3932539738397187,True,Gamma_X,Gamma_C,0.1391098164658888,0.3953409002680046,gamma_x_from_lp,gamma_hat_c_cp_eff,0.0389810329085296,0.5472693476561894,0.5911866028895156,0.0895534903531439,aligned,swapped,True,True,True,gamma_hat_c_cp_raw,gamma_hat_x_cp_sys,0.2047457527166243,0.3899263727340747,lp_anchor_branch_lock_20260414,gamma_hat_c_cp_eff,0.0549708536466748,LP-anchor swap evidence still identifies the RR-derived patch branch as the ideal residual-side channel; raw is now exported as the primary residual alias and eff is retained only as a supplementary corrected estimate.
concrete,50.0,0.168330671745863,0.3858139320805826,Gamma_X,Gamma_C,True,0.4086358950770521,0.2326945843382531,0.0832079271582963,True,0.1408519049693455,0.407521864498714,True,Gamma_X,Gamma_C,0.168330671745863,0.3858139320805826,gamma_x_from_lp,gamma_hat_c_cp_eff,0.04918669919464891,0.48415321986408816,0.5429112282534755,0.1079447075840362,aligned,swapped,True,True,True,gamma_hat_c_cp_raw,gamma_hat_x_cp_sys,0.2326945843382531,0.4086358950770521,lp_anchor_branch_lock_20260414,gamma_hat_c_cp_eff,0.0832079271582963,LP-anchor swap evidence still identifies the RR-derived patch branch as the ideal residual-side channel; raw is now exported as the primary residual alias and eff is retained only as a supplementary corrected estimate.
concrete,55.0,0.1760666249967502,0.3673697688689794,Gamma_X,Gamma_C,True,0.3760306163708141,0.2506421226727904,0.1209207817375696,True,0.1873906000186515,0.3701424714228001,True,Gamma_X,Gamma_C,0.1760666249967502,0.3673697688689794,gamma_x_from_lp,gamma_hat_c_cp_eff,0.014096677575722028,0.3740550152763778,0.4464129785054737,0.0638066907610153,aligned,swapped,True,True,True,gamma_hat_c_cp_raw,gamma_hat_x_cp_sys,0.2506421226727904,0.3760306163708141,lp_anchor_branch_lock_20260414,gamma_hat_c_cp_eff,0.1209207817375696,LP-anchor swap evidence still identifies the RR-derived patch branch as the ideal residual-side channel; raw is now exported as the primary residual alias and eff is retained only as a supplementary corrected estimate.
glass,10.0,0.0072471539531147,0.3377290290066994,Gamma_X,Gamma_C,True,0.4906360878404475,0.1189360057429829,0.200324170296296,True,0.0969413417461157,0.5368126907099182,True,Gamma_X,Gamma_C,0.0072471539531147,0.3377290290066994,gamma_x_from_lp,gamma_hat_c_cp_eff,0.2887778494962198,0.7703532240173872,0.6207937925977361,0.3459840751769294,aligned,swapped,True,True,True,gamma_hat_c_cp_raw,gamma_hat_x_cp_sys,0.1189360057429829,0.4906360878404475,lp_anchor_branch_lock_20260414,gamma_hat_c_cp_eff,0.200324170296296,LP-anchor swap evidence still identifies the RR-derived patch branch as the ideal residual-side channel; raw is now exported as the primary residual alias and eff is retained only as a supplementary corrected estimate.
glass,15.0,0.0232203670932291,0.3779538630143284,Gamma_X,Gamma_C,True,0.4678557101706338,0.1336687003636698,0.1450930500416419,True,0.0895801681968358,0.5081019141939485,True,Gamma_X,Gamma_C,0.0232203670932291,0.3779538630143284,gamma_x_from_lp,gamma_hat_c_cp_eff,0.19650785228322679,0.7732552419182119,0.6774961560500912,0.21177453010471825,aligned,swapped,True,True,True,gamma_hat_c_cp_raw,gamma_hat_x_cp_sys,0.1336687003636698,0.4678557101706338,lp_anchor_branch_lock_20260414,gamma_hat_c_cp_eff,0.1450930500416419,LP-anchor swap evidence still identifies the RR-derived patch branch as the ideal residual-side channel; raw is now exported as the primary residual alias and eff is retained only as a supplementary corrected estimate.
glass,20.0,0.0353123568146561,0.445104887153528,Gamma_X,Gamma_C,True,0.3933502522935989,0.1312014171314794,0.1027210430443334,True,0.0627394980052062,0.4248748043361364,True,Gamma_X,Gamma_C,0.0353123568146561,0.445104887153528,gamma_x_from_lp,gamma_hat_c_cp_eff,0.04765722400794168,0.771927836669802,0.7004217395881374,0.1191633210896064,aligned,swapped,True,True,True,gamma_hat_c_cp_raw,gamma_hat_x_cp_sys,0.1312014171314794,0.3933502522935989,lp_anchor_branch_lock_20260414,gamma_hat_c_cp_eff,0.1027210430443334,LP-anchor swap evidence still identifies the RR-derived patch branch as the ideal residual-side channel; raw is now exported as the primary residual alias and eff is retained only as a supplementary corrected estimate.
glass,25.0,0.0492357796014188,0.4962318833351779,Gamma_X,Gamma_C,True,0.4609640903891519,0.1615018626890175,0.10934988653578,True,0.0651873309921446,0.4968465115947466,True,Gamma_X,Gamma_C,0.0492357796014188,0.4962318833351779,gamma_x_from_lp,gamma_hat_c_cp_eff,0.016566179650294457,0.8786552843363611,0.7986103075871311,0.0953818998803872,aligned,swapped,True,True,True,gamma_hat_c_cp_raw,gamma_hat_x_cp_sys,0.1615018626890175,0.4609640903891519,lp_anchor_branch_lock_20260414,gamma_hat_c_cp_eff,0.10934988653578,LP-anchor swap evidence still identifies the RR-derived patch branch as the ideal residual-side channel; raw is now exported as the primary residual alias and eff is retained only as a supplementary corrected estimate.
glass,30.0,0.0387914198443113,0.5388104018053957,Gamma_X,Gamma_C,True,0.500571581462582,0.1896237625233374,0.172560821076662,True,0.0659760807522034,0.5295737278158614,True,Gamma_X,Gamma_C,0.0387914198443113,0.5388104018053957,gamma_x_from_lp,gamma_hat_c_cp_eff,0.03642133489742642,0.9636166290247425,0.8280297423470044,0.1720082215751645,aligned,swapped,True,True,True,gamma_hat_c_cp_raw,gamma_hat_x_cp_sys,0.1896237625233374,0.500571581462582,lp_anchor_branch_lock_20260414,gamma_hat_c_cp_eff,0.172560821076662,LP-anchor swap evidence still identifies the RR-derived patch branch as the ideal residual-side channel; raw is now exported as the primary residual alias and eff is retained only as a supplementary corrected estimate.
glass,35.0,0.082506344640938,0.576839079708827,Gamma_X,Gamma_C,True,0.4563300789687054,0.193162172150367,0.2178800375810756,True,0.0558105072131624,0.4773300365136794,True,Gamma_X,Gamma_C,0.082506344640938,0.576839079708827,gamma_x_from_lp,gamma_hat_c_cp_eff,0.12620488062292318,0.9158522643684059,0.7327827764555188,0.2558826936802592,aligned,swapped,True,True,True,gamma_hat_c_cp_raw,gamma_hat_x_cp_sys,0.193162172150367,0.4563300789687054,lp_anchor_branch_lock_20260414,gamma_hat_c_cp_eff,0.2178800375810756,LP-anchor swap evidence still identifies the RR-derived patch branch as the ideal residual-side channel; raw is now exported as the primary residual alias and eff is retained only as a supplementary corrected estimate.
glass,40.0,0.0907922944473431,0.5615875840241642,Gamma_X,Gamma_C,True,0.5236626680337939,0.2245113048201447,0.2149185207917507,True,0.075718221217755,0.5404553102437072,True,Gamma_X,Gamma_C,0.0907922944473431,0.5615875840241642,gamma_x_from_lp,gamma_hat_c_cp_eff,0.03620634701004512,0.9355323786027733,0.7795394368188644,0.16205114233477788,aligned,swapped,True,True,True,gamma_hat_c_cp_raw,gamma_hat_x_cp_sys,0.2245113048201447,0.5236626680337939,lp_anchor_branch_lock_20260414,gamma_hat_c_cp_eff,0.2149185207917507,LP-anchor swap evidence still identifies the RR-derived patch branch as the ideal residual-side channel; raw is now exported as the primary residual alias and eff is retained only as a supplementary corrected estimate.
glass,45.0,0.1484559847777511,0.5702421115561912,Gamma_X,Gamma_C,True,0.4788531684774409,0.2352152029975298,0.1634196122436495,True,0.1075552371025192,0.4854834221370545,True,Gamma_X,Gamma_C,0.1484559847777511,0.5702421115561912,gamma_x_from_lp,gamma_hat_c_cp_eff,0.1256594370943686,0.7997143118129755,0.7372196830122315,0.1063525705446487,aligned,swapped,True,True,True,gamma_hat_c_cp_raw,gamma_hat_x_cp_sys,0.2352152029975298,0.4788531684774409,lp_anchor_branch_lock_20260414,gamma_hat_c_cp_eff,0.1634196122436495,LP-anchor swap evidence still identifies the RR-derived patch branch as the ideal residual-side channel; raw is now exported as the primary residual alias and eff is retained only as a supplementary corrected estimate.
glass,50.0,0.1743224936329064,0.5367655465615384,Gamma_X,Gamma_C,True,0.4852858203478523,0.2516139704454451,0.2668038788722057,True,0.1435651523678322,0.4843323803094894,True,Gamma_X,Gamma_C,0.1743224936329064,0.5367655465615384,gamma_x_from_lp,gamma_hat_c_cp_eff,0.0831905075171232,0.7032102808702893,0.5809249944042786,0.14396111145298543,aligned,swapped,True,True,True,gamma_hat_c_cp_raw,gamma_hat_x_cp_sys,0.2516139704454451,0.4852858203478523,lp_anchor_branch_lock_20260414,gamma_hat_c_cp_eff,0.2668038788722057,LP-anchor swap evidence still identifies the RR-derived patch branch as the ideal residual-side channel; raw is now exported as the primary residual alias and eff is retained only as a supplementary corrected estimate.
glass,55.0,0.2172958913687793,0.4664704324177189,Gamma_X,Gamma_C,True,0.4260086553128029,0.2578333983137328,0.1667463622159058,True,0.1849975605805742,0.4186288260292161,True,Gamma_X,Gamma_C,0.2172958913687793,0.4664704324177189,gamma_x_from_lp,gamma_hat_c_cp_eff,0.08013993717670792,0.4828058064975815,0.5084368341458367,0.0910113062577895,aligned,swapped,True,True,True,gamma_hat_c_cp_raw,gamma_hat_x_cp_sys,0.2578333983137328,0.4260086553128029,lp_anchor_branch_lock_20260414,gamma_hat_c_cp_eff,0.1667463622159058,LP-anchor swap evidence still identifies the RR-derived patch branch as the ideal residual-side channel; raw is now exported as the primary residual alias and eff is retained only as a supplementary corrected estimate.
glass,60.0,0.2661154772845818,0.4127092226600837,Gamma_X,Gamma_C,True,0.42398546573758,0.2940884545709019,0.2827622707371315,True,0.2433021654759261,0.4104134408759455,True,Gamma_X,Gamma_C,0.2661154772845818,0.4127092226600837,gamma_x_from_lp,gamma_hat_c_cp_eff,0.025109093592793896,0.3137050207755213,0.2878169403759504,0.02792303653004602,aligned,swapped,True,True,True,gamma_hat_c_cp_raw,gamma_hat_x_cp_sys,0.2940884545709019,0.42398546573758,lp_anchor_branch_lock_20260414,gamma_hat_c_cp_eff,0.2827622707371315,LP-anchor swap evidence still identifies the RR-derived patch branch as the ideal residual-side channel; raw is now exported as the primary residual alias and eff is retained only as a supplementary corrected estimate.
wood,10.0,0.0063902152893628,0.1090575878531232,Gamma_X,Gamma_C,True,0.1563490398649726,0.0393126719972083,0.0621055876909468,True,0.0296426116347673,0.1705400440539252,True,Gamma_X,Gamma_C,0.0063902152893628,0.1090575878531232,gamma_x_from_lp,gamma_hat_c_cp_eff,0.08473485254620651,0.2435648049829183,0.1969108247377862,0.1030068244134334,aligned,swapped,True,True,True,gamma_hat_c_cp_raw,gamma_hat_x_cp_sys,0.0393126719972083,0.1563490398649726,lp_anchor_branch_lock_20260414,gamma_hat_c_cp_eff,0.0621055876909468,LP-anchor swap evidence still identifies the RR-derived patch branch as the ideal residual-side channel; raw is now exported as the primary residual alias and eff is retained only as a supplementary corrected estimate.
wood,15.0,0.0078748714993418,0.1032124712537219,Gamma_X,Gamma_C,True,0.1480457550948733,0.0459238207538264,0.042441649375655,True,0.0250334287561228,0.160016828113279,True,Gamma_X,Gamma_C,0.0078748714993418,0.1032124712537219,gamma_x_from_lp,gamma_hat_c_cp_eff,0.0739629141163381,0.2303209991115363,0.2009417054735984,0.0794000617174646,aligned,swapped,True,True,True,gamma_hat_c_cp_raw,gamma_hat_x_cp_sys,0.0459238207538264,0.1480457550948733,lp_anchor_branch_lock_20260414,gamma_hat_c_cp_eff,0.042441649375655,LP-anchor swap evidence still identifies the RR-derived patch branch as the ideal residual-side channel; raw is now exported as the primary residual alias and eff is retained only as a supplementary corrected estimate.
wood,20.0,0.0146779076212513,0.1146963179276379,Gamma_X,Gamma_C,True,0.1245294830712647,0.0456777241438795,0.0438128385147251,True,0.0170484805370168,0.1335964900381365,True,Gamma_X,Gamma_C,0.0146779076212513,0.1146963179276379,gamma_x_from_lp,gamma_hat_c_cp_eff,0.021270745026264103,0.2165664198075063,0.18073505486292618,0.038968096037100594,aligned,swapped,True,True,True,gamma_hat_c_cp_raw,gamma_hat_x_cp_sys,0.0456777241438795,0.1245294830712647,lp_anchor_branch_lock_20260414,gamma_hat_c_cp_eff,0.0438128385147251,LP-anchor swap evidence still identifies the RR-derived patch branch as the ideal residual-side channel; raw is now exported as the primary residual alias and eff is retained only as a supplementary corrected estimate.
wood,25.0,0.0232886432698549,0.1513541895827181,Gamma_X,Gamma_C,True,0.1590549556806169,0.0657948881141005,0.0460622408460323,True,0.0215057258072488,0.1673552268404759,True,Gamma_X,Gamma_C,0.0232886432698549,0.1513541895827181,gamma_x_from_lp,gamma_hat_c_cp_eff,0.017783954720363912,0.2739150473460903,0.24105826114744777,0.030474363674076195,aligned,swapped,True,True,True,gamma_hat_c_cp_raw,gamma_hat_x_cp_sys,0.0657948881141005,0.1590549556806169,lp_anchor_branch_lock_20260414,gamma_hat_c_cp_eff,0.0460622408460323,LP-anchor swap evidence still identifies the RR-derived patch branch as the ideal residual-side channel; raw is now exported as the primary residual alias and eff is retained only as a supplementary corrected estimate.
wood,30.0,0.0354070969791667,0.1911662632816875,Gamma_X,Gamma_C,True,0.2065652336221194,0.095327292074514,0.0414412843068989,True,0.0305098378139534,0.2140254921811261,True,Gamma_X,Gamma_C,0.0354070969791667,0.1911662632816875,gamma_x_from_lp,gamma_hat_c_cp_eff,0.027756488064651887,0.3392748206696935,0.3208831156177413,0.021433157668164088,aligned,swapped,True,True,True,gamma_hat_c_cp_raw,gamma_hat_x_cp_sys,0.095327292074514,0.2065652336221194,lp_anchor_branch_lock_20260414,gamma_hat_c_cp_eff,0.0414412843068989,LP-anchor swap evidence still identifies the RR-derived patch branch as the ideal residual-side channel; raw is now exported as the primary residual alias and eff is retained only as a supplementary corrected estimate.
wood,35.0,0.0672002918976537,0.2237084159852375,Gamma_X,Gamma_C,True,0.2017785408808866,0.1067832442302419,0.0302335902015456,True,0.0474102667002035,0.2040400271193637,True,Gamma_X,Gamma_C,0.0672002918976537,0.2237084159852375,gamma_x_from_lp,gamma_hat_c_cp_eff,0.039458414063323996,0.313137884506744,0.3280530747669248,0.058896576800459,aligned,swapped,True,True,True,gamma_hat_c_cp_raw,gamma_hat_x_cp_sys,0.1067832442302419,0.2017785408808866,lp_anchor_branch_lock_20260414,gamma_hat_c_cp_eff,0.0302335902015456,LP-anchor swap evidence still identifies the RR-derived patch branch as the ideal residual-side channel; raw is now exported as the primary residual alias and eff is retained only as a supplementary corrected estimate.
wood,40.0,0.0912003629571632,0.2174084497934077,Gamma_X,Gamma_C,True,0.2314228955171055,0.1376300920381835,0.1893063253427066,True,0.0790028554011042,0.2274394038601743,True,Gamma_X,Gamma_C,0.0912003629571632,0.2174084497934077,gamma_x_from_lp,gamma_hat_c_cp_eff,0.0222284616228256,0.2746446352953146,0.16832465701064336,0.11212040810924119,aligned,swapped,True,True,True,gamma_hat_c_cp_raw,gamma_hat_x_cp_sys,0.1376300920381835,0.2314228955171055,lp_anchor_branch_lock_20260414,gamma_hat_c_cp_eff,0.1893063253427066,LP-anchor swap evidence still identifies the RR-derived patch branch as the ideal residual-side channel; raw is now exported as the primary residual alias and eff is retained only as a supplementary corrected estimate.
wood,45.0,0.120131359508785,0.1914757523510673,Gamma_X,Gamma_C,True,0.1937306179464012,0.1339495611910521,0.1064052576033414,True,0.0963700794537991,0.1850355788756791,True,Gamma_X,Gamma_C,0.120131359508785,0.1914757523510673,gamma_x_from_lp,gamma_hat_c_cp_eff,0.03020145353037411,0.1600098922641623,0.15866975318534213,0.015980967500777488,aligned,swapped,True,True,True,gamma_hat_c_cp_raw,gamma_hat_x_cp_sys,0.1339495611910521,0.1937306179464012,lp_anchor_branch_lock_20260414,gamma_hat_c_cp_eff,0.1064052576033414,LP-anchor swap evidence still identifies the RR-derived patch branch as the ideal residual-side channel; raw is now exported as the primary residual alias and eff is retained only as a supplementary corrected estimate.
