material,theta_deg,B_mag,gamma_x_ideal_mag,gamma_c_patch_raw_mag,gamma_c_patch_eff_mag,G_ideal_db,G_patch_raw_db,G_patch_eff_db,Delta_ideal_minus_raw_db,Delta_ideal_minus_eff_db,delta_raw_negative,delta_eff_negative,raw_smaller_than_ideal,eff_smaller_than_ideal,raw_closer_to_ideal_than_eff,gamma_hat_c_metal_floor_mag,G_patch_metal_floor_db,Delta_G_ideal_minus_metal_floor_db,delta_metal_floor_negative,metal_floor_gt_ideal_residual,delta_raw_sign,delta_eff_sign,delta_metal_floor_sign
concrete,20.0,0.4175901108139075,0.0298214555483079,0.1209396434479761,0.078581156843791,22.92442736668508,10.763630429029092,14.508635745856552,12.160796937655988,8.415791620828527,False,False,False,False,False,0.4527763422342832,-0.7026704269692512,23.62709779365433,False,True,nonnegative,nonnegative,nonnegative
concrete,25.0,0.4331430797024195,0.0350617383153366,0.144673805272731,0.0656404800358238,21.83595872100936,9.52482950966824,16.389192633250257,12.311129211341118,5.4467660877591015,False,False,False,False,False,0.4902146988080995,-1.0750989817318135,22.91105770274117,False,True,nonnegative,nonnegative,nonnegative
concrete,30.0,0.4330983018538038,0.0367010964136493,0.1686557039713827,0.043991661639422,21.43814884554638,8.191708943850509,19.8643222914696,13.24643990169587,1.5738265540767813,False,False,False,False,False,0.5348824234699548,-1.833436921551384,23.271585767097765,False,True,nonnegative,nonnegative,nonnegative
concrete,35.0,0.4755852233488534,0.0718692012340339,0.1667198854136386,0.0279892460630622,16.413710687263993,9.104818985958389,24.60474304497122,7.3088917013056065,-8.191032357707225,False,True,False,True,False,0.5921074764774514,-1.9034438495787889,18.317154536842786,False,True,nonnegative,negative,nonnegative
concrete,40.0,0.4771709815540915,0.0890121395064678,0.1943657414262745,0.0334108718780953,14.584495698199111,7.801086109890001,23.095724316952072,6.783409588309111,-8.511228618752959,False,True,False,True,False,0.6895201086603805,-3.197458226342679,17.781953924541792,False,True,nonnegative,negative,nonnegative
concrete,45.0,0.534407699310507,0.1390440168720759,0.2047457527166243,0.0549708536466748,11.694408015245497,8.333156100635572,19.754804505249066,3.361251914609925,-8.060396490003571,False,True,False,True,True,0.777939309574043,-3.261460212761908,14.955868228007404,False,True,nonnegative,negative,nonnegative
concrete,50.0,0.5538722925967425,0.1679339473427754,0.2326945843382531,0.0832079271582963,10.365422876345054,7.532467287705266,16.464898739504072,2.832955588639788,-6.099475863159018,False,True,False,True,True,0.969950014550186,-4.866794274727165,15.23221715107222,False,True,nonnegative,negative,nonnegative
concrete,55.0,0.5422841214347708,0.1754560624150127,0.2506421226727904,0.1209207817375696,9.80117018789593,6.703456563745124,13.034518838321386,3.097713624150807,-3.233348650425455,False,True,False,True,False,1.145869295876628,-6.498163887220715,16.299334075116647,False,True,nonnegative,negative,nonnegative
glass,20.0,0.47810443050184,0.0345795811283431,0.1312014171314794,0.087798882764395,22.814060799852555,11.23168484551135,14.720675573366211,11.582375954341206,8.093385226486342,False,False,False,False,False,0.4914500541008083,-0.2391323794956631,23.05319317934822,False,True,nonnegative,nonnegative,nonnegative
glass,25.0,0.54474312325267,0.0484347263718421,0.1615018626890175,0.0820724541598279,21.020698118471373,10.560284416799895,16.439886728898475,10.460413701671476,4.580811389572897,False,False,False,False,False,0.5411997020105359,0.0566841538365271,20.964013964634844,False,True,nonnegative,nonnegative,nonnegative
glass,30.0,0.5771382407821318,0.0383551467879026,0.1896237625233374,0.0587953695772023,23.549124043075263,9.66774183397104,19.838734534118466,13.881382209104224,3.710389508956801,False,False,False,False,False,0.6011071126589301,-0.353440310319425,23.902564353394688,False,True,nonnegative,nonnegative,nonnegative
glass,35.0,0.6566304288927852,0.0818005559337042,0.193162172150367,0.0353585989998845,18.09129498501625,10.627978479946483,25.376519113780382,7.463316505069768,-7.285224128764135,False,True,False,True,False,0.6884123175593364,-0.4105525588043637,18.501847543820617,False,True,nonnegative,negative,nonnegative
glass,40.0,0.6518532588210412,0.0902949016959289,0.2245113048201447,0.034793243487723,17.169732230508874,9.258232542376415,25.45309849417218,7.911499688132459,-8.283366263663307,False,True,False,True,False,0.7953588546333327,-1.7282655868121406,18.897997817321013,False,True,nonnegative,negative,nonnegative
glass,45.0,0.7169364881352692,0.1473713979419592,0.2352152029975298,0.0521161570066088,13.741349619346332,9.680305909476644,22.77016600752267,4.061043709869688,-9.028816388176336,False,True,False,True,True,0.8915540196174735,-1.893339564610773,15.634689183957104,False,True,nonnegative,negative,nonnegative
glass,50.0,0.7085195743713462,0.1724087748506612,0.2516139704454451,0.0753866673144487,12.275849746575725,8.992342042928366,19.46114617142437,3.283507703647359,-7.185296424848653,False,True,False,True,True,1.0525515484462264,-3.4378304285257784,15.713680175101503,False,True,nonnegative,negative,nonnegative
glass,55.0,0.683581065896279,0.2176624475392341,0.2578333983137328,0.1112145288124696,9.940130331926476,8.469017043661845,15.772569975172894,1.4711132882646307,-5.832439643246417,False,True,False,True,True,1.173392199214072,-4.693063434415939,14.633193766342416,False,True,nonnegative,negative,nonnegative
glass,60.0,0.6774328685370107,0.264492507268833,0.2940884545709019,0.1599021534993352,8.169057818403964,7.247765786185337,12.54023903541767,0.9212920322186272,-4.3711812170137065,False,True,False,True,True,1.5408897537407886,-7.138106056736043,15.307163875140006,False,True,nonnegative,negative,nonnegative
wood,20.0,0.129373516705269,0.0146823452746066,0.0456777241438795,0.0242377573120909,18.90099901383128,9.04281852300577,14.54705901794522,9.85818049082551,4.3539399958860585,False,False,False,False,False,0.170743162952203,-2.409958774978914,21.310957788810192,False,True,nonnegative,nonnegative,nonnegative
wood,25.0,0.1741114397471961,0.0228383757231157,0.0657948881141005,0.0187657694200551,17.643241866696037,8.452703080628638,19.34921862061492,9.1905387860674,-1.7059767539188757,False,True,False,True,False,0.2203539230826974,-2.0458696027353485,19.689111469431385,False,True,nonnegative,negative,nonnegative
wood,30.0,0.2265300669423684,0.0353580732790502,0.095327292074514,0.014900314799573,16.1327452355753,7.518171939296571,23.638608189202245,8.614573296278728,-7.505862953626945,False,True,False,True,False,0.3023063440761009,-2.5064281574227945,18.639173392998096,False,True,nonnegative,negative,nonnegative
wood,35.0,0.2907357395413363,0.0671206300927292,0.1067832442302419,0.0217505146615224,12.73284794413415,8.699906215031245,22.520577685333272,4.032941729102905,-9.787729741199122,False,True,False,True,True,0.3799920815187333,-2.325522493502951,15.058370437637102,False,True,nonnegative,negative,nonnegative
wood,40.0,0.3085528778657093,0.0911287578124849,0.1376300920381835,0.0428095463713937,10.593483020655048,7.0123240223936,17.15577951077939,3.581158998261448,-6.562296490124343,False,True,False,True,True,0.4893107651219109,-4.005103383451429,14.598586404106475,False,True,nonnegative,negative,nonnegative
wood,45.0,0.3115577080577515,0.1200574253173564,0.1339495611910521,0.0582967315994886,8.282989496940548,7.331944102137408,14.557885871446178,0.95104539480314,-6.27489637450563,False,True,False,True,True,0.5069482332854967,-4.228502270812561,12.511491767753109,False,True,nonnegative,negative,nonnegative
