material,theta_i_deg,alpha_deg,gamma_x_mag,gamma_c_raw_mag,gamma_c_cor_mag,xpd_cor_db,gamma_x_metal_norm_mag
concrete,10,80,0.445,0.1084,0.1808,7.8,0.3906
concrete,15,75,0.4277,0.1238,0.1313,10.3,0.3922
concrete,20,70,0.3582,0.1209,0.0786,13.2,0.394
concrete,25,65,0.3975,0.1447,0.0656,15.6,0.3964
concrete,30,60,0.4288,0.1687,0.044,19.8,0.4002
concrete,35,55,0.3769,0.1667,0.028,22.6,0.4035
concrete,40,50,0.4196,0.1944,0.0334,22.0,0.4036
concrete,45,45,0.3899,0.2047,0.055,17.0,0.4039
concrete,50,40,0.4086,0.2327,0.0832,13.8,0.3979
concrete,55,35,0.376,0.2506,0.1209,9.9,0.3902
concrete,56,34,0.3756,0.2571,0.1294,9.3,0.388
concrete,60,30,0.3829,0.2928,0.2283,4.5,0.376
concrete,65,25,0.3547,0.3316,0.3586,-0.1,0.3562
concrete,70,20,0.3198,0.3867,0.3286,-0.2,0.3288
glass,10,80,0.4906,0.1189,0.2003,7.8,0.4226
glass,15,75,0.4679,0.1337,0.1451,10.2,0.4288
glass,20,70,0.3934,0.1312,0.1027,11.7,0.4327
glass,25,65,0.461,0.1615,0.1093,12.5,0.4529
glass,30,60,0.5006,0.1896,0.1726,9.3,0.4683
glass,35,55,0.4563,0.1932,0.2179,6.4,0.4909
glass,40,50,0.5237,0.2245,0.2149,7.7,0.5022
glass,45,45,0.4789,0.2352,0.1634,9.3,0.4954
glass,50,40,0.4853,0.2516,0.2668,5.2,0.4744
glass,55,35,0.426,0.2578,0.1667,8.1,0.4417
glass,56,34,0.4239,0.2635,0.1651,8.2,0.4355
glass,60,30,0.424,0.2941,0.2828,3.5,0.4153
glass,65,25,0.385,0.3257,0.3101,1.9,0.3889
glass,70,20,0.3433,0.3717,0.328,0.4,0.3525
metal,10,80,1.1378,0.266,0.4741,7.6,1.0
metal,15,75,1.0904,0.2901,0.3604,9.6,1.0
metal,20,70,0.909,0.2671,0.2384,11.6,1.0
metal,25,65,1.0013,0.2948,0.2291,12.8,1.0
metal,30,60,1.0719,0.3153,0.2056,14.3,1.0
metal,35,55,0.9345,0.2817,0.1553,15.6,1.0
metal,40,50,1.0392,0.2819,0.1746,15.5,1.0
metal,45,45,0.9654,0.2631,0.1415,16.7,1.0
metal,50,40,1.0272,0.24,0.1663,15.8,1.0
metal,55,35,0.9636,0.2187,0.1479,16.3,1.0
metal,56,34,0.9677,0.2146,0.1465,16.4,1.0
metal,60,30,1.0182,0.1922,0.2894,10.9,1.0
metal,65,25,0.9963,0.1643,0.3364,9.4,1.0
metal,70,20,0.9725,0.1498,0.2205,12.9,1.0
wood,10,80,0.1563,0.0393,0.0621,8.0,0.1385
wood,15,75,0.148,0.0459,0.0424,10.9,0.1359
wood,20,70,0.1245,0.0457,0.0438,9.1,0.1366
wood,25,65,0.1591,0.0658,0.0461,10.8,0.1565
wood,30,60,0.2066,0.0953,0.0414,14.0,0.1932
wood,35,55,0.2018,0.1068,0.0302,16.5,0.2164
wood,40,50,0.2314,0.1376,0.1893,1.7,0.223
wood,45,45,0.1937,0.1339,0.1064,5.2,0.1999
wood,50,40,0.163,0.135,0.1244,2.3,0.1597
wood,55,35,0.1391,0.1414,0.117,1.5,0.144
wood,56,34,0.1404,0.1485,0.1237,1.1,0.1451
wood,60,30,0.1649,0.2057,0.2269,-2.8,0.1622
wood,65,25,0.1873,0.2969,0.3263,-4.8,0.1871
wood,70,20,0.1794,0.3923,0.3615,-6.1,0.1845
