theta_i_deg,gamma_x_mag,gamma_c_raw_mag,gamma_c_cor_mag,xpd_cor_db,gamma_x_metal_norm_mag
10,0.4450,0.1084,0.1808,7.8,0.3906
15,0.4277,0.1238,0.1313,10.3,0.3922
20,0.3582,0.1209,0.0786,13.2,0.3940
25,0.3975,0.1447,0.0656,15.6,0.3964
30,0.4288,0.1687,0.0440,19.8,0.4002
35,0.3769,0.1667,0.0280,22.6,0.4035
40,0.4196,0.1944,0.0334,22.0,0.4036
45,0.3899,0.2047,0.0550,17.0,0.4039
50,0.4086,0.2327,0.0832,13.8,0.3979
55,0.3760,0.2506,0.1209,9.9,0.3902
56,0.3756,0.2571,0.1294,9.3,0.3880
60,0.3829,0.2928,0.1707,7.0,0.3760
65,0.3547,0.3316,0.2286,3.8,0.3562
70,0.3198,0.3867,0.3044,0.4,0.3288
