theta_i_deg,lp_r_te_mag,cp_r_te_mag,fresnel_r_te_mag,lp_r_tm_mag,cp_r_tm_mag,fresnel_r_tm_mag
10,0.3958,0.6256,0.3970,0.3857,0.2646,0.3865
15,0.4037,0.5590,0.4043,0.3799,0.2965,0.3805
20,0.4148,0.4361,0.4148,0.3697,0.2806,0.3717
25,0.4297,0.4601,0.4286,0.3580,0.3360,0.3599
30,0.4473,0.4677,0.4457,0.3433,0.3910,0.3443
35,0.4692,0.3836,0.4659,0.3220,0.3722,0.3239
40,0.4953,0.4069,0.4891,0.2960,0.4344,0.2976
45,0.5209,0.3439,0.5151,0.2618,0.4381,0.2641
50,0.5551,0.3326,0.5446,0.2218,0.4870,0.2224
55,0.5885,0.2590,0.5783,0.1664,0.4949,0.1710
60,0.6294,0.2136,0.6177,0.1064,0.5530,0.1082
65,0.6795,0.1267,0.6635,0.0341,0.5832,0.0340
70,0.7315,0.0217,0.7163,0.0852,0.6240,0.0774
