case,material,f_hz,theta_deg,run_label,observation_distance_lambda_scale,truth_region,truth_region_reason,use_for_main_claim,use_for_caution_only,truth_region_TE,truth_region_reason_TE,use_for_main_claim_TE,use_for_caution_only_TE,truth_region_TM,truth_region_reason_TM,use_for_main_claim_TM,use_for_caution_only_TM,observation_distance_m,surface_reference_point_x_m,surface_reference_point_y_m,surface_reference_point_z_m,refl_plane_center_x_m,refl_plane_center_y_m,refl_plane_center_z_m,trans_plane_center_x_m,trans_plane_center_y_m,trans_plane_center_z_m,Gamma_X_real,Gamma_X_imag,Gamma_X_mag,Gamma_X_phase_deg,Gamma_C_real,Gamma_C_imag,Gamma_C_mag,Gamma_C_phase_deg,cp_truth_region,cp_truth_region_reason,cp_use_for_main_claim,cp_use_for_caution_only,Gamma_same_real,Gamma_flip_real,Gamma_same_imag,Gamma_flip_imag,Gamma_same_mag,Gamma_flip_mag,Gamma_same_phase_deg,Gamma_flip_phase_deg,cp_same_branch_source,cp_flip_branch_source,cp_same_branch_interpretation,cp_flip_branch_interpretation,cp_pec_same_flip_sanity_pass,cp_pec_same_flip_sanity_note,note
pec,pec,6500000000.0,10.0,0.PEC__w_5000mm__l_5000mm__freq_6.5GHz__theta_10deg__sweep_for_wide_plane_kobs5,5.0,main,TE and TM both classified as main.,True,False,main,"TE is validated through 60 deg under the PEC setup (w_plane=5000 mm, k_obs=5).",True,False,main,"TM is validated through 70 deg under the PEC setup (w_plane=5000 mm, k_obs=5).",True,False,0.230609583076923,0.0,0.0,0.0,0.0400449338538382,0.0,-0.2271061053330667,0.0400449338538382,0.0,0.2271061053330667,0.004301351470358206,-0.014169786880055449,0.014808257314679005,-73.11391593201355,-0.9737159099846471,4.9439619065339e-17,0.9737159099846471,180.0,main,CP inherits the TE observation-limit branch; use PEC CP as main only through 60 deg.,True,False,0.004301351470358206,-0.9737159099846471,-0.014169786880055449,4.9439619065339e-17,0.014808257314679005,0.9737159099846471,-73.11391593201355,180.0,Gamma_X,Gamma_C,same_hand,flipped_hand,True,"PEC convention check expects |Gamma_same| <= 0.10 and |Gamma_flip| >= 0.90; same-hand maps to Gamma_X, flipped-hand maps to Gamma_C.",Derived from linear-basis reflection truth table; under the current PEC convention Gamma_same maps to Gamma_X and Gamma_flip maps to Gamma_C.
pec,pec,6500000000.0,15.0,0.PEC__w_5000mm__l_5000mm__freq_6.5GHz__theta_15deg__sweep_for_wide_plane_kobs5,5.0,main,TE and TM both classified as main.,True,False,main,"TE is validated through 60 deg under the PEC setup (w_plane=5000 mm, k_obs=5).",True,False,main,"TM is validated through 70 deg under the PEC setup (w_plane=5000 mm, k_obs=5).",True,False,0.230609583076923,0.0,0.0,0.0,0.0596861520834596,0.0,-0.2227517520837544,0.0596861520834596,0.0,0.2227517520837544,-0.011417119586987878,0.0053827202385118,0.012622372868429564,154.7579767752424,-0.9820099957012265,0.0,0.9820099957012265,180.0,main,CP inherits the TE observation-limit branch; use PEC CP as main only through 60 deg.,True,False,-0.011417119586987878,-0.9820099957012265,0.0053827202385118,0.0,0.012622372868429564,0.9820099957012265,154.7579767752424,180.0,Gamma_X,Gamma_C,same_hand,flipped_hand,True,"PEC convention check expects |Gamma_same| <= 0.10 and |Gamma_flip| >= 0.90; same-hand maps to Gamma_X, flipped-hand maps to Gamma_C.",Derived from linear-basis reflection truth table; under the current PEC convention Gamma_same maps to Gamma_X and Gamma_flip maps to Gamma_C.
pec,pec,6500000000.0,20.0,0.PEC__w_5000mm__l_5000mm__freq_6.5GHz__theta_20deg__sweep_for_wide_plane_kobs5,5.0,main,TE and TM both classified as main.,True,False,main,"TE is validated through 60 deg under the PEC setup (w_plane=5000 mm, k_obs=5).",True,False,main,"TM is validated through 70 deg under the PEC setup (w_plane=5000 mm, k_obs=5).",True,False,0.230609583076923,0.0,0.0,0.0,0.0788731226562419,0.0,-0.2167021234998995,0.0788731226562419,0.0,0.2167021234998995,-0.013555451506997995,-0.0048019492974503,0.014380854724732382,-160.49356973638535,-0.998610114411064,0.0,0.998610114411064,180.0,main,CP inherits the TE observation-limit branch; use PEC CP as main only through 60 deg.,True,False,-0.013555451506997995,-0.998610114411064,-0.0048019492974503,0.0,0.014380854724732382,0.998610114411064,-160.49356973638535,180.0,Gamma_X,Gamma_C,same_hand,flipped_hand,True,"PEC convention check expects |Gamma_same| <= 0.10 and |Gamma_flip| >= 0.90; same-hand maps to Gamma_X, flipped-hand maps to Gamma_C.",Derived from linear-basis reflection truth table; under the current PEC convention Gamma_same maps to Gamma_X and Gamma_flip maps to Gamma_C.
pec,pec,6500000000.0,25.0,0.PEC__w_5000mm__l_5000mm__freq_6.5GHz__theta_25deg__sweep_for_wide_plane_kobs5,5.0,main,TE and TM both classified as main.,True,False,main,"TE is validated through 60 deg under the PEC setup (w_plane=5000 mm, k_obs=5).",True,False,main,"TM is validated through 70 deg under the PEC setup (w_plane=5000 mm, k_obs=5).",True,False,0.230609583076923,0.0,0.0,0.0,0.0974598211407166,0.0,-0.2090032609078906,0.0974598211407166,0.0,0.2090032609078906,-0.00046979531945745556,0.0170965097757973,0.01710296331505499,91.57403571901305,-1.0098577476656982,0.0,1.0098577476656982,180.0,main,CP inherits the TE observation-limit branch; use PEC CP as main only through 60 deg.,True,False,-0.00046979531945745556,-1.0098577476656982,0.0170965097757973,0.0,0.01710296331505499,1.0098577476656982,91.57403571901305,180.0,Gamma_X,Gamma_C,same_hand,flipped_hand,True,"PEC convention check expects |Gamma_same| <= 0.10 and |Gamma_flip| >= 0.90; same-hand maps to Gamma_X, flipped-hand maps to Gamma_C.",Derived from linear-basis reflection truth table; under the current PEC convention Gamma_same maps to Gamma_X and Gamma_flip maps to Gamma_C.
pec,pec,6500000000.0,30.0,0.PEC__w_5000mm__l_5000mm__freq_6.5GHz__theta_30deg__sweep_for_wide_plane_kobs5,5.0,main,TE and TM both classified as main.,True,False,main,"TE is validated through 60 deg under the PEC setup (w_plane=5000 mm, k_obs=5).",True,False,main,"TM is validated through 70 deg under the PEC setup (w_plane=5000 mm, k_obs=5).",True,False,0.230609583076923,0.0,0.0,0.0,0.1153047915384615,0.0,-0.1997137573007534,0.1153047915384615,0.0,0.1997137573007534,0.023365403935784956,0.0074545803242565,0.024525759292898297,17.694945174661825,-1.0006743277571262,0.0,1.0006743277571262,180.0,main,CP inherits the TE observation-limit branch; use PEC CP as main only through 60 deg.,True,False,0.023365403935784956,-1.0006743277571262,0.0074545803242565,0.0,0.024525759292898297,1.0006743277571262,17.694945174661825,180.0,Gamma_X,Gamma_C,same_hand,flipped_hand,True,"PEC convention check expects |Gamma_same| <= 0.10 and |Gamma_flip| >= 0.90; same-hand maps to Gamma_X, flipped-hand maps to Gamma_C.",Derived from linear-basis reflection truth table; under the current PEC convention Gamma_same maps to Gamma_X and Gamma_flip maps to Gamma_C.
pec,pec,6500000000.0,35.0,0.PEC__w_5000mm__l_5000mm__freq_6.5GHz__theta_35deg__sweep_for_wide_plane_kobs5,5.0,main,TE and TM both classified as main.,True,False,main,"TE is validated through 60 deg under the PEC setup (w_plane=5000 mm, k_obs=5).",True,False,main,"TM is validated through 70 deg under the PEC setup (w_plane=5000 mm, k_obs=5).",True,False,0.230609583076923,0.0,0.0,0.0,0.132272222849662,0.0,-0.1889043114100936,0.132272222849662,0.0,0.1889043114100936,0.00043276162771921367,-0.00481912508071395,0.004838517249115933,-84.86855324549443,-1.0088529778104438,-5.0306980803327406e-17,1.0088529778104438,-180.0,main,CP inherits the TE observation-limit branch; use PEC CP as main only through 60 deg.,True,False,0.00043276162771921367,-1.0088529778104438,-0.00481912508071395,-5.0306980803327406e-17,0.004838517249115933,1.0088529778104438,-84.86855324549443,-180.0,Gamma_X,Gamma_C,same_hand,flipped_hand,True,"PEC convention check expects |Gamma_same| <= 0.10 and |Gamma_flip| >= 0.90; same-hand maps to Gamma_X, flipped-hand maps to Gamma_C.",Derived from linear-basis reflection truth table; under the current PEC convention Gamma_same maps to Gamma_X and Gamma_flip maps to Gamma_C.
pec,pec,6500000000.0,40.0,0.PEC__w_5000mm__l_5000mm__freq_6.5GHz__theta_40deg__sweep_for_wide_plane_kobs5,5.0,main,TE and TM both classified as main.,True,False,main,"TE is validated through 60 deg under the PEC setup (w_plane=5000 mm, k_obs=5).",True,False,main,"TM is validated through 70 deg under the PEC setup (w_plane=5000 mm, k_obs=5).",True,False,0.230609583076923,0.0,0.0,0.0,0.1482329826768248,0.0,-0.1766571896460612,0.1482329826768248,0.0,0.1766571896460612,0.010482032915765882,0.01023233432094,0.014648333683483799,44.309369068640486,-0.9767129955543725,9.974659986866641e-17,0.9767129955543725,180.0,main,CP inherits the TE observation-limit branch; use PEC CP as main only through 60 deg.,True,False,0.010482032915765882,-0.9767129955543725,0.01023233432094,9.974659986866641e-17,0.014648333683483799,0.9767129955543725,44.309369068640486,180.0,Gamma_X,Gamma_C,same_hand,flipped_hand,True,"PEC convention check expects |Gamma_same| <= 0.10 and |Gamma_flip| >= 0.90; same-hand maps to Gamma_X, flipped-hand maps to Gamma_C.",Derived from linear-basis reflection truth table; under the current PEC convention Gamma_same maps to Gamma_X and Gamma_flip maps to Gamma_C.
pec,pec,6500000000.0,45.0,0.PEC__w_5000mm__l_5000mm__freq_6.5GHz__theta_45deg__sweep_for_wide_plane_kobs5,5.0,main,TE and TM both classified as main.,True,False,main,"TE is validated through 60 deg under the PEC setup (w_plane=5000 mm, k_obs=5).",True,False,main,"TM is validated through 70 deg under the PEC setup (w_plane=5000 mm, k_obs=5).",True,False,0.230609583076923,0.0,0.0,0.0,0.1630656000002948,0.0,-0.1630656000002948,0.1630656000002948,0.0,0.1630656000002948,-0.013086605636179305,0.0126680783926348,0.01821371618420636,135.9310047877326,-0.9993755298568716,0.0,0.9993755298568716,180.0,main,CP inherits the TE observation-limit branch; use PEC CP as main only through 60 deg.,True,False,-0.013086605636179305,-0.9993755298568716,0.0126680783926348,0.0,0.01821371618420636,0.9993755298568716,135.9310047877326,180.0,Gamma_X,Gamma_C,same_hand,flipped_hand,True,"PEC convention check expects |Gamma_same| <= 0.10 and |Gamma_flip| >= 0.90; same-hand maps to Gamma_X, flipped-hand maps to Gamma_C.",Derived from linear-basis reflection truth table; under the current PEC convention Gamma_same maps to Gamma_X and Gamma_flip maps to Gamma_C.
pec,pec,6500000000.0,50.0,0.PEC__w_5000mm__l_5000mm__freq_6.5GHz__theta_50deg__sweep_for_wide_plane_kobs5,5.0,main,TE and TM both classified as main.,True,False,main,"TE is validated through 60 deg under the PEC setup (w_plane=5000 mm, k_obs=5).",True,False,main,"TM is validated through 70 deg under the PEC setup (w_plane=5000 mm, k_obs=5).",True,False,0.230609583076923,0.0,0.0,0.0,0.1766571896460612,0.0,-0.1482329826768248,0.1766571896460612,0.0,0.1482329826768248,-0.0008090610109096619,0.02119578201536545,0.021211217668070437,92.18596734249866,-0.9991946050274176,-5.0306980803327406e-17,0.9991946050274176,-180.0,main,CP inherits the TE observation-limit branch; use PEC CP as main only through 60 deg.,True,False,-0.0008090610109096619,-0.9991946050274176,0.02119578201536545,-5.0306980803327406e-17,0.021211217668070437,0.9991946050274176,92.18596734249866,-180.0,Gamma_X,Gamma_C,same_hand,flipped_hand,True,"PEC convention check expects |Gamma_same| <= 0.10 and |Gamma_flip| >= 0.90; same-hand maps to Gamma_X, flipped-hand maps to Gamma_C.",Derived from linear-basis reflection truth table; under the current PEC convention Gamma_same maps to Gamma_X and Gamma_flip maps to Gamma_C.
pec,pec,6500000000.0,55.0,0.PEC__w_5000mm__l_5000mm__freq_6.5GHz__theta_55deg__sweep_for_wide_plane_kobs5,5.0,main,TE and TM both classified as main.,True,False,main,"TE is validated through 60 deg under the PEC setup (w_plane=5000 mm, k_obs=5).",True,False,main,"TM is validated through 70 deg under the PEC setup (w_plane=5000 mm, k_obs=5).",True,False,0.230609583076923,0.0,0.0,0.0,0.1889043114100936,0.0,-0.132272222849662,0.1889043114100936,0.0,0.132272222849662,0.02271811291306397,-0.0126161285545234,0.025986137728315546,-29.044879845593158,-0.9763436285221267,0.0,0.9763436285221267,180.0,main,CP inherits the TE observation-limit branch; use PEC CP as main only through 60 deg.,True,False,0.02271811291306397,-0.9763436285221267,-0.0126161285545234,0.0,0.025986137728315546,0.9763436285221267,-29.044879845593158,180.0,Gamma_X,Gamma_C,same_hand,flipped_hand,True,"PEC convention check expects |Gamma_same| <= 0.10 and |Gamma_flip| >= 0.90; same-hand maps to Gamma_X, flipped-hand maps to Gamma_C.",Derived from linear-basis reflection truth table; under the current PEC convention Gamma_same maps to Gamma_X and Gamma_flip maps to Gamma_C.
pec,pec,6500000000.0,60.0,0.PEC__w_5000mm__l_5000mm__freq_6.5GHz__theta_60deg__sweep_for_wide_plane_kobs5,5.0,main,TE and TM both classified as main.,True,False,main,"TE is validated through 60 deg under the PEC setup (w_plane=5000 mm, k_obs=5).",True,False,main,"TM is validated through 70 deg under the PEC setup (w_plane=5000 mm, k_obs=5).",True,False,0.230609583076923,0.0,0.0,0.0,0.1997137573007533,0.0,-0.1153047915384615,0.1997137573007533,0.0,0.1153047915384615,0.006445895276564306,0.0337758850671152,0.03438546172415617,79.19541605838056,-0.9931972403270222,0.0,0.9931972403270222,180.0,main,CP inherits the TE observation-limit branch; use PEC CP as main only through 60 deg.,True,False,0.006445895276564306,-0.9931972403270222,0.0337758850671152,0.0,0.03438546172415617,0.9931972403270222,79.19541605838056,180.0,Gamma_X,Gamma_C,same_hand,flipped_hand,True,"PEC convention check expects |Gamma_same| <= 0.10 and |Gamma_flip| >= 0.90; same-hand maps to Gamma_X, flipped-hand maps to Gamma_C.",Derived from linear-basis reflection truth table; under the current PEC convention Gamma_same maps to Gamma_X and Gamma_flip maps to Gamma_C.
pec,pec,6500000000.0,65.0,0.PEC__w_5000mm__l_5000mm__freq_6.5GHz__theta_65deg__sweep_for_wide_plane_kobs5,5.0,mixed,"Polarization split: TE=caution, TM=main. Use row-level results only as caution.",False,True,caution,TE 65 deg is near the PEC transmission limit; keep it out of main claims.,False,True,main,"TM is validated through 70 deg under the PEC setup (w_plane=5000 mm, k_obs=5).",True,False,0.230609583076923,0.0,0.0,0.0,0.2090032609078906,0.0,-0.0974598211407166,0.2090032609078906,0.0,0.0974598211407166,0.006902177766638429,0.04198532234257825,0.04254888189050893,80.66436248161347,-0.9930499126374264,-4.85722573273506e-17,0.9930499126374264,-180.0,caution,CP inherits the TE observation-limit branch; use PEC CP as main only through 60 deg. Rows above the main-angle lock are caution-only.,False,True,0.006902177766638429,-0.9930499126374264,0.04198532234257825,-4.85722573273506e-17,0.04254888189050893,0.9930499126374264,80.66436248161347,-180.0,Gamma_X,Gamma_C,same_hand,flipped_hand,True,"PEC convention check expects |Gamma_same| <= 0.10 and |Gamma_flip| >= 0.90; same-hand maps to Gamma_X, flipped-hand maps to Gamma_C.",Derived from linear-basis reflection truth table; under the current PEC convention Gamma_same maps to Gamma_X and Gamma_flip maps to Gamma_C.
pec,pec,6500000000.0,70.0,0.PEC__w_5000mm__l_5000mm__freq_6.5GHz__theta_70deg__sweep_for_wide_plane_kobs5,5.0,mixed,"Polarization split: TE=exclude, TM=main. Main-use eligibility differs by polarization.",False,True,exclude,TE 70 deg is beyond the reliable PEC trust region for main use.,False,False,main,"TM is validated through 70 deg under the PEC setup (w_plane=5000 mm, k_obs=5).",True,False,0.230609583076923,0.0,0.0,0.0,0.2167021234998995,0.0,-0.0788731226562419,0.2167021234998995,0.0,0.0788731226562419,0.037236415319272465,-0.03510259971804085,0.05117365662911289,-43.31041122668453,-0.9570078836970699,5.204170427930421e-17,0.9570078836970699,180.0,exclude,At least one linear branch is already excluded; CP cannot be a main or caution truth row.,False,False,0.037236415319272465,-0.9570078836970699,-0.03510259971804085,5.204170427930421e-17,0.05117365662911289,0.9570078836970699,-43.31041122668453,180.0,Gamma_X,Gamma_C,same_hand,flipped_hand,True,"PEC convention check expects |Gamma_same| <= 0.10 and |Gamma_flip| >= 0.90; same-hand maps to Gamma_X, flipped-hand maps to Gamma_C.",Derived from linear-basis reflection truth table; under the current PEC convention Gamma_same maps to Gamma_X and Gamma_flip maps to Gamma_C.
slab_concrete,concrete,6500000000.0,10.0,2.concrete__w_5000mm__l_5000mm__freq_6.5GHz__materials_kobs5_w5000,5.0,main,TE and TM both classified as main.,True,False,main,"TE is validated through 60 deg under the PEC setup (w_plane=5000 mm, k_obs=5).",True,False,main,"TM is validated through 70 deg under the PEC setup (w_plane=5000 mm, k_obs=5).",True,False,0.230609583076923,0.0,0.0,0.0,0.0400449338538382,0.0,-0.2271061053330667,0.0400449338538382,0.0,0.2271061053330667,-0.0032005645096608304,-0.009394668951042299,0.00992488880946173,-108.81288811024713,-0.36649992471046394,0.0279312272231456,0.3675627133795902,175.64187117102315,main,"CP main claim is limited by TM material sanity, which first fails at 60 deg.",True,False,-0.0032005645096608304,-0.36649992471046394,-0.009394668951042299,0.0279312272231456,0.00992488880946173,0.3675627133795902,-108.81288811024713,175.64187117102315,Gamma_X,Gamma_C,same_hand,flipped_hand,True,"PEC convention check expects |Gamma_same| <= 0.10 and |Gamma_flip| >= 0.90; same-hand maps to Gamma_X, flipped-hand maps to Gamma_C.",Derived from linear-basis reflection truth table; under the current PEC convention Gamma_same maps to Gamma_X and Gamma_flip maps to Gamma_C.
slab_concrete,concrete,6500000000.0,15.0,2.concrete__w_5000mm__l_5000mm__freq_6.5GHz__materials_kobs5_w5000,5.0,main,TE and TM both classified as main.,True,False,main,"TE is validated through 60 deg under the PEC setup (w_plane=5000 mm, k_obs=5).",True,False,main,"TM is validated through 70 deg under the PEC setup (w_plane=5000 mm, k_obs=5).",True,False,0.230609583076923,0.0,0.0,0.0,0.0596861520834596,0.0,-0.2227517520837544,0.0596861520834596,0.0,0.2227517520837544,-0.017879201900561553,0.0055859050612663,0.018731476075166217,162.64990372750904,-0.37414780969499783,0.0288445281231101,0.3752580316291834,175.5915627275296,main,"CP main claim is limited by TM material sanity, which first fails at 60 deg.",True,False,-0.017879201900561553,-0.37414780969499783,0.0055859050612663,0.0288445281231101,0.018731476075166217,0.3752580316291834,162.64990372750904,175.5915627275296,Gamma_X,Gamma_C,same_hand,flipped_hand,True,"PEC convention check expects |Gamma_same| <= 0.10 and |Gamma_flip| >= 0.90; same-hand maps to Gamma_X, flipped-hand maps to Gamma_C.",Derived from linear-basis reflection truth table; under the current PEC convention Gamma_same maps to Gamma_X and Gamma_flip maps to Gamma_C.
slab_concrete,concrete,6500000000.0,20.0,2.concrete__w_5000mm__l_5000mm__freq_6.5GHz__materials_kobs5_w5000,5.0,main,TE and TM both classified as main.,True,False,main,"TE is validated through 60 deg under the PEC setup (w_plane=5000 mm, k_obs=5).",True,False,main,"TM is validated through 70 deg under the PEC setup (w_plane=5000 mm, k_obs=5).",True,False,0.230609583076923,0.0,0.0,0.0,0.0788731226562419,0.0,-0.2167021234998995,0.0788731226562419,0.0,0.2167021234998995,-0.029942158851367334,-0.00014952734775190019,0.029942532209354653,-179.71387451478134,-0.38617432034839927,0.0352005813684473,0.3877753043003445,174.79176490665128,main,"CP main claim is limited by TM material sanity, which first fails at 60 deg.",True,False,-0.029942158851367334,-0.38617432034839927,-0.00014952734775190019,0.0352005813684473,0.029942532209354653,0.3877753043003445,-179.71387451478134,174.79176490665128,Gamma_X,Gamma_C,same_hand,flipped_hand,True,"PEC convention check expects |Gamma_same| <= 0.10 and |Gamma_flip| >= 0.90; same-hand maps to Gamma_X, flipped-hand maps to Gamma_C.",Derived from linear-basis reflection truth table; under the current PEC convention Gamma_same maps to Gamma_X and Gamma_flip maps to Gamma_C.
slab_concrete,concrete,6500000000.0,25.0,2.concrete__w_5000mm__l_5000mm__freq_6.5GHz__materials_kobs5_w5000,5.0,main,TE and TM both classified as main.,True,False,main,"TE is validated through 60 deg under the PEC setup (w_plane=5000 mm, k_obs=5).",True,False,main,"TM is validated through 70 deg under the PEC setup (w_plane=5000 mm, k_obs=5).",True,False,0.230609583076923,0.0,0.0,0.0,0.0974598211407166,0.0,-0.2090032609078906,0.0974598211407166,0.0,0.2090032609078906,-0.03400876802653566,0.012705380051848302,0.03630458627976112,159.51474894626645,-0.39681311288161436,0.032076696997571805,0.39810747423914417,175.378499842366,main,"CP main claim is limited by TM material sanity, which first fails at 60 deg.",True,False,-0.03400876802653566,-0.39681311288161436,0.012705380051848302,0.032076696997571805,0.03630458627976112,0.39810747423914417,159.51474894626645,175.378499842366,Gamma_X,Gamma_C,same_hand,flipped_hand,True,"PEC convention check expects |Gamma_same| <= 0.10 and |Gamma_flip| >= 0.90; same-hand maps to Gamma_X, flipped-hand maps to Gamma_C.",Derived from linear-basis reflection truth table; under the current PEC convention Gamma_same maps to Gamma_X and Gamma_flip maps to Gamma_C.
slab_concrete,concrete,6500000000.0,30.0,2.concrete__w_5000mm__l_5000mm__freq_6.5GHz__materials_kobs5_w5000,5.0,main,TE and TM both classified as main.,True,False,main,"TE is validated through 60 deg under the PEC setup (w_plane=5000 mm, k_obs=5).",True,False,main,"TM is validated through 70 deg under the PEC setup (w_plane=5000 mm, k_obs=5).",True,False,0.230609583076923,0.0,0.0,0.0,0.1153047915384615,0.0,-0.1997137573007534,0.1153047915384615,0.0,0.1997137573007534,-0.036339239372899096,0.00591231510091985,0.03681705838403476,170.75907133185058,-0.3950469196152626,0.03256002434041215,0.39638645774364695,175.28829441609832,main,"CP main claim is limited by TM material sanity, which first fails at 60 deg.",True,False,-0.036339239372899096,-0.3950469196152626,0.00591231510091985,0.03256002434041215,0.03681705838403476,0.39638645774364695,170.75907133185058,175.28829441609832,Gamma_X,Gamma_C,same_hand,flipped_hand,True,"PEC convention check expects |Gamma_same| <= 0.10 and |Gamma_flip| >= 0.90; same-hand maps to Gamma_X, flipped-hand maps to Gamma_C.",Derived from linear-basis reflection truth table; under the current PEC convention Gamma_same maps to Gamma_X and Gamma_flip maps to Gamma_C.
slab_concrete,concrete,6500000000.0,35.0,2.concrete__w_5000mm__l_5000mm__freq_6.5GHz__materials_kobs5_w5000,5.0,main,TE and TM both classified as main.,True,False,main,"TE is validated through 60 deg under the PEC setup (w_plane=5000 mm, k_obs=5).",True,False,main,"TM is validated through 70 deg under the PEC setup (w_plane=5000 mm, k_obs=5).",True,False,0.230609583076923,0.0,0.0,0.0,0.132272222849662,0.0,-0.1889043114100936,0.132272222849662,0.0,0.1889043114100936,-0.07190326449250894,-0.0057532607198994504,0.07213306768459826,-175.425287311024,-0.40314671560560794,0.028310323395646854,0.4041395163979329,175.98309116213892,main,"CP main claim is limited by TM material sanity, which first fails at 60 deg.",True,False,-0.07190326449250894,-0.40314671560560794,-0.0057532607198994504,0.028310323395646854,0.07213306768459826,0.4041395163979329,-175.425287311024,175.98309116213892,Gamma_X,Gamma_C,same_hand,flipped_hand,True,"PEC convention check expects |Gamma_same| <= 0.10 and |Gamma_flip| >= 0.90; same-hand maps to Gamma_X, flipped-hand maps to Gamma_C.",Derived from linear-basis reflection truth table; under the current PEC convention Gamma_same maps to Gamma_X and Gamma_flip maps to Gamma_C.
slab_concrete,concrete,6500000000.0,40.0,2.concrete__w_5000mm__l_5000mm__freq_6.5GHz__materials_kobs5_w5000,5.0,main,TE and TM both classified as main.,True,False,main,"TE is validated through 60 deg under the PEC setup (w_plane=5000 mm, k_obs=5).",True,False,main,"TM is validated through 70 deg under the PEC setup (w_plane=5000 mm, k_obs=5).",True,False,0.230609583076923,0.0,0.0,0.0,0.1482329826768248,0.0,-0.1766571896460612,0.1482329826768248,0.0,0.1766571896460612,-0.08840952120608717,0.011607871285965448,0.0891683021913119,172.5200438304498,-0.3871678756126903,0.02735730896987575,0.38813320685109753,175.95819401325318,main,"CP main claim is limited by TM material sanity, which first fails at 60 deg.",True,False,-0.08840952120608717,-0.3871678756126903,0.011607871285965448,0.02735730896987575,0.0891683021913119,0.38813320685109753,172.5200438304498,175.95819401325318,Gamma_X,Gamma_C,same_hand,flipped_hand,True,"PEC convention check expects |Gamma_same| <= 0.10 and |Gamma_flip| >= 0.90; same-hand maps to Gamma_X, flipped-hand maps to Gamma_C.",Derived from linear-basis reflection truth table; under the current PEC convention Gamma_same maps to Gamma_X and Gamma_flip maps to Gamma_C.
slab_concrete,concrete,6500000000.0,45.0,2.concrete__w_5000mm__l_5000mm__freq_6.5GHz__materials_kobs5_w5000,5.0,main,TE and TM both classified as main.,True,False,main,"TE is validated through 60 deg under the PEC setup (w_plane=5000 mm, k_obs=5).",True,False,main,"TM is validated through 70 deg under the PEC setup (w_plane=5000 mm, k_obs=5).",True,False,0.230609583076923,0.0,0.0,0.0,0.1630656000002948,0.0,-0.1630656000002948,0.1630656000002948,0.0,0.1630656000002948,-0.13869398534807292,0.010747998206262401,0.13910981646588885,175.56875790867764,-0.3948774740259116,0.019136560078339,0.3953409002680046,177.22550145593834,main,"CP main claim is limited by TM material sanity, which first fails at 60 deg.",True,False,-0.13869398534807292,-0.3948774740259116,0.010747998206262401,0.019136560078339,0.13910981646588885,0.3953409002680046,175.56875790867764,177.22550145593834,Gamma_X,Gamma_C,same_hand,flipped_hand,True,"PEC convention check expects |Gamma_same| <= 0.10 and |Gamma_flip| >= 0.90; same-hand maps to Gamma_X, flipped-hand maps to Gamma_C.",Derived from linear-basis reflection truth table; under the current PEC convention Gamma_same maps to Gamma_X and Gamma_flip maps to Gamma_C.
slab_concrete,concrete,6500000000.0,50.0,2.concrete__w_5000mm__l_5000mm__freq_6.5GHz__materials_kobs5_w5000,5.0,main,TE and TM both classified as main.,True,False,main,"TE is validated through 60 deg under the PEC setup (w_plane=5000 mm, k_obs=5).",True,False,main,"TM is validated through 70 deg under the PEC setup (w_plane=5000 mm, k_obs=5).",True,False,0.230609583076923,0.0,0.0,0.0,0.1766571896460612,0.0,-0.1482329826768248,0.1766571896460612,0.0,0.1482329826768248,-0.16736354718380933,0.0180182719611597,0.168330671745863,173.85523384038464,-0.38551946932953307,0.0150707980994929,0.3858139320805826,177.76132275160046,main,"CP main claim is limited by TM material sanity, which first fails at 60 deg.",True,False,-0.16736354718380933,-0.38551946932953307,0.0180182719611597,0.0150707980994929,0.168330671745863,0.3858139320805826,173.85523384038464,177.76132275160046,Gamma_X,Gamma_C,same_hand,flipped_hand,True,"PEC convention check expects |Gamma_same| <= 0.10 and |Gamma_flip| >= 0.90; same-hand maps to Gamma_X, flipped-hand maps to Gamma_C.",Derived from linear-basis reflection truth table; under the current PEC convention Gamma_same maps to Gamma_X and Gamma_flip maps to Gamma_C.
slab_concrete,concrete,6500000000.0,55.0,2.concrete__w_5000mm__l_5000mm__freq_6.5GHz__materials_kobs5_w5000,5.0,main,TE and TM both classified as main.,True,False,main,"TE is validated through 60 deg under the PEC setup (w_plane=5000 mm, k_obs=5).",True,False,main,"TM is validated through 70 deg under the PEC setup (w_plane=5000 mm, k_obs=5).",True,False,0.230609583076923,0.0,0.0,0.0,0.1889043114100936,0.0,-0.132272222849662,0.1889043114100936,0.0,0.132272222849662,-0.17516045778361597,-0.0178401364002731,0.17606662499675022,-174.18446431243828,-0.36710892109533755,0.013841500318411998,0.36736976886897943,177.84073875248941,main,"CP main claim is limited by TM material sanity, which first fails at 60 deg.",True,False,-0.17516045778361597,-0.36710892109533755,-0.0178401364002731,0.013841500318411998,0.17606662499675022,0.36736976886897943,-174.18446431243828,177.84073875248941,Gamma_X,Gamma_C,same_hand,flipped_hand,True,"PEC convention check expects |Gamma_same| <= 0.10 and |Gamma_flip| >= 0.90; same-hand maps to Gamma_X, flipped-hand maps to Gamma_C.",Derived from linear-basis reflection truth table; under the current PEC convention Gamma_same maps to Gamma_X and Gamma_flip maps to Gamma_C.
slab_concrete,concrete,6500000000.0,60.0,2.concrete__w_5000mm__l_5000mm__freq_6.5GHz__materials_kobs5_w5000,5.0,main,TE and TM both classified as main.,True,False,main,"TE is validated through 60 deg under the PEC setup (w_plane=5000 mm, k_obs=5).",True,False,main,"TM is validated through 70 deg under the PEC setup (w_plane=5000 mm, k_obs=5).",True,False,0.230609583076923,0.0,0.0,0.0,0.1997137573007533,0.0,-0.1153047915384615,0.1997137573007533,0.0,0.1153047915384615,-0.24834691247276014,0.0305568204722231,0.2502197198706058,172.98553306119808,-0.35671894350156,0.014222701796582499,0.35700236679784586,177.71677563016465,caution,"CP main claim is limited by TM material sanity, which first fails at 60 deg. Rows above the main-angle lock are caution-only.",False,True,-0.24834691247276014,-0.35671894350156,0.0305568204722231,0.014222701796582499,0.2502197198706058,0.35700236679784586,172.98553306119808,177.71677563016465,Gamma_X,Gamma_C,same_hand,flipped_hand,True,"PEC convention check expects |Gamma_same| <= 0.10 and |Gamma_flip| >= 0.90; same-hand maps to Gamma_X, flipped-hand maps to Gamma_C.",Derived from linear-basis reflection truth table; under the current PEC convention Gamma_same maps to Gamma_X and Gamma_flip maps to Gamma_C.
slab_concrete,concrete,6500000000.0,65.0,2.concrete__w_5000mm__l_5000mm__freq_6.5GHz__materials_kobs5_w5000,5.0,mixed,"Polarization split: TE=caution, TM=main. Use row-level results only as caution.",False,True,caution,TE 65 deg is near the PEC transmission limit; keep it out of main claims.,False,True,main,"TM is validated through 70 deg under the PEC setup (w_plane=5000 mm, k_obs=5).",True,False,0.230609583076923,0.0,0.0,0.0,0.2090032609078906,0.0,-0.0974598211407166,0.2090032609078906,0.0,0.0974598211407166,-0.30489726764752323,0.03664581638479805,0.3070916144694182,173.14645556425918,-0.33966247425907836,0.01630412748747475,0.34005355606569815,177.25185649694617,caution,"CP main claim is limited by TM material sanity, which first fails at 60 deg. Rows above the main-angle lock are caution-only.",False,True,-0.30489726764752323,-0.33966247425907836,0.03664581638479805,0.01630412748747475,0.3070916144694182,0.34005355606569815,173.14645556425918,177.25185649694617,Gamma_X,Gamma_C,same_hand,flipped_hand,True,"PEC convention check expects |Gamma_same| <= 0.10 and |Gamma_flip| >= 0.90; same-hand maps to Gamma_X, flipped-hand maps to Gamma_C.",Derived from linear-basis reflection truth table; under the current PEC convention Gamma_same maps to Gamma_X and Gamma_flip maps to Gamma_C.
slab_concrete,concrete,6500000000.0,70.0,2.concrete__w_5000mm__l_5000mm__freq_6.5GHz__materials_kobs5_w5000,5.0,mixed,"Polarization split: TE=exclude, TM=main. Main-use eligibility differs by polarization.",False,True,exclude,TE 70 deg is beyond the reliable PEC trust region for main use.,False,False,main,"TM is validated through 70 deg under the PEC setup (w_plane=5000 mm, k_obs=5).",True,False,0.230609583076923,0.0,0.0,0.0,0.2167021234998995,0.0,-0.0788731226562419,0.2167021234998995,0.0,0.0788731226562419,-0.34289300281441754,-0.04335550614956925,0.34562307690976524,-172.79374260715892,-0.3035677629077432,0.01660034576521715,0.3040213120100901,176.86994637778236,exclude,At least one linear branch is already excluded; CP cannot be a main or caution truth row.,False,False,-0.34289300281441754,-0.3035677629077432,-0.04335550614956925,0.01660034576521715,0.34562307690976524,0.3040213120100901,-172.79374260715892,176.86994637778236,Gamma_X,Gamma_C,same_hand,flipped_hand,True,"PEC convention check expects |Gamma_same| <= 0.10 and |Gamma_flip| >= 0.90; same-hand maps to Gamma_X, flipped-hand maps to Gamma_C.",Derived from linear-basis reflection truth table; under the current PEC convention Gamma_same maps to Gamma_X and Gamma_flip maps to Gamma_C.
slab_glass,glass,6500000000.0,10.0,2.glass__w_5000mm__l_5000mm__freq_6.5GHz__materials_kobs5_w5000,5.0,main,TE and TM both classified as main.,True,False,main,"TE is validated through 60 deg under the PEC setup (w_plane=5000 mm, k_obs=5).",True,False,main,"TM is validated through 70 deg under the PEC setup (w_plane=5000 mm, k_obs=5).",True,False,0.230609583076923,0.0,0.0,0.0,0.0400449338538382,0.0,-0.2271061053330667,0.0400449338538382,0.0,0.2271061053330667,0.0018027607209260832,-0.007019351409014454,0.007247153953114777,-75.59618957595322,-0.2957168549184285,0.16313319328377396,0.33772902900669943,151.11652774466683,main,CP main claim is limited by TM material sanity at 65 deg and by the TE main region ending at 60 deg.,True,False,0.0018027607209260832,-0.2957168549184285,-0.007019351409014454,0.16313319328377396,0.007247153953114777,0.33772902900669943,-75.59618957595322,151.11652774466683,Gamma_X,Gamma_C,same_hand,flipped_hand,True,"PEC convention check expects |Gamma_same| <= 0.10 and |Gamma_flip| >= 0.90; same-hand maps to Gamma_X, flipped-hand maps to Gamma_C.",Derived from linear-basis reflection truth table; under the current PEC convention Gamma_same maps to Gamma_X and Gamma_flip maps to Gamma_C.
slab_glass,glass,6500000000.0,15.0,2.glass__w_5000mm__l_5000mm__freq_6.5GHz__materials_kobs5_w5000,5.0,main,TE and TM both classified as main.,True,False,main,"TE is validated through 60 deg under the PEC setup (w_plane=5000 mm, k_obs=5).",True,False,main,"TM is validated through 70 deg under the PEC setup (w_plane=5000 mm, k_obs=5).",True,False,0.230609583076923,0.0,0.0,0.0,0.0596861520834596,0.0,-0.2227517520837544,0.0596861520834596,0.0,0.2227517520837544,-0.021875049645272565,0.007788944149317051,0.02322036709322916,160.40095456088167,-0.3342399889342206,0.17644475726046896,0.3779538630143284,152.170498174628,main,CP main claim is limited by TM material sanity at 65 deg and by the TE main region ending at 60 deg.,True,False,-0.021875049645272565,-0.3342399889342206,0.007788944149317051,0.17644475726046896,0.02322036709322916,0.3779538630143284,160.40095456088167,152.170498174628,Gamma_X,Gamma_C,same_hand,flipped_hand,True,"PEC convention check expects |Gamma_same| <= 0.10 and |Gamma_flip| >= 0.90; same-hand maps to Gamma_X, flipped-hand maps to Gamma_C.",Derived from linear-basis reflection truth table; under the current PEC convention Gamma_same maps to Gamma_X and Gamma_flip maps to Gamma_C.
slab_glass,glass,6500000000.0,20.0,2.glass__w_5000mm__l_5000mm__freq_6.5GHz__materials_kobs5_w5000,5.0,main,TE and TM both classified as main.,True,False,main,"TE is validated through 60 deg under the PEC setup (w_plane=5000 mm, k_obs=5).",True,False,main,"TM is validated through 70 deg under the PEC setup (w_plane=5000 mm, k_obs=5).",True,False,0.230609583076923,0.0,0.0,0.0,0.0788731226562419,0.0,-0.2167021234998995,0.0788731226562419,0.0,0.2167021234998995,-0.03523307299112344,0.00236497598460525,0.03531235681465613,176.15985289058523,-0.40179016641465415,0.19152812519428955,0.44510488715352803,154.5134720054652,main,CP main claim is limited by TM material sanity at 65 deg and by the TE main region ending at 60 deg.,True,False,-0.03523307299112344,-0.40179016641465415,0.00236497598460525,0.19152812519428955,0.03531235681465613,0.44510488715352803,176.15985289058523,154.5134720054652,Gamma_X,Gamma_C,same_hand,flipped_hand,True,"PEC convention check expects |Gamma_same| <= 0.10 and |Gamma_flip| >= 0.90; same-hand maps to Gamma_X, flipped-hand maps to Gamma_C.",Derived from linear-basis reflection truth table; under the current PEC convention Gamma_same maps to Gamma_X and Gamma_flip maps to Gamma_C.
slab_glass,glass,6500000000.0,25.0,2.glass__w_5000mm__l_5000mm__freq_6.5GHz__materials_kobs5_w5000,5.0,main,TE and TM both classified as main.,True,False,main,"TE is validated through 60 deg under the PEC setup (w_plane=5000 mm, k_obs=5).",True,False,main,"TM is validated through 70 deg under the PEC setup (w_plane=5000 mm, k_obs=5).",True,False,0.230609583076923,0.0,0.0,0.0,0.0974598211407166,0.0,-0.2090032609078906,0.0974598211407166,0.0,0.2090032609078906,-0.04225416318299746,0.025273458146128552,0.049235779601418825,149.1151146099833,-0.46459745188942136,0.17434244961062825,0.4962318833351779,159.43115397994148,main,CP main claim is limited by TM material sanity at 65 deg and by the TE main region ending at 60 deg.,True,False,-0.04225416318299746,-0.46459745188942136,0.025273458146128552,0.17434244961062825,0.049235779601418825,0.4962318833351779,149.1151146099833,159.43115397994148,Gamma_X,Gamma_C,same_hand,flipped_hand,True,"PEC convention check expects |Gamma_same| <= 0.10 and |Gamma_flip| >= 0.90; same-hand maps to Gamma_X, flipped-hand maps to Gamma_C.",Derived from linear-basis reflection truth table; under the current PEC convention Gamma_same maps to Gamma_X and Gamma_flip maps to Gamma_C.
slab_glass,glass,6500000000.0,30.0,2.glass__w_5000mm__l_5000mm__freq_6.5GHz__materials_kobs5_w5000,5.0,main,TE and TM both classified as main.,True,False,main,"TE is validated through 60 deg under the PEC setup (w_plane=5000 mm, k_obs=5).",True,False,main,"TM is validated through 70 deg under the PEC setup (w_plane=5000 mm, k_obs=5).",True,False,0.230609583076923,0.0,0.0,0.0,0.1153047915384615,0.0,-0.1997137573007534,0.1153047915384615,0.0,0.1997137573007534,-0.03513096191055731,0.01644961302817205,0.03879141984431139,154.90927192990154,-0.5181665870366404,0.14771606944571644,0.5388104018053957,164.08850142971468,main,CP main claim is limited by TM material sanity at 65 deg and by the TE main region ending at 60 deg.,True,False,-0.03513096191055731,-0.5181665870366404,0.01644961302817205,0.14771606944571644,0.03879141984431139,0.5388104018053957,154.90927192990154,164.08850142971468,Gamma_X,Gamma_C,same_hand,flipped_hand,True,"PEC convention check expects |Gamma_same| <= 0.10 and |Gamma_flip| >= 0.90; same-hand maps to Gamma_X, flipped-hand maps to Gamma_C.",Derived from linear-basis reflection truth table; under the current PEC convention Gamma_same maps to Gamma_X and Gamma_flip maps to Gamma_C.
slab_glass,glass,6500000000.0,35.0,2.glass__w_5000mm__l_5000mm__freq_6.5GHz__materials_kobs5_w5000,5.0,main,TE and TM both classified as main.,True,False,main,"TE is validated through 60 deg under the PEC setup (w_plane=5000 mm, k_obs=5).",True,False,main,"TM is validated through 70 deg under the PEC setup (w_plane=5000 mm, k_obs=5).",True,False,0.230609583076923,0.0,0.0,0.0,0.132272222849662,0.0,-0.1889043114100936,0.132272222849662,0.0,0.1889043114100936,-0.08200719188432881,-0.009061864336664747,0.082506344640938,-173.694349592555,-0.569023427815742,0.09463436202643025,0.576839079708827,170.5575547035343,main,CP main claim is limited by TM material sanity at 65 deg and by the TE main region ending at 60 deg.,True,False,-0.08200719188432881,-0.569023427815742,-0.009061864336664747,0.09463436202643025,0.082506344640938,0.576839079708827,-173.694349592555,170.5575547035343,Gamma_X,Gamma_C,same_hand,flipped_hand,True,"PEC convention check expects |Gamma_same| <= 0.10 and |Gamma_flip| >= 0.90; same-hand maps to Gamma_X, flipped-hand maps to Gamma_C.",Derived from linear-basis reflection truth table; under the current PEC convention Gamma_same maps to Gamma_X and Gamma_flip maps to Gamma_C.
slab_glass,glass,6500000000.0,40.0,2.glass__w_5000mm__l_5000mm__freq_6.5GHz__materials_kobs5_w5000,5.0,main,TE and TM both classified as main.,True,False,main,"TE is validated through 60 deg under the PEC setup (w_plane=5000 mm, k_obs=5).",True,False,main,"TM is validated through 70 deg under the PEC setup (w_plane=5000 mm, k_obs=5).",True,False,0.230609583076923,0.0,0.0,0.0,0.1482329826768248,0.0,-0.1766571896460612,0.1482329826768248,0.0,0.1766571896460612,-0.08940921189020701,0.0157871327411004,0.09079229444734314,169.98640434345202,-0.5606222364618232,0.0329138650820792,0.5615875840241642,176.64004884037954,main,CP main claim is limited by TM material sanity at 65 deg and by the TE main region ending at 60 deg.,True,False,-0.08940921189020701,-0.5606222364618232,0.0157871327411004,0.0329138650820792,0.09079229444734314,0.5615875840241642,169.98640434345202,176.64004884037954,Gamma_X,Gamma_C,same_hand,flipped_hand,True,"PEC convention check expects |Gamma_same| <= 0.10 and |Gamma_flip| >= 0.90; same-hand maps to Gamma_X, flipped-hand maps to Gamma_C.",Derived from linear-basis reflection truth table; under the current PEC convention Gamma_same maps to Gamma_X and Gamma_flip maps to Gamma_C.
slab_glass,glass,6500000000.0,45.0,2.glass__w_5000mm__l_5000mm__freq_6.5GHz__materials_kobs5_w5000,5.0,main,TE and TM both classified as main.,True,False,main,"TE is validated through 60 deg under the PEC setup (w_plane=5000 mm, k_obs=5).",True,False,main,"TM is validated through 70 deg under the PEC setup (w_plane=5000 mm, k_obs=5).",True,False,0.230609583076923,0.0,0.0,0.0,0.1630656000002948,0.0,-0.1630656000002948,0.1630656000002948,0.0,0.1630656000002948,-0.1476333416456726,0.015606916763537348,0.14845598477775113,173.96544479486613,-0.5689344849055937,-0.03859556551302735,0.5702421115561912,-176.1190960526181,main,CP main claim is limited by TM material sanity at 65 deg and by the TE main region ending at 60 deg.,True,False,-0.1476333416456726,-0.5689344849055937,0.015606916763537348,-0.03859556551302735,0.14845598477775113,0.5702421115561912,173.96544479486613,-176.1190960526181,Gamma_X,Gamma_C,same_hand,flipped_hand,True,"PEC convention check expects |Gamma_same| <= 0.10 and |Gamma_flip| >= 0.90; same-hand maps to Gamma_X, flipped-hand maps to Gamma_C.",Derived from linear-basis reflection truth table; under the current PEC convention Gamma_same maps to Gamma_X and Gamma_flip maps to Gamma_C.
slab_glass,glass,6500000000.0,50.0,2.glass__w_5000mm__l_5000mm__freq_6.5GHz__materials_kobs5_w5000,5.0,main,TE and TM both classified as main.,True,False,main,"TE is validated through 60 deg under the PEC setup (w_plane=5000 mm, k_obs=5).",True,False,main,"TM is validated through 70 deg under the PEC setup (w_plane=5000 mm, k_obs=5).",True,False,0.230609583076923,0.0,0.0,0.0,0.1766571896460612,0.0,-0.1482329826768248,0.1766571896460612,0.0,0.1482329826768248,-0.17426906105130527,0.004315801975430349,0.1743224936329064,178.58135056964784,-0.5287564545143275,-0.09237891417929225,0.5367655465615384,-170.08989057319457,main,CP main claim is limited by TM material sanity at 65 deg and by the TE main region ending at 60 deg.,True,False,-0.17426906105130527,-0.5287564545143275,0.004315801975430349,-0.09237891417929225,0.1743224936329064,0.5367655465615384,178.58135056964784,-170.08989057319457,Gamma_X,Gamma_C,same_hand,flipped_hand,True,"PEC convention check expects |Gamma_same| <= 0.10 and |Gamma_flip| >= 0.90; same-hand maps to Gamma_X, flipped-hand maps to Gamma_C.",Derived from linear-basis reflection truth table; under the current PEC convention Gamma_same maps to Gamma_X and Gamma_flip maps to Gamma_C.
slab_glass,glass,6500000000.0,55.0,2.glass__w_5000mm__l_5000mm__freq_6.5GHz__materials_kobs5_w5000,5.0,main,TE and TM both classified as main.,True,False,main,"TE is validated through 60 deg under the PEC setup (w_plane=5000 mm, k_obs=5).",True,False,main,"TM is validated through 70 deg under the PEC setup (w_plane=5000 mm, k_obs=5).",True,False,0.230609583076923,0.0,0.0,0.0,0.1889043114100936,0.0,-0.132272222849662,0.1889043114100936,0.0,0.132272222849662,-0.21256320813300192,-0.045104178896843594,0.21729589136877936,-168.0199950070238,-0.45090170721840794,-0.1195086387986189,0.4664704324177189,-165.1554355748296,main,CP main claim is limited by TM material sanity at 65 deg and by the TE main region ending at 60 deg.,True,False,-0.21256320813300192,-0.45090170721840794,-0.045104178896843594,-0.1195086387986189,0.21729589136877936,0.4664704324177189,-168.0199950070238,-165.1554355748296,Gamma_X,Gamma_C,same_hand,flipped_hand,True,"PEC convention check expects |Gamma_same| <= 0.10 and |Gamma_flip| >= 0.90; same-hand maps to Gamma_X, flipped-hand maps to Gamma_C.",Derived from linear-basis reflection truth table; under the current PEC convention Gamma_same maps to Gamma_X and Gamma_flip maps to Gamma_C.
slab_glass,glass,6500000000.0,60.0,2.glass__w_5000mm__l_5000mm__freq_6.5GHz__materials_kobs5_w5000,5.0,main,TE and TM both classified as main.,True,False,main,"TE is validated through 60 deg under the PEC setup (w_plane=5000 mm, k_obs=5).",True,False,main,"TM is validated through 70 deg under the PEC setup (w_plane=5000 mm, k_obs=5).",True,False,0.230609583076923,0.0,0.0,0.0,0.1997137573007533,0.0,-0.1153047915384615,0.1997137573007533,0.0,0.1153047915384615,-0.2625988567768927,-0.04311945813515951,0.2661154772845818,-170.67508821046525,-0.3950073364024131,-0.1195746907040177,0.41270922266008375,-163.1581428626086,main,CP main claim is limited by TM material sanity at 65 deg and by the TE main region ending at 60 deg.,True,False,-0.2625988567768927,-0.3950073364024131,-0.04311945813515951,-0.1195746907040177,0.2661154772845818,0.41270922266008375,-170.67508821046525,-163.1581428626086,Gamma_X,Gamma_C,same_hand,flipped_hand,True,"PEC convention check expects |Gamma_same| <= 0.10 and |Gamma_flip| >= 0.90; same-hand maps to Gamma_X, flipped-hand maps to Gamma_C.",Derived from linear-basis reflection truth table; under the current PEC convention Gamma_same maps to Gamma_X and Gamma_flip maps to Gamma_C.
slab_glass,glass,6500000000.0,65.0,2.glass__w_5000mm__l_5000mm__freq_6.5GHz__materials_kobs5_w5000,5.0,mixed,"Polarization split: TE=caution, TM=main. Use row-level results only as caution.",False,True,caution,TE 65 deg is near the PEC transmission limit; keep it out of main claims.,False,True,main,"TM is validated through 70 deg under the PEC setup (w_plane=5000 mm, k_obs=5).",True,False,0.230609583076923,0.0,0.0,0.0,0.2090032609078906,0.0,-0.0974598211407166,0.2090032609078906,0.0,0.0974598211407166,-0.3025085802520507,-0.047797491182748696,0.3062613937300559,-171.0212792207075,-0.330666778909466,-0.09737086127625069,0.3447050961329707,-163.59197374811365,caution,CP main claim is limited by TM material sanity at 65 deg and by the TE main region ending at 60 deg. Rows above the main-angle lock are caution-only.,False,True,-0.3025085802520507,-0.330666778909466,-0.047797491182748696,-0.09737086127625069,0.3062613937300559,0.3447050961329707,-171.0212792207075,-163.59197374811365,Gamma_X,Gamma_C,same_hand,flipped_hand,True,"PEC convention check expects |Gamma_same| <= 0.10 and |Gamma_flip| >= 0.90; same-hand maps to Gamma_X, flipped-hand maps to Gamma_C.",Derived from linear-basis reflection truth table; under the current PEC convention Gamma_same maps to Gamma_X and Gamma_flip maps to Gamma_C.
slab_glass,glass,6500000000.0,70.0,2.glass__w_5000mm__l_5000mm__freq_6.5GHz__materials_kobs5_w5000,5.0,mixed,"Polarization split: TE=exclude, TM=main. Main-use eligibility differs by polarization.",False,True,exclude,TE 70 deg is beyond the reliable PEC trust region for main use.,False,False,main,"TM is validated through 70 deg under the PEC setup (w_plane=5000 mm, k_obs=5).",True,False,0.230609583076923,0.0,0.0,0.0,0.2167021234998995,0.0,-0.0788731226562419,0.2167021234998995,0.0,0.0788731226562419,-0.23732217326124147,-0.1043957159260041,0.25926873977620535,-156.25577282107187,-0.2873179512030872,-0.0717938486923339,0.2961519235014308,-165.97044567441068,exclude,At least one linear branch is already excluded; CP cannot be a main or caution truth row.,False,False,-0.23732217326124147,-0.2873179512030872,-0.1043957159260041,-0.0717938486923339,0.25926873977620535,0.2961519235014308,-156.25577282107187,-165.97044567441068,Gamma_X,Gamma_C,same_hand,flipped_hand,True,"PEC convention check expects |Gamma_same| <= 0.10 and |Gamma_flip| >= 0.90; same-hand maps to Gamma_X, flipped-hand maps to Gamma_C.",Derived from linear-basis reflection truth table; under the current PEC convention Gamma_same maps to Gamma_X and Gamma_flip maps to Gamma_C.
slab_wood,wood,6500000000.0,10.0,2.wood__w_5000mm__l_5000mm__freq_6.5GHz__materials_kobs5_w5000,5.0,main,TE and TM both classified as main.,True,False,main,"TE is validated through 60 deg under the PEC setup (w_plane=5000 mm, k_obs=5).",True,False,main,"TM is validated through 70 deg under the PEC setup (w_plane=5000 mm, k_obs=5).",True,False,0.230609583076923,0.0,0.0,0.0,0.0400449338538382,0.0,-0.2271061053330667,0.0400449338538382,0.0,0.2271061053330667,-0.0031427996109426037,-0.0055639610036255,0.0063902152893628135,-119.45990377863744,-0.1066194883597152,-0.0229312487722377,0.10905758785312325,-167.86198056444158,main,"CP main claim is limited by TM material sanity, which first fails at 50 deg.",True,False,-0.0031427996109426037,-0.1066194883597152,-0.0055639610036255,-0.0229312487722377,0.0063902152893628135,0.10905758785312325,-119.45990377863744,-167.86198056444158,Gamma_X,Gamma_C,same_hand,flipped_hand,True,"PEC convention check expects |Gamma_same| <= 0.10 and |Gamma_flip| >= 0.90; same-hand maps to Gamma_X, flipped-hand maps to Gamma_C.",Derived from linear-basis reflection truth table; under the current PEC convention Gamma_same maps to Gamma_X and Gamma_flip maps to Gamma_C.
slab_wood,wood,6500000000.0,15.0,2.wood__w_5000mm__l_5000mm__freq_6.5GHz__materials_kobs5_w5000,5.0,main,TE and TM both classified as main.,True,False,main,"TE is validated through 60 deg under the PEC setup (w_plane=5000 mm, k_obs=5).",True,False,main,"TM is validated through 70 deg under the PEC setup (w_plane=5000 mm, k_obs=5).",True,False,0.230609583076923,0.0,0.0,0.0,0.0596861520834596,0.0,-0.2227517520837544,0.0596861520834596,0.0,0.2227517520837544,-0.006925445157190999,0.00374857446316405,0.007874871499341808,151.57439799757853,-0.1032084324063853,-0.0009130731169922502,0.10321247125372195,-179.49312405996108,main,"CP main claim is limited by TM material sanity, which first fails at 50 deg.",True,False,-0.006925445157190999,-0.1032084324063853,0.00374857446316405,-0.0009130731169922502,0.007874871499341808,0.10321247125372195,151.57439799757853,-179.49312405996108,Gamma_X,Gamma_C,same_hand,flipped_hand,True,"PEC convention check expects |Gamma_same| <= 0.10 and |Gamma_flip| >= 0.90; same-hand maps to Gamma_X, flipped-hand maps to Gamma_C.",Derived from linear-basis reflection truth table; under the current PEC convention Gamma_same maps to Gamma_X and Gamma_flip maps to Gamma_C.
slab_wood,wood,6500000000.0,20.0,2.wood__w_5000mm__l_5000mm__freq_6.5GHz__materials_kobs5_w5000,5.0,main,TE and TM both classified as main.,True,False,main,"TE is validated through 60 deg under the PEC setup (w_plane=5000 mm, k_obs=5).",True,False,main,"TM is validated through 70 deg under the PEC setup (w_plane=5000 mm, k_obs=5).",True,False,0.230609583076923,0.0,0.0,0.0,0.0788731226562419,0.0,-0.2167021234998995,0.0788731226562419,0.0,0.2167021234998995,-0.014038669739527901,0.004284474773230849,0.01467790762125133,163.02828582805648,-0.1093457513397805,0.034622998282885446,0.11469631792763794,162.43024436837803,main,"CP main claim is limited by TM material sanity, which first fails at 50 deg.",True,False,-0.014038669739527901,-0.1093457513397805,0.004284474773230849,0.034622998282885446,0.01467790762125133,0.11469631792763794,163.02828582805648,162.43024436837803,Gamma_X,Gamma_C,same_hand,flipped_hand,True,"PEC convention check expects |Gamma_same| <= 0.10 and |Gamma_flip| >= 0.90; same-hand maps to Gamma_X, flipped-hand maps to Gamma_C.",Derived from linear-basis reflection truth table; under the current PEC convention Gamma_same maps to Gamma_X and Gamma_flip maps to Gamma_C.
slab_wood,wood,6500000000.0,25.0,2.wood__w_5000mm__l_5000mm__freq_6.5GHz__materials_kobs5_w5000,5.0,main,TE and TM both classified as main.,True,False,main,"TE is validated through 60 deg under the PEC setup (w_plane=5000 mm, k_obs=5).",True,False,main,"TM is validated through 70 deg under the PEC setup (w_plane=5000 mm, k_obs=5).",True,False,0.230609583076923,0.0,0.0,0.0,0.0974598211407166,0.0,-0.2090032609078906,0.0974598211407166,0.0,0.2090032609078906,-0.01846501588951765,0.01419169100390855,0.023288643269854904,142.455134951915,-0.13785960966652264,0.06247254378393295,0.15135418958271818,155.6218390155077,main,"CP main claim is limited by TM material sanity, which first fails at 50 deg.",True,False,-0.01846501588951765,-0.13785960966652264,0.01419169100390855,0.06247254378393295,0.023288643269854904,0.15135418958271818,142.455134951915,155.6218390155077,Gamma_X,Gamma_C,same_hand,flipped_hand,True,"PEC convention check expects |Gamma_same| <= 0.10 and |Gamma_flip| >= 0.90; same-hand maps to Gamma_X, flipped-hand maps to Gamma_C.",Derived from linear-basis reflection truth table; under the current PEC convention Gamma_same maps to Gamma_X and Gamma_flip maps to Gamma_C.
slab_wood,wood,6500000000.0,30.0,2.wood__w_5000mm__l_5000mm__freq_6.5GHz__materials_kobs5_w5000,5.0,main,TE and TM both classified as main.,True,False,main,"TE is validated through 60 deg under the PEC setup (w_plane=5000 mm, k_obs=5).",True,False,main,"TM is validated through 70 deg under the PEC setup (w_plane=5000 mm, k_obs=5).",True,False,0.230609583076923,0.0,0.0,0.0,0.1153047915384615,0.0,-0.1997137573007534,0.1153047915384615,0.0,0.1997137573007534,-0.03209276590049495,0.014957168627388901,0.03540709697916674,155.01163573546927,-0.17736661025482495,0.0713135736294045,0.19116626328168757,158.09648121852518,main,"CP main claim is limited by TM material sanity, which first fails at 50 deg.",True,False,-0.03209276590049495,-0.17736661025482495,0.014957168627388901,0.0713135736294045,0.03540709697916674,0.19116626328168757,155.01163573546927,158.09648121852518,Gamma_X,Gamma_C,same_hand,flipped_hand,True,"PEC convention check expects |Gamma_same| <= 0.10 and |Gamma_flip| >= 0.90; same-hand maps to Gamma_X, flipped-hand maps to Gamma_C.",Derived from linear-basis reflection truth table; under the current PEC convention Gamma_same maps to Gamma_X and Gamma_flip maps to Gamma_C.
slab_wood,wood,6500000000.0,35.0,2.wood__w_5000mm__l_5000mm__freq_6.5GHz__materials_kobs5_w5000,5.0,main,TE and TM both classified as main.,True,False,main,"TE is validated through 60 deg under the PEC setup (w_plane=5000 mm, k_obs=5).",True,False,main,"TM is validated through 70 deg under the PEC setup (w_plane=5000 mm, k_obs=5).",True,False,0.230609583076923,0.0,0.0,0.0,0.132272222849662,0.0,-0.1889043114100936,0.132272222849662,0.0,0.1889043114100936,-0.0667021577154306,0.008167091724456548,0.06720029189765372,173.01938217740798,-0.2190848442020084,0.045246949329272854,0.22370841598523755,168.33093346558294,main,"CP main claim is limited by TM material sanity, which first fails at 50 deg.",True,False,-0.0667021577154306,-0.2190848442020084,0.008167091724456548,0.045246949329272854,0.06720029189765372,0.22370841598523755,173.01938217740798,168.33093346558294,Gamma_X,Gamma_C,same_hand,flipped_hand,True,"PEC convention check expects |Gamma_same| <= 0.10 and |Gamma_flip| >= 0.90; same-hand maps to Gamma_X, flipped-hand maps to Gamma_C.",Derived from linear-basis reflection truth table; under the current PEC convention Gamma_same maps to Gamma_X and Gamma_flip maps to Gamma_C.
slab_wood,wood,6500000000.0,40.0,2.wood__w_5000mm__l_5000mm__freq_6.5GHz__materials_kobs5_w5000,5.0,main,TE and TM both classified as main.,True,False,main,"TE is validated through 60 deg under the PEC setup (w_plane=5000 mm, k_obs=5).",True,False,main,"TM is validated through 70 deg under the PEC setup (w_plane=5000 mm, k_obs=5).",True,False,0.230609583076923,0.0,0.0,0.0,0.1482329826768248,0.0,-0.1766571896460612,0.1482329826768248,0.0,0.1766571896460612,-0.09112187219562545,0.00378293683299375,0.09120036295716329,177.62272309751813,-0.21740844366240525,-5.163200022335001e-05,0.21740844979340773,-179.98639291282728,main,"CP main claim is limited by TM material sanity, which first fails at 50 deg.",True,False,-0.09112187219562545,-0.21740844366240525,0.00378293683299375,-5.163200022335001e-05,0.09120036295716329,0.21740844979340773,177.62272309751813,-179.98639291282728,Gamma_X,Gamma_C,same_hand,flipped_hand,True,"PEC convention check expects |Gamma_same| <= 0.10 and |Gamma_flip| >= 0.90; same-hand maps to Gamma_X, flipped-hand maps to Gamma_C.",Derived from linear-basis reflection truth table; under the current PEC convention Gamma_same maps to Gamma_X and Gamma_flip maps to Gamma_C.
slab_wood,wood,6500000000.0,45.0,2.wood__w_5000mm__l_5000mm__freq_6.5GHz__materials_kobs5_w5000,5.0,main,TE and TM both classified as main.,True,False,main,"TE is validated through 60 deg under the PEC setup (w_plane=5000 mm, k_obs=5).",True,False,main,"TM is validated through 70 deg under the PEC setup (w_plane=5000 mm, k_obs=5).",True,False,0.230609583076923,0.0,0.0,0.0,0.1630656000002948,0.0,-0.1630656000002948,0.1630656000002948,0.0,0.1630656000002948,-0.11855427482521329,-0.01940173853284205,0.12013135950878509,-170.7057744604553,-0.18770444834637068,-0.03781539117068525,0.19147575235106737,-168.6095228116798,main,"CP main claim is limited by TM material sanity, which first fails at 50 deg.",True,False,-0.11855427482521329,-0.18770444834637068,-0.01940173853284205,-0.03781539117068525,0.12013135950878509,0.19147575235106737,-170.7057744604553,-168.6095228116798,Gamma_X,Gamma_C,same_hand,flipped_hand,True,"PEC convention check expects |Gamma_same| <= 0.10 and |Gamma_flip| >= 0.90; same-hand maps to Gamma_X, flipped-hand maps to Gamma_C.",Derived from linear-basis reflection truth table; under the current PEC convention Gamma_same maps to Gamma_X and Gamma_flip maps to Gamma_C.
slab_wood,wood,6500000000.0,50.0,2.wood__w_5000mm__l_5000mm__freq_6.5GHz__materials_kobs5_w5000,5.0,main,TE and TM both classified as main.,True,False,main,"TE is validated through 60 deg under the PEC setup (w_plane=5000 mm, k_obs=5).",True,False,main,"TM is validated through 70 deg under the PEC setup (w_plane=5000 mm, k_obs=5).",True,False,0.230609583076923,0.0,0.0,0.0,0.1766571896460612,0.0,-0.1482329826768248,0.1766571896460612,0.0,0.1482329826768248,-0.11734942383869304,-0.012479886194930052,0.11801116402574639,-173.92952063781303,-0.13631057234791685,-0.02926629638716935,0.1394169582154134,-167.88238277608184,caution,"CP main claim is limited by TM material sanity, which first fails at 50 deg. Rows above the main-angle lock are caution-only.",False,True,-0.11734942383869304,-0.13631057234791685,-0.012479886194930052,-0.02926629638716935,0.11801116402574639,0.1394169582154134,-173.92952063781303,-167.88238277608184,Gamma_X,Gamma_C,same_hand,flipped_hand,True,"PEC convention check expects |Gamma_same| <= 0.10 and |Gamma_flip| >= 0.90; same-hand maps to Gamma_X, flipped-hand maps to Gamma_C.",Derived from linear-basis reflection truth table; under the current PEC convention Gamma_same maps to Gamma_X and Gamma_flip maps to Gamma_C.
slab_wood,wood,6500000000.0,55.0,2.wood__w_5000mm__l_5000mm__freq_6.5GHz__materials_kobs5_w5000,5.0,main,TE and TM both classified as main.,True,False,main,"TE is validated through 60 deg under the PEC setup (w_plane=5000 mm, k_obs=5).",True,False,main,"TM is validated through 70 deg under the PEC setup (w_plane=5000 mm, k_obs=5).",True,False,0.230609583076923,0.0,0.0,0.0,0.1889043114100936,0.0,-0.132272222849662,0.1889043114100936,0.0,0.132272222849662,-0.08891772727576865,0.006227124791928099,0.08913551092052042,175.99397784163375,-0.11489139664631985,0.014443451597907699,0.11579570940843663,172.8347100533531,caution,"CP main claim is limited by TM material sanity, which first fails at 50 deg. Rows above the main-angle lock are caution-only.",False,True,-0.08891772727576865,-0.11489139664631985,0.006227124791928099,0.014443451597907699,0.08913551092052042,0.11579570940843663,175.99397784163375,172.8347100533531,Gamma_X,Gamma_C,same_hand,flipped_hand,True,"PEC convention check expects |Gamma_same| <= 0.10 and |Gamma_flip| >= 0.90; same-hand maps to Gamma_X, flipped-hand maps to Gamma_C.",Derived from linear-basis reflection truth table; under the current PEC convention Gamma_same maps to Gamma_X and Gamma_flip maps to Gamma_C.
slab_wood,wood,6500000000.0,60.0,2.wood__w_5000mm__l_5000mm__freq_6.5GHz__materials_kobs5_w5000,5.0,main,TE and TM both classified as main.,True,False,main,"TE is validated through 60 deg under the PEC setup (w_plane=5000 mm, k_obs=5).",True,False,main,"TM is validated through 70 deg under the PEC setup (w_plane=5000 mm, k_obs=5).",True,False,0.230609583076923,0.0,0.0,0.0,0.1997137573007533,0.0,-0.1153047915384615,0.1997137573007533,0.0,0.1153047915384615,-0.198612377381919,0.09803991677662866,0.22149199021830585,153.7279291553439,-0.1370448217448586,0.04961840008882035,0.14575070769795362,160.09672238274717,caution,"CP main claim is limited by TM material sanity, which first fails at 50 deg. Rows above the main-angle lock are caution-only.",False,True,-0.198612377381919,-0.1370448217448586,0.09803991677662866,0.04961840008882035,0.22149199021830585,0.14575070769795362,153.7279291553439,160.09672238274717,Gamma_X,Gamma_C,same_hand,flipped_hand,True,"PEC convention check expects |Gamma_same| <= 0.10 and |Gamma_flip| >= 0.90; same-hand maps to Gamma_X, flipped-hand maps to Gamma_C.",Derived from linear-basis reflection truth table; under the current PEC convention Gamma_same maps to Gamma_X and Gamma_flip maps to Gamma_C.
slab_wood,wood,6500000000.0,65.0,2.wood__w_5000mm__l_5000mm__freq_6.5GHz__materials_kobs5_w5000,5.0,mixed,"Polarization split: TE=caution, TM=main. Use row-level results only as caution.",False,True,caution,TE 65 deg is near the PEC transmission limit; keep it out of main claims.,False,True,main,"TM is validated through 70 deg under the PEC setup (w_plane=5000 mm, k_obs=5).",True,False,0.230609583076923,0.0,0.0,0.0,0.2090032609078906,0.0,-0.0974598211407166,0.2090032609078906,0.0,0.0974598211407166,-0.3090343588962866,0.1265203581409639,0.3339305856050875,157.73553867344094,-0.16545806761749834,0.042060477298220995,0.1707204026772161,165.73715732075635,caution,"CP main claim is limited by TM material sanity, which first fails at 50 deg. Rows above the main-angle lock are caution-only.",False,True,-0.3090343588962866,-0.16545806761749834,0.1265203581409639,0.042060477298220995,0.3339305856050875,0.1707204026772161,157.73553867344094,165.73715732075635,Gamma_X,Gamma_C,same_hand,flipped_hand,True,"PEC convention check expects |Gamma_same| <= 0.10 and |Gamma_flip| >= 0.90; same-hand maps to Gamma_X, flipped-hand maps to Gamma_C.",Derived from linear-basis reflection truth table; under the current PEC convention Gamma_same maps to Gamma_X and Gamma_flip maps to Gamma_C.
slab_wood,wood,6500000000.0,70.0,2.wood__w_5000mm__l_5000mm__freq_6.5GHz__materials_kobs5_w5000,5.0,mixed,"Polarization split: TE=exclude, TM=main. Main-use eligibility differs by polarization.",False,True,exclude,TE 70 deg is beyond the reliable PEC trust region for main use.,False,False,main,"TM is validated through 70 deg under the PEC setup (w_plane=5000 mm, k_obs=5).",True,False,0.230609583076923,0.0,0.0,0.0,0.2167021234998995,0.0,-0.0788731226562419,0.2167021234998995,0.0,0.0788731226562419,-0.36632958000244936,-0.01800979601936975,0.3667720190219399,-177.18544389574805,-0.16249881040316944,0.01993254287716195,0.16371673600458542,173.006878501359,exclude,At least one linear branch is already excluded; CP cannot be a main or caution truth row.,False,False,-0.36632958000244936,-0.16249881040316944,-0.01800979601936975,0.01993254287716195,0.3667720190219399,0.16371673600458542,-177.18544389574805,173.006878501359,Gamma_X,Gamma_C,same_hand,flipped_hand,True,"PEC convention check expects |Gamma_same| <= 0.10 and |Gamma_flip| >= 0.90; same-hand maps to Gamma_X, flipped-hand maps to Gamma_C.",Derived from linear-basis reflection truth table; under the current PEC convention Gamma_same maps to Gamma_X and Gamma_flip maps to Gamma_C.
