material,theta_deg,Gamma_X_mag,gamma_x_from_lp_mag,use_for_main_claim,gamma_hat_c_cp_raw_mag,use_for_main_claim_candidate,ideal_residual_db,lp_residual_db,cp_raw_residual_db
concrete,20.0,0.0299425322093546,0.0551506607813703,True,0.1209396434479761,True,-30.474229491985497,-25.168985594853442,-18.348626322143257
concrete,25.0,0.0363045862797611,0.0509481270774314,True,0.144673805272731,True,-28.800770160336825,-25.857435532419885,-16.79220190772829
concrete,30.0,0.0368170583840347,0.0550778552307902,True,0.1686557039713827,True,-28.679018275692943,-25.180459596177517,-15.459979325913478
concrete,35.0,0.0721330676845982,0.0487412807887855,True,0.1667198854136386,True,-22.83731195368567,-26.24206125838341,-15.56025193741004
concrete,40.0,0.0891683021913119,0.0690024115698849,True,0.1943657414262745,True,-20.99579004923389,-23.222714616213764,-14.227605613365927
concrete,45.0,0.1391098164658888,0.1022157099856451,True,0.2047457527166243,True,-17.13284444738505,-19.80964700853895,-13.775701971166761
concrete,50.0,0.168330671745863,0.1408519049693455,True,0.2326945843382531,True,-15.476734869274262,-17.024745499360346,-12.664274484620544
concrete,55.0,0.1760666249967502,0.1873906000186515,True,0.2506421226727904,True,-15.086459212675667,-14.54504396399348,-12.018918801948018
glass,20.0,0.0353123568146561,0.0627394980052062,True,0.1312014171314794,True,-29.041465916400277,-24.049179210515263,-17.641229480753235
glass,25.0,0.0492357796014188,0.0651873309921446,True,0.1615018626890175,True,-26.154383621056994,-23.71673600402002,-15.836449286979953
glass,30.0,0.0387914198443113,0.0659760807522034,True,0.1896237625233374,True,-28.225286481077262,-23.612269737694778,-14.442144807668102
glass,35.0,0.082506344640938,0.0558105072131624,True,0.193162172150367,True,-21.670253068613334,-25.06568061081117,-14.281558390178686
glass,40.0,0.0907922944473431,0.075718221217755,True,0.2245113048201447,True,-20.83902017076837,-22.415991941810738,-12.975235721507275
glass,45.0,0.1484559847777511,0.1075552371025192,True,0.2352152029975298,True,-16.56804579584017,-19.367368760044464,-12.570692226360663
glass,50.0,0.1743224936329064,0.1435651523678322,True,0.2516139704454451,True,-15.172931405205576,-16.859019275825176,-11.985304981631923
glass,55.0,0.2172958913687793,0.1849975605805742,True,0.2578333983137328,True,-13.258969704858401,-14.656679965278164,-11.773216544626024
glass,60.0,0.2661154772845818,0.2433021654759261,True,0.2940884545709019,True,-11.498597322664985,-12.277080513528292,-10.63044049690861
wood,20.0,0.0146779076212513,0.0170484805370168,True,0.0456777241438795,True,-36.666716999176984,-35.3662864375881,-26.805910851976762
wood,25.0,0.0232886432698549,0.0215057258072488,True,0.0657948881141005,True,-32.657116229802966,-33.34891791291729,-23.636156945374132
wood,30.0,0.0354070969791667,0.0305098378139534,True,0.095327292074514,True,-29.01819359000712,-30.311202020008167,-20.415654872757237
wood,35.0,0.0672002918976537,0.0474102667002035,True,0.1067832442302419,True,-23.45257680997559,-26.482552032156654,-19.429937775595377
wood,40.0,0.0912003629571632,0.0790028554011042,True,0.1376300920381835,True,-20.80006866545372,-22.04714423430947,-17.225731993911598
wood,45.0,0.120131359508785,0.0963700794537991,True,0.1339495611910521,True,-18.40687216104162,-20.32115565910354,-17.46117409540687
