material,theta_deg,B_mag,gamma_x_ideal_mag,gamma_c_patch_raw_mag,gamma_c_patch_eff_mag,gamma_hat_c_metal_floor_mag,G_ideal_db,G_patch_raw_db,G_patch_eff_db,G_patch_metal_floor_db,Delta_ideal_minus_raw_db,Delta_ideal_minus_eff_db,Delta_G_ideal_minus_metal_floor_db,delta_raw_negative,delta_eff_negative,delta_metal_floor_negative,headline_use_primary,headline_note,angle_bucket
concrete,35.0,0.4755852233488534,0.0718692012340339,0.1667198854136386,0.0279892460630622,0.5921074764774514,16.413710687263993,9.104818985958389,24.60474304497122,-1.9034438495787889,7.3088917013056065,-8.191032357707225,18.317154536842786,False,True,False,True,Raw patch residual is the current paper-safe primary series because same-angle ideal>=raw holds on all locked oblique rows.,30-39
concrete,40.0,0.4771709815540915,0.0890121395064678,0.1943657414262745,0.0334108718780953,0.6895201086603805,14.584495698199111,7.801086109890001,23.095724316952072,-3.197458226342679,6.783409588309111,-8.511228618752959,17.781953924541792,False,True,False,True,Raw patch residual is the current paper-safe primary series because same-angle ideal>=raw holds on all locked oblique rows.,40+
concrete,45.0,0.534407699310507,0.1390440168720759,0.2047457527166243,0.0549708536466748,0.777939309574043,11.694408015245497,8.333156100635572,19.754804505249066,-3.261460212761908,3.361251914609925,-8.060396490003571,14.955868228007404,False,True,False,True,Raw patch residual is the current paper-safe primary series because same-angle ideal>=raw holds on all locked oblique rows.,40+
concrete,50.0,0.5538722925967425,0.1679339473427754,0.2326945843382531,0.0832079271582963,0.969950014550186,10.365422876345054,7.532467287705266,16.464898739504072,-4.866794274727165,2.832955588639788,-6.099475863159018,15.23221715107222,False,True,False,True,Raw patch residual is the current paper-safe primary series because same-angle ideal>=raw holds on all locked oblique rows.,40+
concrete,55.0,0.5422841214347708,0.1754560624150127,0.2506421226727904,0.1209207817375696,1.145869295876628,9.80117018789593,6.703456563745124,13.034518838321386,-6.498163887220715,3.097713624150807,-3.233348650425455,16.299334075116647,False,True,False,True,Raw patch residual is the current paper-safe primary series because same-angle ideal>=raw holds on all locked oblique rows.,40+
glass,35.0,0.6566304288927852,0.0818005559337042,0.193162172150367,0.0353585989998845,0.6884123175593364,18.09129498501625,10.627978479946483,25.376519113780382,-0.4105525588043637,7.463316505069768,-7.285224128764135,18.501847543820617,False,True,False,True,Raw patch residual is the current paper-safe primary series because same-angle ideal>=raw holds on all locked oblique rows.,30-39
glass,40.0,0.6518532588210412,0.0902949016959289,0.2245113048201447,0.034793243487723,0.7953588546333327,17.169732230508874,9.258232542376415,25.45309849417218,-1.7282655868121406,7.911499688132459,-8.283366263663307,18.897997817321013,False,True,False,True,Raw patch residual is the current paper-safe primary series because same-angle ideal>=raw holds on all locked oblique rows.,40+
glass,45.0,0.7169364881352692,0.1473713979419592,0.2352152029975298,0.0521161570066088,0.8915540196174735,13.741349619346332,9.680305909476644,22.77016600752267,-1.893339564610773,4.061043709869688,-9.028816388176336,15.634689183957104,False,True,False,True,Raw patch residual is the current paper-safe primary series because same-angle ideal>=raw holds on all locked oblique rows.,40+
glass,50.0,0.7085195743713462,0.1724087748506612,0.2516139704454451,0.0753866673144487,1.0525515484462264,12.275849746575725,8.992342042928366,19.46114617142437,-3.4378304285257784,3.283507703647359,-7.185296424848653,15.713680175101503,False,True,False,True,Raw patch residual is the current paper-safe primary series because same-angle ideal>=raw holds on all locked oblique rows.,40+
glass,55.0,0.683581065896279,0.2176624475392341,0.2578333983137328,0.1112145288124696,1.173392199214072,9.940130331926476,8.469017043661845,15.772569975172894,-4.693063434415939,1.4711132882646307,-5.832439643246417,14.633193766342416,False,True,False,True,Raw patch residual is the current paper-safe primary series because same-angle ideal>=raw holds on all locked oblique rows.,40+
glass,60.0,0.6774328685370107,0.264492507268833,0.2940884545709019,0.1599021534993352,1.5408897537407886,8.169057818403964,7.247765786185337,12.54023903541767,-7.138106056736043,0.9212920322186272,-4.3711812170137065,15.307163875140006,False,True,False,True,Raw patch residual is the current paper-safe primary series because same-angle ideal>=raw holds on all locked oblique rows.,40+
wood,25.0,0.1741114397471961,0.0228383757231157,0.0657948881141005,0.0187657694200551,0.2203539230826974,17.643241866696037,8.452703080628638,19.34921862061492,-2.0458696027353485,9.1905387860674,-1.7059767539188757,19.689111469431385,False,True,False,True,Raw patch residual is the current paper-safe primary series because same-angle ideal>=raw holds on all locked oblique rows.,20-29
wood,30.0,0.2265300669423684,0.0353580732790502,0.095327292074514,0.014900314799573,0.3023063440761009,16.1327452355753,7.518171939296571,23.638608189202245,-2.5064281574227945,8.614573296278728,-7.505862953626945,18.639173392998096,False,True,False,True,Raw patch residual is the current paper-safe primary series because same-angle ideal>=raw holds on all locked oblique rows.,30-39
wood,35.0,0.2907357395413363,0.0671206300927292,0.1067832442302419,0.0217505146615224,0.3799920815187333,12.73284794413415,8.699906215031245,22.520577685333272,-2.325522493502951,4.032941729102905,-9.787729741199122,15.058370437637102,False,True,False,True,Raw patch residual is the current paper-safe primary series because same-angle ideal>=raw holds on all locked oblique rows.,30-39
wood,40.0,0.3085528778657093,0.0911287578124849,0.1376300920381835,0.0428095463713937,0.4893107651219109,10.593483020655048,7.0123240223936,17.15577951077939,-4.005103383451429,3.581158998261448,-6.562296490124343,14.598586404106475,False,True,False,True,Raw patch residual is the current paper-safe primary series because same-angle ideal>=raw holds on all locked oblique rows.,40+
wood,45.0,0.3115577080577515,0.1200574253173564,0.1339495611910521,0.0582967315994886,0.5069482332854967,8.282989496940548,7.331944102137408,14.557885871446178,-4.228502270812561,0.95104539480314,-6.27489637450563,12.511491767753109,False,True,False,True,Raw patch residual is the current paper-safe primary series because same-angle ideal>=raw holds on all locked oblique rows.,40+
